N,omega_str,omega,run_dir,ckpt_f,ckpt_bf,__summary_json,model_load_note,repgeom__note,ckpt__class,ckpt__state_dict__phi.0.bias,ckpt__state_dict__phi.0.weight,ckpt__state_dict__phi.2.bias,ckpt__state_dict__phi.2.weight,ckpt__state_dict__phi.4.bias,ckpt__state_dict__phi.4.weight,ckpt__state_dict__psi.0.bias,ckpt__state_dict__psi.0.weight,ckpt__state_dict__psi.2.bias,ckpt__state_dict__psi.2.weight,ckpt__state_dict__psi.4.bias,ckpt__state_dict__psi.4.weight,ckpt__state_dict__psi_norm.bias,ckpt__state_dict__psi_norm.weight,ckpt__state_dict__rho.0.bias,ckpt__state_dict__rho.0.weight,ckpt__state_dict__rho.2.bias,ckpt__state_dict__rho.2.weight,ckpt__state_dict__rho.4.bias,ckpt__state_dict__rho.4.weight,ckpt__state_dict__rho_norm.bias,ckpt__state_dict__rho_norm.weight,ckpt__type,device,repgeom_merge_note,timestamp_unix
12,1,1.0,../results/models/12p/w_10,../results/models/12p/w_10/f_netCTNN.pt,../results/models/12p/w_10/backflowCTNN.pt,../results/tables/newer/runs/N12_omega1/w_10.json,needs_MODEL_FACTORY_for_state_dict,model_load_failed,PINN,"tensor([-0.0552, -0.0283, -0.0551, -0.1159, -0.1061, -0.1085, -0.0364, -0.0300,
         0.0036, -0.0672, -0.1407, -0.1748, -0.0153, -0.0294, -0.0951,  0.0174,
        -0.0107, -0.0046, -0.0288, -0.0327, -0.0616,  0.0244, -0.1000,  0.0168,
        -0.0442, -0.0333, -0.1058, -0.0713, -0.0354, -0.0801,  0.1141, -0.0023,
        -0.0565, -0.0251,  0.0185, -0.2491, -0.0474, -0.0797, -0.1206, -0.1051,
        -0.0674, -0.0853, -0.1312,  0.1863, -0.0345, -0.0459, -0.1165, -0.1614,
        -0.1502, -0.1776,  0.0623, -0.0029, -0.0906, -0.1166, -0.0295, -0.0350,
        -0.0262, -0.1068, -0.0694, -0.0883, -0.0158, -0.0451, -0.0490,  0.0695,
        -0.0784, -0.1112, -0.1543, -0.0572, -0.0463,  0.0344,  0.0539, -0.0367,
        -0.0695, -0.0255, -0.0627, -0.0644, -0.1926, -0.0423, -0.1399, -0.0275,
        -0.0904, -0.0882, -0.0333, -0.0151,  0.0673, -0.0202, -0.0879, -0.0362,
        -0.0484,  0.0648, -0.0011, -0.0639, -0.0585, -0.0384, -0.1060, -0.1040,
        -0.0784, -0.0318, -0.1015, -0.0721, -0.0733, -0.0398, -0.0471, -0.0303,
        -0.0940, -0.1738,  0.1617, -0.0801, -0.0308, -0.0406,  0.1152, -0.0962,
        -0.1066, -0.1592, -0.0642,  0.0372, -0.0617, -0.1037, -0.0975,  0.1006,
        -0.0589, -0.1216, -0.2685, -0.1163, -0.0470, -0.0845,  0.0512, -0.0755],
       dtype=torch.float32)","tensor([[-9.9900e-02,  6.9096e-02],
        [-2.2409e-02, -5.5473e-02],
        [-1.9292e-01,  9.6498e-02],
        [ 9.1885e-02, -2.2833e-01],
        [ 7.6628e-02,  2.5165e-01],
        [ 3.0143e-01, -2.0446e-01],
        [ 1.3432e-01,  1.2440e-03],
        [-2.2155e-01, -2.7998e-01],
        [-1.2625e-01, -6.8363e-03],
        [-4.5132e-01,  4.0760e-02],
        [ 2.2204e-01, -1.5538e-01],
        [ 2.9134e-01,  1.2745e-01],
        [-1.0385e-01, -3.2937e-02],
        [ 1.4298e-01,  6.3348e-02],
        [ 1.8328e-02,  1.8575e-01],
        [ 1.4896e-01, -3.6747e-02],
        [-4.6464e-02, -3.0894e-01],
        [-2.6422e-02,  1.0307e-01],
        [-2.9054e-01,  9.4458e-02],
        [-4.6436e-02,  2.9441e-01],
        [ 1.8332e-01,  3.1624e-01],
        [ 1.4117e-02, -1.1082e-01],
        [-7.5889e-02,  1.8096e-01],
        [-1.9407e-01,  1.0558e-01],
        [ 5.9977e-02,  2.5127e-01],
        [ 2.2727e-02, -3.7219e-01],
        [ 1.9727e-01, -6.9803e-02],
        [ 1.5276e-02,  4.4314e-02],
        [ 7.4936e-02, -1.0174e-01],
        [-9.6849e-02, -1.6134e-01],
        [ 4.7592e-03, -2.9529e-04],
        [-2.4077e-03, -5.9870e-03],
        [-2.6394e-01,  4.6846e-02],
        [-3.4399e-01, -7.0694e-02],
        [-1.4327e-03,  1.1819e-01],
        [ 2.0010e-01,  2.2473e-01],
        [ 1.4727e-01,  1.4834e-01],
        [-1.8825e-01,  6.0529e-02],
        [ 1.6710e-01,  9.3593e-02],
        [ 1.0291e-02, -1.5415e-01],
        [ 8.1655e-02,  2.0863e-01],
        [ 2.7791e-01, -1.9443e-01],
        [-3.9228e-02, -1.2060e-01],
        [-2.2557e-02, -1.6554e-01],
        [-1.8482e-02,  2.5733e-01],
        [ 4.1187e-03, -3.7801e-02],
        [ 1.9432e-01, -1.0377e-01],
        [ 2.6572e-01,  2.3776e-03],
        [ 8.4499e-02, -9.7499e-03],
        [-3.3004e-02, -2.4578e-01],
        [-1.0824e-01, -9.8754e-02],
        [ 2.5927e-01,  2.2377e-01],
        [ 9.5181e-02, -4.8661e-02],
        [ 2.3846e-01, -3.0438e-01],
        [-3.1134e-01,  6.4199e-02],
        [ 2.0849e-01,  2.3021e-01],
        [-3.6097e-02,  1.3852e-01],
        [ 1.9828e-01,  2.2896e-02],
        [-1.4587e-02,  1.1802e-01],
        [-1.9099e-01, -8.4072e-02],
        [-5.9109e-02, -1.7350e-01],
        [ 1.2044e-01,  2.3669e-01],
        [ 2.7466e-01,  1.5793e-02],
        [-8.8806e-02, -8.4924e-03],
        [ 5.2402e-02, -5.8614e-02],
        [ 2.0229e-01,  1.9598e-01],
        [ 5.7257e-03, -1.3531e-02],
        [-1.7794e-01, -2.1198e-02],
        [ 1.9163e-01,  1.3256e-01],
        [-6.8857e-02,  1.3420e-01],
        [-8.8023e-03, -1.9217e-02],
        [-7.6941e-03, -1.0707e-01],
        [-5.0210e-02,  1.9238e-02],
        [ 1.2333e-01,  1.8431e-01],
        [-4.9975e-02,  1.2797e-02],
        [ 8.8070e-02, -4.6566e-03],
        [ 2.2552e-01, -2.8735e-01],
        [ 2.8609e-01,  2.0090e-01],
        [-1.2680e-02,  1.0675e-01],
        [-5.9349e-02,  2.7146e-01],
        [-3.3222e-01, -4.7231e-02],
        [-3.3528e-01, -1.9865e-01],
        [-6.5141e-02,  6.2095e-03],
        [-1.7064e-01,  2.6145e-01],
        [-9.1527e-02, -4.7168e-02],
        [-1.0099e-01,  5.5499e-02],
        [-3.9626e-02, -1.2974e-01],
        [-3.8079e-01, -9.7280e-02],
        [ 2.3250e-01,  1.9771e-01],
        [ 9.9464e-02,  1.1032e-02],
        [ 3.4116e-02, -1.4278e-01],
        [ 4.8979e-02,  1.8738e-01],
        [ 2.6484e-02,  1.1682e-01],
        [-2.2196e-01, -1.3348e-01],
        [ 6.0093e-02, -1.1772e-01],
        [ 3.1046e-01, -1.4724e-01],
        [ 8.8816e-02, -3.0619e-01],
        [ 1.3643e-01,  1.1750e-01],
        [ 1.6257e-01,  1.2199e-01],
        [-2.6098e-01, -1.3645e-01],
        [ 9.3457e-02, -2.9545e-01],
        [-6.9082e-02,  3.3221e-01],
        [-3.1243e-02,  2.6805e-02],
        [-1.6235e-01, -1.2850e-01],
        [-6.3406e-02, -2.1471e-02],
        [ 1.3158e-01, -4.1751e-02],
        [-1.5570e-02, -8.1103e-02],
        [-1.6723e-01, -1.3797e-01],
        [-1.0476e-01, -1.2785e-02],
        [-2.2072e-01,  4.7313e-02],
        [-2.2857e-02,  4.0513e-02],
        [ 1.4893e-01,  3.4169e-01],
        [ 2.1086e-01, -2.0154e-01],
        [ 3.6669e-01, -2.2167e-01],
        [ 1.9945e-01, -2.1983e-01],
        [ 6.3204e-02,  1.8631e-02],
        [-1.3409e-01,  6.2371e-03],
        [-1.0204e-01, -1.3731e-02],
        [ 2.6378e-03, -5.8904e-02],
        [ 6.2366e-03, -3.3257e-02],
        [ 2.0947e-01, -4.2796e-02],
        [ 1.5721e-01,  4.4156e-02],
        [-8.4379e-03, -3.2999e-01],
        [ 1.8870e-01,  4.5713e-02],
        [ 1.5384e-01, -2.9172e-02],
        [ 1.0746e-01, -3.7007e-01],
        [ 2.5270e-02, -8.8349e-02],
        [-1.0084e-01, -2.1991e-01]], dtype=torch.float32)","tensor([-1.2870e-02, -1.3574e-02,  5.9665e-02,  4.0853e-02, -2.5465e-02,
         1.0656e-01,  1.6282e-01,  2.6325e-02, -1.7761e-02,  1.6307e-02,
         5.0479e-02, -6.3770e-02, -5.9659e-02, -2.1391e-02,  5.4800e-02,
         1.2025e-01,  1.7701e-02,  1.0247e-01,  2.9190e-02, -2.0863e-03,
        -2.7761e-02, -1.1969e-02, -1.9352e-02,  1.5955e-02,  2.3063e-02,
         6.5000e-03, -1.3390e-02,  9.5926e-02,  3.3957e-02,  2.1286e-02,
         3.5659e-02, -3.9694e-02,  5.2687e-02, -1.2851e-02,  2.4163e-02,
         6.7756e-02, -5.8435e-02, -3.9590e-02, -5.9303e-02, -6.3669e-02,
        -1.2220e-02,  4.1152e-02,  6.1497e-03,  4.5804e-02,  5.3579e-02,
         1.6507e-05, -3.1483e-02, -4.6643e-03, -9.9435e-02, -1.2126e-01,
         1.6122e-03,  3.4376e-02,  5.1202e-02,  2.3528e-02, -2.5351e-02,
        -1.2119e-02, -4.7444e-03,  4.5461e-02,  8.6796e-03, -1.0632e-01,
         5.3128e-02,  8.2379e-02, -5.8166e-03,  6.7548e-02,  3.8147e-03,
         4.4462e-02,  6.5818e-02,  4.9335e-02,  2.8135e-02,  3.8799e-02,
         1.0487e-01,  7.6159e-02,  3.2600e-02, -3.3661e-02,  7.8210e-02,
        -5.8236e-02, -8.9006e-02, -1.8408e-02, -2.1555e-02, -4.8232e-02,
        -6.1678e-02,  2.1774e-02,  5.8534e-02, -1.1216e-02, -3.4277e-02,
         9.3988e-02,  1.2027e-02, -1.1047e-02, -9.6170e-03,  2.1753e-02,
        -6.6862e-03,  5.0345e-02, -5.2437e-02,  2.8124e-02, -3.8582e-02,
        -5.8970e-02,  3.0997e-02,  9.6121e-03, -1.9759e-02,  1.6703e-01,
         7.0817e-02,  4.0486e-02,  8.3086e-02, -1.4581e-02, -1.6280e-02,
         2.7485e-02, -4.4366e-02, -1.1084e-02, -3.2755e-04,  1.3018e-01,
        -1.8002e-03, -2.7451e-02,  3.8639e-02, -1.6460e-02,  2.0845e-02,
        -4.9649e-02,  1.5638e-02,  1.7341e-01, -4.5621e-03,  5.6184e-03,
         2.3951e-02, -2.9638e-02,  5.2673e-02,  3.4078e-02,  6.0809e-02,
         9.7583e-02, -4.5284e-03, -9.1164e-02], dtype=torch.float32)","tensor([[ 0.1411, -0.0105, -0.1609,  ..., -0.2812, -0.0214, -0.1784],
        [ 0.1632, -0.0504,  0.0197,  ...,  0.0244,  0.0940, -0.0204],
        [ 0.1056,  0.0621, -0.1281,  ..., -0.0218, -0.0272,  0.0703],
        ...,
        [-0.3474, -0.2392, -0.3562,  ..., -0.3522, -0.2247, -0.5589],
        [-0.2496,  0.0914, -0.0146,  ...,  0.1884, -0.0910,  0.1477],
        [ 0.4596, -0.0236,  0.3780,  ..., -0.0568, -0.6318, -0.0610]],
       dtype=torch.float32)","tensor([ 0.0283,  0.0589, -0.0301, -0.0764,  0.0148], dtype=torch.float32)","tensor([[-4.3248e-02, -2.3382e-01,  1.6520e-01, -2.1750e-01,  1.6780e-01,
          5.1536e-02, -3.1697e-02,  6.5259e-02,  2.2696e-01,  1.2381e-01,
          2.5071e-01, -9.5071e-02, -2.9511e-01,  2.8683e-02, -1.1029e-01,
          2.1094e-02, -4.2343e-02,  5.8935e-02, -1.4628e-01, -1.3129e-01,
          7.1891e-02,  5.4037e-02,  1.9227e-01,  3.6072e-01,  2.9339e-01,
         -1.9679e-01, -2.6576e-01,  9.3996e-02,  5.2179e-02, -6.2579e-02,
         -5.4578e-02, -1.9054e-01,  2.6764e-03,  2.1367e-01,  1.5853e-01,
          2.3629e-01, -3.4749e-01,  3.9018e-02,  2.2436e-03, -2.7285e-01,
         -1.7110e-01, -1.7959e-01, -2.6299e-01,  6.6845e-02, -1.8615e-01,
          1.4063e-01, -4.3333e-01,  1.1293e-01, -1.5441e-01, -2.0267e-01,
         -1.6928e-01, -9.9383e-02,  1.3663e-01, -2.6233e-01, -2.2731e-01,
          7.9973e-02,  1.0585e-01, -2.3925e-01,  1.1321e-01, -3.1399e-01,
          1.4611e-01, -5.0481e-02, -1.0256e-01,  1.0317e-01, -2.3196e-01,
          9.1537e-02,  1.2983e-01, -2.3479e-02, -2.4280e-01,  1.4451e-01,
         -8.3988e-02,  3.1965e-01,  2.3715e-01,  8.5719e-03,  1.8349e-01,
          1.0723e-02,  6.8477e-02,  2.7320e-01,  1.7718e-01,  3.7337e-02,
         -1.9443e-02, -2.0358e-01, -1.0174e-01,  1.4386e-01,  1.1388e-01,
          1.7003e-01,  8.8222e-02, -1.6686e-01, -2.9643e-02,  2.6779e-01,
          5.0947e-02, -6.2325e-02, -2.7246e-01,  1.2782e-01, -1.3094e-01,
          1.3586e-01, -1.1534e-01, -7.1361e-02, -3.7610e-02, -6.7903e-03,
          1.2929e-01,  2.4286e-01,  2.7243e-01, -1.3111e-01, -2.0950e-01,
         -4.5334e-02, -7.5499e-02,  1.3334e-01,  2.1603e-01, -6.3448e-02,
          3.4114e-02,  1.6321e-01,  3.0665e-02,  3.3068e-01,  1.4595e-02,
         -9.3511e-02, -1.0171e-02, -9.6942e-02,  3.2697e-01, -8.3565e-02,
          6.2040e-02,  1.6076e-01,  1.0550e-02, -1.4751e-01, -3.6786e-02,
         -2.5590e-02,  7.9403e-02, -2.1294e-01],
        [ 1.1909e-01, -2.3522e-02,  6.8842e-02,  1.6733e-01,  2.1703e-02,
          5.7509e-02,  1.2119e-01,  2.2640e-01, -2.2335e-01, -4.3725e-02,
         -1.8050e-01, -9.1103e-02, -2.6243e-02, -4.0540e-04,  1.0132e-01,
         -1.4682e-02, -8.9766e-02,  1.4796e-02, -2.6827e-01,  1.1250e-04,
         -2.2079e-01,  4.5536e-03, -1.9403e-01, -8.3670e-02,  1.1063e-01,
         -1.1045e-01,  4.3328e-02, -2.5069e-02,  1.5175e-01,  1.2231e-02,
          1.4693e-01, -4.8779e-03,  1.6269e-01, -2.5960e-02,  1.4739e-02,
          1.5572e-01, -5.9196e-02,  1.8208e-02,  1.0594e-01, -2.6027e-02,
          3.9395e-02,  2.0283e-01,  2.2259e-01,  9.6856e-02,  6.1284e-02,
         -1.0492e-01,  3.1885e-02,  3.9147e-02,  2.6378e-02,  1.6233e-01,
         -8.2227e-03,  1.3850e-01,  3.4863e-02,  3.1933e-01, -4.5757e-02,
          2.7275e-01, -7.0081e-02,  1.3524e-01,  1.4238e-02,  1.2189e-01,
         -1.1374e-01,  1.0951e-01, -4.3823e-02,  7.4293e-02,  1.3219e-01,
          1.4791e-01,  8.3031e-02, -1.7096e-01, -7.8023e-02,  1.1535e-01,
          2.0142e-01, -9.0193e-02, -8.4062e-02, -4.7895e-03, -4.1780e-02,
         -5.6120e-03, -5.9086e-02, -1.5833e-01, -1.5633e-02,  1.3581e-01,
         -3.8927e-02,  1.0591e-02,  9.1211e-02,  3.3716e-02, -1.3546e-02,
          8.7940e-02,  2.5631e-01, -4.9761e-02, -2.9379e-02, -9.5289e-02,
         -3.8807e-02, -7.5279e-03, -1.7856e-01, -3.9426e-02, -1.0632e-01,
         -2.2159e-02, -2.7465e-02,  6.8799e-02, -7.9122e-02,  1.9585e-01,
          1.2021e-01,  5.4279e-02,  6.3652e-02, -1.5129e-01, -2.4320e-01,
          1.6972e-01,  7.0212e-02,  3.6767e-02, -1.9218e-01,  4.6194e-02,
          1.2643e-01,  1.1671e-01,  2.3263e-01, -8.6682e-02,  1.6635e-01,
         -1.1802e-01,  1.6424e-01,  2.4627e-01,  4.7968e-02, -1.2226e-01,
         -9.2246e-02, -4.5141e-02, -2.5517e-02, -2.8726e-02, -1.9053e-02,
         -5.9671e-02,  5.2958e-02, -1.2111e-01],
        [ 7.8203e-02,  1.9867e-02, -1.6143e-02, -1.0528e-01,  1.0152e-01,
          1.0055e-01,  1.4241e-01,  2.4138e-03,  1.7443e-01, -3.3436e-02,
         -1.1962e-01,  1.5523e-01,  1.9339e-02,  4.4666e-02,  3.7232e-01,
         -1.8229e-02, -7.8393e-02,  1.2480e-01, -5.4002e-02, -1.6948e-01,
          1.3577e-01,  4.5109e-02, -7.4363e-02,  7.8937e-02,  9.5952e-02,
         -1.4284e-01,  1.8946e-03, -3.4646e-02, -9.5874e-02,  6.1212e-02,
          1.1775e-01,  3.5381e-02, -4.8853e-02,  5.6957e-02, -1.0620e-03,
          8.9037e-03, -9.9848e-02,  3.7861e-01,  1.8136e-01, -1.4446e-02,
         -5.1187e-02,  4.6012e-02,  2.2235e-01, -2.2057e-01, -1.1990e-02,
         -5.0009e-02, -7.0738e-02,  1.4265e-01,  9.8250e-02, -1.0667e-01,
         -3.2292e-03, -3.0543e-01,  6.8712e-01, -1.4005e-02,  1.0953e-01,
          3.7522e-01, -5.8836e-02, -8.5061e-02,  1.8191e-01,  1.4034e-01,
         -4.2075e-02,  1.7043e-01,  2.9373e-01, -1.3867e-01, -8.0330e-02,
         -1.5204e-01,  2.3490e-01,  1.2300e-01, -3.7218e-02,  5.8859e-03,
          1.1662e-01, -9.2375e-02,  2.0189e-01,  5.4336e-02,  1.4407e-02,
          1.9029e-01, -1.7094e-01,  3.9851e-02, -2.6100e-02, -1.0087e-01,
         -2.6824e-02, -1.6468e-02, -1.6061e-01,  1.7792e-01,  2.3203e-01,
         -8.9886e-02,  1.2286e-01,  3.3891e-01,  3.4905e-01, -4.3614e-02,
          8.8323e-02, -2.7191e-02,  2.1328e-01, -5.6454e-02, -5.8367e-02,
          8.0494e-02,  2.0184e-01, -9.5177e-02,  3.7794e-02,  1.2442e-01,
         -2.6680e-01, -1.6138e-03,  3.1415e-02, -2.7616e-01,  2.2966e-01,
          1.7422e-02,  4.5486e-02,  7.3661e-02,  5.1342e-02,  8.5491e-02,
          3.9542e-02,  1.1359e-01,  1.3291e-02,  3.5013e-01, -1.8082e-01,
         -8.6012e-02,  3.2136e-02,  2.0639e-01,  5.3627e-01, -1.4439e-01,
          7.8534e-02,  3.1888e-02,  1.2934e-02, -2.5018e-01, -2.4655e-02,
          1.4881e-01, -2.6532e-02,  3.9163e-02],
        [ 2.2933e-02, -1.8437e-01,  3.0635e-01, -7.1253e-02, -1.5333e-01,
         -2.0397e-01, -2.3416e-01, -2.8245e-01,  9.1976e-02,  8.3129e-02,
         -1.5182e-01,  2.5153e-02,  6.9976e-03,  1.3141e-01,  5.8345e-02,
         -5.6017e-02, -9.9538e-02, -8.9840e-02,  8.3199e-02,  3.0939e-02,
          7.1844e-02, -8.8114e-02,  5.7409e-02,  8.1307e-02,  2.5488e-02,
          8.1579e-02,  2.1194e-01, -1.6983e-01,  8.7913e-03,  1.2506e-01,
          1.0146e-01, -1.3459e-01,  2.5885e-01,  1.9035e-02,  8.6884e-02,
          1.1978e-01,  3.2773e-02,  1.0700e-01,  7.7835e-02, -6.1698e-03,
         -1.1695e-01,  1.4486e-01,  2.2884e-01, -1.8530e-01, -3.2950e-01,
          1.1144e-01, -6.4658e-02, -1.0530e-01, -2.4245e-02,  1.4249e-01,
         -1.8633e-01, -4.9919e-02,  1.4559e-01, -6.6230e-02,  1.3949e-01,
         -1.8862e-02,  1.4480e-01, -1.2296e-01, -4.4342e-02,  1.3734e-01,
          3.1099e-01, -7.0069e-02, -2.7670e-01,  4.7545e-02, -1.3579e-01,
         -1.8039e-01,  1.7759e-01,  1.7240e-01, -8.4103e-02,  6.3616e-02,
          9.1659e-02, -8.9441e-02, -2.6787e-02,  6.8854e-02, -2.3179e-01,
         -9.7293e-02,  7.5895e-02, -8.5708e-03,  2.7888e-01,  8.7813e-02,
          4.6482e-02, -1.0181e-01,  2.5616e-01, -1.8560e-01,  9.2943e-02,
         -6.8184e-02,  3.2370e-03,  2.5478e-01,  2.5666e-01,  1.3222e-01,
          2.8350e-02,  9.5812e-02,  2.1981e-01,  3.2378e-02, -3.2317e-02,
          4.8634e-02,  1.2560e-01,  4.6855e-02, -1.7791e-01, -1.0980e-01,
          3.7376e-01,  2.1234e-01, -2.4258e-01, -7.8609e-02, -2.5599e-01,
          2.9716e-02,  4.8461e-02,  2.6140e-02, -3.5406e-02, -9.0994e-02,
         -2.5860e-02, -5.6251e-02,  5.8912e-02,  2.4355e-01,  1.7526e-01,
          5.5015e-02,  2.0469e-02, -1.7930e-01,  2.2500e-01, -1.9835e-01,
          3.7287e-02, -1.1786e-01, -4.5665e-03,  3.2755e-02,  1.3420e-01,
         -1.0095e-01,  2.2837e-03,  3.3922e-02],
        [-6.7610e-02,  1.2204e-01,  1.5968e-01, -6.9268e-03, -5.4603e-02,
          7.1276e-02,  1.5983e-01, -1.6606e-01,  9.5113e-03,  9.1304e-02,
         -2.0167e-02, -1.5840e-02, -8.7556e-02, -1.0381e-01,  2.1023e-01,
          6.5354e-02,  1.5830e-01, -5.6032e-02,  1.2933e-01,  7.4579e-03,
         -2.2534e-01, -1.6911e-01, -8.3853e-02,  2.8862e-02,  6.5391e-02,
          8.5313e-02,  1.5027e-02, -1.7403e-02, -4.9992e-03,  2.2489e-01,
          9.1986e-02, -3.7474e-02,  2.2792e-01, -1.6168e-01,  4.1945e-02,
          1.2669e-01, -3.3359e-01, -6.1399e-02, -1.4846e-01, -6.3378e-02,
          2.5347e-01, -7.2367e-02,  5.1213e-02,  5.8961e-02, -1.1712e-02,
         -1.2116e-01, -2.3438e-01, -2.2895e-01, -6.6565e-02, -2.1078e-01,
          7.1012e-02,  4.7803e-02,  1.9270e-01,  1.1406e-01,  1.7417e-01,
         -1.0878e-03, -1.2280e-01,  1.8294e-01, -1.2496e-01, -1.3704e-01,
          1.1807e-01, -4.0650e-04, -5.3262e-02,  7.4158e-02, -2.7133e-02,
         -7.4053e-02,  2.2207e-01, -6.3608e-04,  5.8523e-02,  7.6228e-02,
          1.9743e-01,  1.1150e-01,  2.9806e-01, -3.6034e-01, -2.3871e-02,
         -7.2131e-02,  4.6133e-02, -1.2728e-01, -1.9325e-01, -1.2695e-01,
         -1.1291e-01,  3.4146e-01,  9.9505e-03,  3.9028e-02, -1.5681e-01,
          8.8460e-02, -4.7626e-02,  8.8121e-02,  1.3758e-01, -7.4726e-02,
          9.2452e-02,  1.8625e-01,  1.7316e-01, -4.3248e-03, -5.4830e-02,
         -3.6794e-02,  1.9563e-01, -4.3014e-02, -8.4113e-02, -4.7670e-02,
         -3.6843e-02,  2.3394e-01,  3.2273e-02, -1.4195e-02, -2.6383e-02,
         -4.0079e-02, -1.4016e-02, -1.0025e-01, -9.0484e-03,  1.8926e-01,
          9.3073e-02, -1.4942e-01,  2.2420e-01, -7.7029e-02, -1.4428e-01,
          1.3579e-03, -9.3071e-02, -2.4275e-02,  1.6411e-01,  1.3427e-01,
          8.7402e-02, -1.3831e-01,  1.9449e-01,  2.2869e-01,  1.5938e-01,
         -7.8283e-02,  1.1599e-01,  8.5327e-02]], dtype=torch.float32)","tensor([ 0.1373,  0.1262, -0.0202,  0.0443, -0.0670,  0.0589,  0.1006,  0.1005,
        -0.0845, -0.0067,  0.0953,  0.0364, -0.1257, -0.0142,  0.0410,  0.0219,
        -0.0413, -0.0983,  0.0361,  0.0840, -0.0114, -0.0070,  0.0642, -0.0229,
        -0.0671,  0.0513, -0.0025, -0.0282,  0.0820,  0.0140, -0.1162,  0.0893,
        -0.0189, -0.0603, -0.0480,  0.0450,  0.0865, -0.0700,  0.0746,  0.0293,
        -0.1032, -0.0790,  0.1278,  0.1370, -0.0635,  0.0442, -0.0797,  0.1477,
        -0.0658, -0.0671, -0.1083, -0.0446, -0.0440, -0.1019,  0.0547,  0.0133,
         0.0164,  0.1128, -0.0489,  0.0198,  0.0241,  0.2069,  0.1299, -0.0247,
        -0.0531, -0.0972,  0.1435,  0.0752, -0.1263, -0.0229,  0.3473, -0.0356,
        -0.0538, -0.0281,  0.0258,  0.0314, -0.0367,  0.1169,  0.0537,  0.0834,
        -0.0290,  0.0416,  0.0222,  0.1378,  0.0582,  0.0072, -0.0502,  0.0622,
         0.0573, -0.0485, -0.0155, -0.1405,  0.0540, -0.1912,  0.0443,  0.1394,
        -0.0517, -0.0225,  0.0589, -0.0391, -0.0580, -0.0376, -0.0227,  0.0336,
        -0.0410, -0.0308, -0.0557,  0.0739,  0.0775, -0.0063, -0.1269, -0.1064,
        -0.1372, -0.0432,  0.1349,  0.0517, -0.1915,  0.0251,  0.0122, -0.0299,
         0.1311,  0.0609,  0.0863, -0.1224, -0.0121,  0.0873, -0.1496, -0.0404],
       dtype=torch.float32)","tensor([[-5.8882e-02, -9.7088e-03,  1.0964e+00,  5.3376e-01, -5.7593e-01,
         -8.2954e-02],
        [-7.8057e-02,  2.1588e-01,  5.4316e-01,  3.0239e-01, -1.1923e+00,
          1.6516e-01],
        [ 3.4927e-01, -1.2324e-01,  2.0764e-02,  9.2514e-03,  1.6346e-02,
          1.2761e-01],
        [-8.5604e-02, -2.3725e-02,  7.1225e-01,  2.1388e-01, -4.6359e-01,
         -5.1084e-02],
        [ 4.5659e-02, -5.2849e-02,  2.0037e-02, -1.7528e-01, -2.0897e-02,
          3.2494e-03],
        [ 1.5055e-01,  3.3633e-01, -1.3216e-01,  1.1898e-01,  2.1754e-01,
          2.9741e-01],
        [-7.3534e-02,  1.1787e-01,  7.5163e-02,  4.2915e-01, -4.9782e-01,
          3.0160e-01],
        [ 6.2978e-02,  1.2996e-01,  5.0029e-01,  2.5116e-01, -7.3532e-01,
          1.2113e-01],
        [-1.3000e-01, -4.2192e-02, -1.3560e-01, -4.0179e-01, -1.8396e-01,
         -9.2610e-02],
        [ 1.1145e-01, -3.7387e-02, -1.2712e-01, -1.7963e-01,  2.6959e-01,
         -2.1992e-01],
        [-1.0903e-01,  7.1069e-02, -8.6078e-01,  2.2899e-01, -8.5426e-01,
         -2.3240e-01],
        [-1.1654e-01,  2.1327e-01,  3.9534e-01,  2.3880e-02, -5.7467e-01,
          1.2889e-01],
        [-9.5221e-02, -2.3746e-01, -2.7698e-02, -2.6692e-01, -5.8492e-01,
         -1.1810e-01],
        [ 1.0049e-01, -5.5811e-02,  4.6506e-01, -1.0616e-01,  9.1739e-02,
          1.0031e-01],
        [-1.3934e-01,  1.8621e-02, -1.0172e+00,  1.5606e-01, -2.0018e-01,
         -1.5036e-01],
        [ 4.7122e-02,  3.5531e-02,  3.8774e-01, -3.3954e-01,  3.4643e-02,
          2.7147e-02],
        [ 5.5576e-02, -1.4303e-01,  1.7799e-01, -1.4710e-01,  5.9916e-02,
         -1.3223e-01],
        [ 1.3359e-01, -7.8969e-02, -6.7072e-01, -1.8827e-01,  3.0447e-01,
         -2.4749e-01],
        [-2.6095e-01,  2.1947e-01, -1.3258e+00,  9.7231e-01, -1.5721e-01,
         -2.4743e-01],
        [-2.6022e-01, -3.2328e-02, -8.1795e-01,  7.5458e-01, -7.9721e-01,
         -3.2027e-02],
        [ 2.6105e-01, -2.5395e-02, -6.9071e-02, -5.8932e-02,  1.7886e-01,
          1.4103e-01],
        [-1.2294e-01,  9.7904e-02, -3.6482e-01,  7.8428e-02, -3.8608e-01,
         -9.9989e-02],
        [-1.0028e-01,  3.3642e-01, -2.1329e-01,  2.8695e-01, -6.9138e-01,
          1.4427e-01],
        [ 2.2388e-01,  8.6908e-02, -1.1862e-01,  7.6345e-02, -2.7491e-03,
         -2.6227e-01],
        [ 1.8513e-01,  1.0869e-02, -1.9200e-01,  4.5085e-02,  4.1927e-01,
         -2.6869e-01],
        [ 6.3710e-02,  2.0616e-01,  1.2561e-01,  4.7870e-01, -5.0006e-01,
          2.5599e-01],
        [ 1.4218e-01, -1.6155e-01,  7.4680e-02, -3.1450e-01,  1.3884e-01,
         -1.5558e-02],
        [-1.5873e-01, -1.0669e-01, -2.3346e-01, -2.4832e-02, -1.3769e-01,
         -4.0439e-01],
        [ 1.4808e-01,  1.3832e-01,  1.1974e-01,  3.9669e-01, -3.2647e-02,
          3.9940e-01],
        [ 1.3733e-01,  2.2772e-01,  2.4554e-01,  9.2553e-02,  3.2762e-01,
          1.7070e-01],
        [ 1.1883e-01, -1.5912e-01,  2.3095e-01, -1.2359e-01,  3.5467e-01,
         -4.0889e-01],
        [-2.0504e-02,  1.4100e-01, -8.9513e-04,  1.7929e-01, -7.7037e-02,
         -1.6635e-01],
        [ 1.3543e-01, -8.5175e-02, -2.2548e-02, -9.4779e-02,  1.9594e-01,
         -1.9451e-01],
        [-3.3142e-02, -1.1247e-01,  2.0089e-01, -5.3222e-01, -5.7367e-01,
          1.7304e-02],
        [ 7.6976e-02, -2.3003e-01, -6.0266e-02, -2.1877e-01, -3.6800e-01,
          1.7203e-01],
        [ 8.6314e-02,  1.1005e-01,  1.4850e+00, -1.0865e-02,  5.3265e-01,
         -1.4398e-01],
        [-8.4130e-02,  1.9064e-01,  3.2921e+00,  1.9642e-01, -3.4631e-01,
         -3.2760e-01],
        [ 1.3818e-01, -1.2702e-01, -1.6947e-01, -1.3361e-01,  5.1866e-01,
         -2.7269e-01],
        [-4.9631e-02,  8.3797e-02, -3.0338e-01,  2.6086e-01, -3.5621e-01,
         -2.5182e-02],
        [-9.4789e-02,  9.2539e-02, -5.3272e-01,  1.5557e-01, -4.2349e-01,
          1.0550e-01],
        [ 1.5195e-01,  6.1721e-02, -3.5481e-02, -5.4968e-02, -7.9232e-02,
         -1.5986e-02],
        [ 9.7575e-02,  3.6822e-02,  1.0559e-01, -3.6838e-01,  3.3093e-01,
         -3.1684e-02],
        [-1.7773e-01, -3.5092e-01,  5.0756e-02,  6.0487e-01, -2.2682e+00,
          6.7413e-02],
        [-1.3024e-01,  2.5160e-01, -3.2216e-01,  6.5379e-01, -1.4616e-01,
         -3.8572e-01],
        [ 7.7312e-02, -1.2580e-01, -7.0240e-02, -2.1925e-01, -9.4243e-02,
         -2.2156e-01],
        [-6.2633e-02,  6.0243e-02, -4.4090e-01,  2.0930e-01, -5.1127e-01,
          1.4598e-01],
        [ 6.3627e-02,  1.6410e-02,  2.3638e-01, -5.7229e-01, -1.2893e-01,
          1.2775e-01],
        [ 8.0703e-02,  4.4823e-01, -9.5452e-02,  7.5670e-01, -2.6940e-01,
          3.0000e-01],
        [-1.7903e-01, -1.5074e-02, -3.4858e-01,  3.5968e-01, -2.7324e-01,
         -2.5451e-01],
        [ 3.6578e-02, -1.1820e-02, -6.8574e-02, -5.4904e-01,  4.4996e-01,
          2.1631e-01],
        [-1.1911e-01,  2.6165e-02,  6.7967e-02, -2.2995e-01, -3.6063e-01,
          1.5557e-01],
        [ 2.3876e-01, -1.6765e-01,  7.5912e-01, -7.8811e-02,  2.3980e-01,
         -6.7159e-02],
        [ 7.5454e-02, -2.1709e-01,  2.6288e-02, -1.2030e-01, -5.7453e-01,
          1.9310e-01],
        [ 6.6949e-02, -2.3392e-01,  7.1281e-02, -1.6183e-01,  1.7132e-02,
          2.4897e-02],
        [-8.5692e-02, -1.9015e-02, -2.2739e-02,  3.0001e-01, -6.8025e-01,
          1.1675e-01],
        [ 1.4204e-01, -2.0039e-01, -7.2826e-02, -4.1391e-02, -7.6775e-02,
         -2.7524e-01],
        [ 1.5786e-01,  1.0843e-01, -2.1922e-01,  1.7143e-01,  1.3125e-01,
         -9.1149e-02],
        [-6.4405e-02,  1.9934e-01, -7.3831e-01,  3.6970e-01,  2.7876e-01,
         -7.9942e-02],
        [-1.1266e-01, -1.6629e-01,  2.1075e-01, -2.4111e-01, -9.3578e-01,
         -1.4111e-01],
        [-1.7392e-01, -2.6389e-02,  8.7616e-01,  5.2244e-01, -8.2145e-01,
         -1.2791e-01],
        [ 1.5814e-01,  6.0202e-02,  7.9914e-02, -5.3388e-02,  6.2402e-02,
          3.1045e-01],
        [-1.4903e-01,  2.6153e-01,  9.0603e-02,  5.9722e-01, -5.7452e-01,
         -3.1137e-02],
        [-6.6251e-02,  2.3270e-01, -2.2254e-01,  3.9259e-01,  1.0245e-01,
         -3.9286e-01],
        [ 1.3107e-01, -7.3227e-02, -9.6404e-02, -1.8495e-01, -1.5191e-01,
         -2.6435e-01],
        [-1.0628e-01, -2.2500e-01,  6.6218e-01, -2.0848e-01, -1.9821e-01,
         -4.8842e-01],
        [-1.4594e-01, -4.7905e-02, -4.1606e-01,  7.2234e-02, -2.8017e-01,
         -1.6900e-02],
        [-2.9576e-01,  2.6070e-01, -8.6654e-02,  8.5178e-01, -9.9196e-02,
         -2.5137e-01],
        [ 4.6369e-02,  6.1522e-02,  1.8253e-01,  2.4079e-01,  1.0244e-01,
          5.0813e-02],
        [ 2.4526e-02, -1.0218e-01, -6.7599e-02, -2.9966e-01, -2.7847e-01,
         -1.3083e-01],
        [-1.8326e-01,  1.3961e-01, -1.8752e-01, -2.0778e-02, -4.7342e-01,
         -7.1901e-02],
        [ 4.0856e-03,  4.0851e-01, -5.4914e-01,  5.7312e-02, -1.0105e-01,
          3.2216e-01],
        [ 2.0921e-01, -1.9879e-01,  4.3118e-02, -1.5987e-01,  1.4056e-02,
         -3.7303e-01],
        [ 8.7055e-02, -2.3459e-01,  6.9734e-02, -1.7345e-01, -2.7798e-01,
          3.1686e-01],
        [-1.2858e-01, -1.7045e-01, -3.7860e-01, -4.8915e-02,  1.2106e-03,
         -1.8461e-01],
        [ 1.8014e-01,  3.6099e-03,  2.8867e-02,  1.6300e-01,  2.5238e-01,
          2.0330e-01],
        [-1.2347e-01,  2.6650e-01, -5.2854e-02, -1.1515e-02, -4.3932e-01,
          4.9995e-02],
        [ 2.3753e-01, -3.6888e-01, -1.4038e+00,  1.0743e-02,  1.3540e-01,
         -1.2065e-01],
        [-4.7194e-02,  8.3923e-03,  2.6295e-01,  4.5750e-01, -6.0234e-01,
          2.6866e-01],
        [-2.8229e-02,  2.4508e-01,  4.3726e-01,  2.2604e-01,  7.7659e-02,
          6.7889e-02],
        [-1.1171e-01,  3.3529e-01, -4.8391e-02,  1.0595e-01,  2.1131e-01,
          6.7788e-02],
        [ 8.4915e-02, -5.2627e-02, -1.5255e-02, -1.9574e-01, -6.5133e-02,
          2.5557e-01],
        [ 1.8740e-01,  2.3092e-01, -1.4806e-01, -2.3285e-02,  3.9811e-01,
          1.0875e-01],
        [ 1.3553e-01, -6.6763e-02,  4.4141e-02,  9.1135e-02,  1.6514e-01,
         -1.6139e-01],
        [-9.5781e-02, -1.1905e-01, -7.3257e-01,  2.5577e-02, -4.5957e-01,
         -1.3461e-01],
        [ 7.9833e-02,  1.6498e-01,  2.5421e-01,  5.2089e-02,  6.6831e-01,
          1.6068e-01],
        [-9.7172e-02, -6.9549e-02, -2.2631e-01, -8.5477e-02,  8.7957e-02,
         -1.1042e-01],
        [ 2.3754e-01, -1.3134e-01, -1.0575e-01, -1.4497e-02,  1.6321e-01,
         -1.5437e-02],
        [-6.7432e-02, -1.8493e-01, -3.7661e-01,  2.5998e-01, -2.3184e-01,
         -1.2775e-01],
        [ 1.5095e-01,  1.5196e-01,  2.0494e-01,  5.3290e-01,  2.5505e-01,
          5.1403e-02],
        [ 6.8940e-02, -1.1456e-01,  1.9190e-01, -1.7875e-01, -9.4416e-02,
         -5.9994e-02],
        [ 1.2089e-01, -2.7427e-01,  8.8968e-02, -1.0642e-01, -8.9479e-02,
          2.0282e-01],
        [ 6.9914e-02, -2.0206e-01,  3.8744e-01, -7.8766e-01, -3.8449e-01,
          1.2953e-01],
        [-2.5177e-02,  1.4367e-01,  1.0949e+00,  4.3940e-02, -5.7659e-01,
          1.5960e-02],
        [ 2.7587e-01, -4.9891e-02,  1.0403e+00, -1.6722e-01,  5.0506e-02,
          2.7456e-02],
        [ 1.0661e-01,  1.6545e-01,  5.0668e-03, -2.0303e-01,  4.0694e-01,
          2.3930e-01],
        [-2.4988e-01, -3.4968e-02, -6.6744e-01,  1.0758e+00,  7.2206e-01,
         -5.1741e-01],
        [ 2.4074e-01, -3.5912e-01, -6.9391e-01, -3.4149e-01, -4.7534e-02,
         -1.6811e-01],
        [ 1.9288e-01, -2.0886e-01,  2.8903e-01, -1.9014e-01, -4.2980e-02,
         -2.1021e-01],
        [-2.0701e-02,  1.2556e-01,  3.0728e-01,  5.2780e-01, -5.5044e-01,
          1.6089e-01],
        [-5.0336e-02,  2.1816e-02, -1.2366e-01, -1.7254e-01,  2.3258e-01,
         -3.3298e-01],
        [ 7.4408e-02, -2.0703e-01, -7.8119e-02, -1.7698e-01, -4.6706e-01,
          8.3776e-02],
        [ 2.3382e-01, -5.6618e-02,  1.2901e-02,  1.4465e-01,  3.3314e-01,
          1.3022e-01],
        [-1.4934e-01, -8.4430e-02, -9.2112e-02, -5.3393e-02, -2.6854e-01,
         -3.2300e-01],
        [-1.8230e-01,  2.5827e-01,  6.2519e-01,  1.3868e-01, -5.6616e-01,
         -7.3444e-02],
        [ 9.0453e-02, -2.0841e-01, -4.9839e-02, -3.8201e-01, -1.6090e-01,
          2.7632e-02],
        [ 1.2891e-01, -1.6376e-01, -1.5759e-01, -1.0006e-01,  1.6139e-01,
         -4.2703e-02],
        [-1.1967e-01, -1.2107e-01, -3.2994e-01,  1.0044e-02, -1.6094e+00,
         -9.0267e-02],
        [-1.0586e-01,  1.0216e-01,  2.4101e-01,  7.2386e-02, -9.6398e-02,
         -1.4087e-01],
        [ 2.2804e-01,  2.4165e-01, -3.4588e-02,  8.0113e-02,  4.7260e-01,
          1.1344e-01],
        [ 1.4344e-01, -1.3551e-01, -3.4827e-01, -1.8967e-01,  3.7812e-01,
         -4.4782e-02],
        [ 4.0234e-02,  2.0044e-01,  5.7790e-01, -6.1725e-01, -1.3991e-01,
          2.0292e-01],
        [ 9.9582e-02, -1.1056e-01,  3.0478e-01, -5.2854e-01, -1.7742e-01,
          1.5625e-01],
        [-1.0502e-01, -1.1417e-02,  2.6794e-01, -1.3058e-01, -1.0197e+00,
          1.9343e-02],
        [ 1.6397e-01, -7.1886e-02, -2.0490e-01, -1.3558e-01,  1.4818e-01,
         -1.4646e-01],
        [-3.0917e-01,  1.5896e-01, -5.4236e-01,  6.6820e-01,  7.7096e-01,
         -7.3584e-01],
        [ 1.6438e-01,  3.1911e-01,  5.3562e-01,  2.2262e-02, -1.0696e-01,
          2.2390e-01],
        [-5.2703e-02, -3.4620e-01, -2.9513e-01, -9.7867e-02, -4.6913e-01,
         -1.8409e-01],
        [-2.6387e-01,  1.2847e-01,  2.6094e-01,  9.8238e-01, -2.2927e+00,
          1.0242e-01],
        [ 1.1740e-01,  9.9099e-02, -1.6812e-01,  3.3550e-03,  4.3499e-01,
         -9.0634e-02],
        [ 6.3614e-02, -1.5702e-01, -3.6198e-01, -1.7687e-01,  1.2590e-01,
          1.4577e-01],
        [-1.4147e-03,  1.5438e-01,  2.9270e-01,  2.9835e-01, -4.7859e-01,
         -8.1562e-02],
        [-5.0939e-02, -1.2709e-01, -4.2602e-01,  5.5049e-02, -2.8441e-01,
          6.1348e-02],
        [-5.5988e-02,  1.8886e-01, -5.9900e-01,  2.9842e-01,  6.7395e-04,
         -6.4039e-02],
        [-1.0731e-01, -2.0801e-01, -4.0504e-01, -4.9024e-02, -3.1259e-01,
          1.0000e-01],
        [ 1.1712e-01, -1.0459e-01, -2.3275e-02, -1.7101e-01,  2.2913e-01,
          1.9543e-01],
        [ 1.1046e-01,  2.9600e-01, -3.7013e-01,  4.9599e-01,  8.1002e-01,
          3.6544e-02],
        [-9.8252e-02, -2.5214e-01, -4.5506e-01, -2.7519e-02, -2.6652e-01,
         -8.3398e-02],
        [ 1.4050e-01, -1.8239e-01,  1.5974e-01, -5.2521e-02,  1.7979e-01,
         -8.5133e-02]], dtype=torch.float32)","tensor([ 4.1658e-02, -1.7271e-02, -4.1125e-02,  3.1405e-02, -8.7204e-03,
         4.7006e-02,  1.4271e-02, -1.5026e-02,  2.3027e-02, -1.3161e-01,
        -1.2549e-02,  1.4521e-02,  4.9332e-01,  3.5349e-03, -7.5822e-02,
         4.6934e-02,  5.1890e-04,  2.4676e-02,  1.1671e-01, -8.2952e-02,
        -1.5832e-02, -6.6796e-04, -3.1726e-02,  6.3957e-02,  2.1467e-02,
         5.7950e-02, -1.9603e-02,  4.2083e-02,  8.3427e-02,  4.1207e-03,
         2.8547e-02,  3.7650e-02,  5.3851e-03, -1.0658e-02,  9.1848e-03,
         5.8158e-03,  3.0223e-01,  6.0297e-02, -5.6902e-03,  8.0923e-02,
        -4.0608e-02, -3.4413e-02,  6.5357e-02,  3.5060e-02,  1.4419e-02,
        -1.6595e-01,  1.4738e-02,  3.1606e-02, -3.4025e-02, -1.6202e-03,
         6.6426e-02, -1.4219e-02,  3.6281e-02, -3.0376e-02,  1.8247e-03,
         4.0781e-02, -1.0126e-01,  1.5374e-03,  4.5187e-01,  1.8132e-02,
         8.5042e-02,  1.7310e-02,  7.2562e-02,  6.7554e-02,  8.1614e-02,
         5.0623e-02, -5.0589e-02,  2.2613e-02, -1.9665e-03,  1.7685e-02,
         7.6894e-02,  3.3864e-02,  2.1936e-02, -6.5971e-02, -3.9598e-02,
         4.3487e-02,  1.6739e-01,  1.0035e-02, -3.2058e-02,  3.8541e-02,
        -6.7205e-03,  1.0205e-01,  7.8980e-02,  3.1347e-02, -3.2623e-02,
        -2.1338e-03,  8.9600e-03,  1.4418e-02, -2.7541e-04,  4.8404e-02,
         2.7137e-02,  8.4068e-02,  9.4828e-02,  1.2338e-02, -9.3412e-02,
         4.3733e-02, -7.6508e-03,  5.5662e-02,  4.5853e-03,  4.0242e-02,
         1.7578e-02,  1.7085e-02, -2.1013e-01,  9.6758e-02, -3.5053e-02,
         1.9969e-02, -1.0290e-02,  3.9643e-02,  5.6032e-02,  4.5261e-02,
         2.8379e-02,  5.3499e-02, -1.0873e-02, -4.8513e-02, -8.3656e-02,
        -3.7350e-02,  3.2160e-02, -3.0620e-02,  4.7537e-02,  9.1042e-03,
         1.1560e-02,  2.6928e-02,  3.8868e-02, -2.5213e-02, -5.8122e-03,
         1.8653e-02, -8.6468e-02,  6.9102e-02], dtype=torch.float32)","tensor([[ 0.1717,  0.1863,  0.0103,  ...,  0.0701,  0.0107, -0.0836],
        [-0.1147, -0.1972,  0.0701,  ..., -0.0526,  0.2378, -0.0335],
        [-0.2703,  0.0097,  0.0515,  ...,  0.0563,  0.1155,  0.1708],
        ...,
        [-0.1980, -0.1904, -0.1184,  ...,  0.0873,  0.0362, -0.0996],
        [-0.0593,  0.1206,  0.1958,  ...,  0.0664, -0.3296,  0.0525],
        [ 0.0224, -0.1867, -0.0470,  ...,  0.1060,  0.0966,  0.2042]],
       dtype=torch.float32)","tensor([ 0.0392,  0.0040, -0.0291, -0.0244,  0.0257], dtype=torch.float32)","tensor([[-9.7094e-02,  1.1527e-01, -2.9090e-02,  2.0091e-01,  2.8641e-02,
          1.5339e-01,  2.2980e-01,  1.6020e-01,  1.1889e-01, -5.9190e-02,
         -4.9231e-02, -9.2161e-02,  4.7615e-01, -2.2092e-02,  1.4538e-01,
          4.1139e-02,  1.2603e-01, -4.1083e-01,  1.2580e-02, -3.3731e-02,
         -2.6447e-01,  6.9169e-02,  3.9356e-02, -4.2127e-03,  1.3414e-02,
          1.1018e-01,  1.1989e-01, -1.5900e-01, -1.1004e-01, -2.0140e-01,
         -5.4315e-02, -3.6952e-01, -2.6771e-01, -2.0681e-01,  9.0090e-02,
          6.9217e-03,  1.9922e+00,  5.0234e-02,  7.1106e-02,  7.0590e-02,
          4.0720e-02, -1.5539e-01, -1.5929e-02,  2.5690e-02, -2.1268e-01,
         -6.0314e-02, -8.4528e-02, -1.4843e-01, -2.0677e-02,  3.5409e-02,
          8.0088e-02, -3.2344e-02,  2.1001e-02, -2.1110e-01,  2.4054e-01,
          2.0479e-02, -8.8702e-02,  1.7955e-01,  2.9342e-01,  1.4780e-01,
         -8.3363e-03, -4.0347e-01,  3.1280e-01, -6.3802e-02, -1.4124e-02,
          1.4073e-03,  1.9087e-01,  2.3470e-01,  1.6062e-01,  2.1978e-03,
         -1.3457e-01, -2.8896e-01, -2.8830e-01,  3.6705e-02,  6.6953e-02,
         -4.0027e-01, -2.9193e-01, -4.4323e-01,  3.3295e-02,  8.9921e-02,
          4.4514e-01,  1.7870e-01, -6.5096e-02,  1.3144e-01, -1.5773e-01,
          5.0660e-02, -2.0446e-02, -5.0876e-02, -8.1911e-02,  1.5133e-01,
          2.8381e-02,  2.8337e-01,  3.4717e-04,  1.7446e-01,  3.8934e-01,
         -2.0116e-02, -8.5594e-02,  2.9934e-01, -2.8309e-01, -2.0710e-02,
          5.6397e-01,  2.8071e-01,  5.2164e-02, -3.8828e-02,  7.5515e-03,
         -1.8907e-01,  9.0249e-02, -9.8459e-02,  3.1085e-01,  5.8318e-02,
         -4.0974e-02,  1.3298e-03, -8.5439e-02, -1.3127e-01, -1.6379e-01,
         -1.5051e-01,  9.8079e-02, -2.1857e-02, -2.2170e-01, -2.6208e-01,
          1.4063e-01, -5.0252e-02,  2.8664e-02, -2.0768e-01, -2.6298e-01,
          4.4570e-02,  2.7224e-02,  1.4878e-01],
        [ 9.1178e-02, -1.9115e-03,  1.2533e-01, -1.8086e-01,  1.6417e-01,
         -5.6347e-02, -8.9655e-02,  6.6949e-02,  1.0243e-01,  7.2801e-02,
          5.3654e-02,  2.5186e-01,  1.7622e-01,  1.5985e-01,  4.6574e-02,
          6.5495e-02,  2.4809e-01, -1.2318e-01,  1.1791e-01,  2.8995e-01,
         -1.6551e-01,  1.6448e-01, -3.7377e-01,  6.7694e-02, -1.3070e-01,
          4.2485e-02,  1.9783e-02, -9.7673e-02, -4.4076e-02, -1.3241e-02,
          1.1087e-01, -2.3565e-01, -6.2593e-02,  1.0665e-01,  1.7162e-01,
          4.7700e-02,  3.0208e-01,  4.8389e-02,  8.5361e-02,  7.5028e-02,
         -4.6710e-02,  1.4682e-01,  4.6034e-02,  7.2365e-02, -3.9905e-01,
          1.4428e-01,  1.8502e-01, -8.4035e-02,  3.1669e-01,  2.6492e-01,
         -2.2069e-03, -1.8063e-02,  1.7077e-01,  1.0815e-01, -3.2778e-01,
          5.3780e-02,  2.0498e-01,  1.0511e-01,  8.7860e-02, -2.1667e-01,
          1.8840e-02, -1.5386e-01, -1.5505e-01, -2.7867e-02, -1.3940e-01,
         -7.5947e-02, -1.3537e-02, -1.8556e-01,  8.1731e-02,  2.0489e-01,
          1.7509e-01, -2.0295e-01,  1.0261e-01, -2.0106e-01, -4.2976e-01,
         -7.0270e-02, -1.1117e+00,  6.7277e-02, -6.8683e-02, -8.5838e-02,
         -5.1368e-01, -2.6605e-01,  1.0689e-02, -5.6757e-03,  2.4234e-01,
         -1.0951e-01,  1.7380e-01,  1.7192e-01, -1.6822e-01,  4.5878e-02,
         -1.3805e-01, -8.4160e-02,  1.0261e-02,  1.7421e-01,  1.2297e-01,
         -1.2228e-01, -1.0014e-01, -3.2571e-01, -1.3735e-01, -7.1119e-02,
         -2.2625e-01, -1.5746e-01, -3.9003e-01,  2.8690e-02,  1.5221e-01,
         -2.3408e-01, -9.1272e-02, -1.5674e-01, -3.1959e-01, -2.5304e-01,
          2.5679e-01,  1.5261e-01,  1.2691e-01,  5.2020e-02,  6.1132e-03,
          1.5038e-01,  1.4142e-01,  2.7431e-01, -1.7012e-01, -6.7145e-02,
          4.1965e-01,  2.0275e-01, -3.8066e-01, -1.9630e-01,  3.2089e-02,
         -1.1803e-01,  2.8526e-01,  2.7432e-02],
        [-1.1523e-02, -5.7991e-02, -2.1157e-02, -1.0484e-01, -2.1237e-01,
         -4.9101e-02, -1.0519e-01,  3.6703e-02, -1.2844e-02, -3.0470e-01,
          5.2309e-02, -2.5276e-01, -9.8579e-02, -7.0618e-02,  4.9954e-02,
         -1.9596e-01,  1.6402e-01,  1.9009e-01, -1.1331e-01,  2.0695e-02,
          1.6949e-01,  1.2072e-01,  8.8457e-04, -7.1038e-02, -1.0627e-01,
         -1.4456e-01, -7.9873e-02,  3.3362e-01, -8.3142e-02,  3.1328e-01,
         -9.8223e-02,  3.3739e-01,  3.2893e-01,  2.9124e-01,  8.7879e-02,
          1.3336e-01, -1.0229e+00, -5.8650e-03, -2.2956e-01, -1.4115e-01,
         -7.2766e-03,  2.0034e-02, -3.0546e-01, -7.7298e-02,  5.9225e-01,
         -1.2569e-01, -3.8205e-01,  3.1983e-02,  3.4083e-02, -1.5606e-01,
          6.5935e-02,  7.1321e-02, -1.6027e-01,  7.8481e-02,  1.3613e-01,
          1.0381e-02, -1.4687e-01,  1.0566e-01, -3.3780e-01,  3.4280e-02,
         -9.6883e-02,  5.1394e-01,  1.0449e-03, -1.1672e-01, -1.4715e-01,
         -1.2911e-01, -2.6747e-01,  1.3453e-01, -2.3301e-02,  6.8128e-03,
          2.2503e-02,  2.5599e-01,  2.8723e-01,  9.2637e-02,  3.1882e-01,
          2.1245e-01,  2.6621e-01,  1.1217e-01, -3.2816e-02, -2.0242e-01,
         -1.2919e-01,  2.3287e-02, -1.4914e-01,  1.8991e-01,  1.1530e-01,
         -1.1024e-02,  1.6718e-01, -1.3220e-01,  1.3667e-01,  1.2351e-01,
         -4.8609e-02,  2.1819e-02,  2.3766e-02, -2.4296e-01,  5.9128e-02,
          1.5669e-01,  8.8675e-03,  1.0349e-01,  4.8596e-01, -9.3957e-02,
         -2.3172e-02, -1.8916e-01,  1.8961e-01, -4.9772e-02, -8.0491e-02,
          3.8012e-01,  8.5050e-02,  1.7776e-02,  1.2869e-01,  1.6641e-02,
          7.7338e-02, -2.9154e-01, -2.4722e-01,  8.7840e-02,  1.0986e-01,
         -1.0432e-02, -8.1196e-02,  1.1734e-01,  3.3466e-01,  1.4788e-01,
          4.9819e-02, -1.3497e-01,  4.8489e-01,  3.6445e-01,  3.8245e-01,
          1.4456e-02, -3.3880e-03,  5.5073e-02],
        [ 4.1227e-02,  1.8921e-01,  3.8314e-02, -2.1179e-02,  8.6326e-02,
          1.3373e-01, -1.2149e-01,  1.8742e-01,  2.7138e-01,  9.9923e-02,
          3.8266e-01, -2.1960e-02,  1.6399e-01,  5.1787e-02,  1.1130e-01,
          1.8705e-01, -1.7373e-01, -4.3878e-01, -8.3867e-02, -3.4084e-02,
         -1.2287e-01,  9.9766e-02, -1.4015e-01,  6.8999e-02, -1.2831e-01,
          1.7732e-01,  2.1902e-01, -1.5150e-01, -1.0814e-01, -1.7080e-01,
          8.2842e-02, -8.1895e-02, -4.4560e-01, -2.6788e-01,  5.8771e-02,
          1.6484e-01,  3.2023e-01,  2.6528e-02, -3.8565e-02,  1.4350e-02,
         -8.3197e-02,  1.3952e-01,  1.7719e-02,  1.7423e-01, -4.5282e-01,
          1.0813e-01,  2.1063e-01, -3.6151e-01,  9.4483e-02, -2.1117e-01,
          3.5010e-03, -8.1601e-02, -4.0811e-02,  1.1189e-01,  8.6184e-02,
          5.4127e-02,  3.9196e-02,  5.3613e-02,  3.4817e-01, -1.0554e-01,
          1.3861e-01, -2.9092e-01, -1.2579e-01, -5.9324e-02,  5.5823e-02,
          1.7303e-01,  2.3025e-01, -5.4841e-02, -1.5961e-02,  1.7735e-02,
         -1.3578e-02, -8.1624e-02,  5.9629e-02,  4.1966e-02, -2.4183e-01,
         -3.3894e-01,  2.2522e-01, -6.4103e-02,  5.3378e-02,  4.8636e-02,
         -8.6161e-03, -1.0212e-02,  4.0834e-02,  1.3192e-01,  1.1170e-01,
         -1.5363e-01,  1.5886e-02, -7.7229e-02, -2.4537e-02, -2.2175e-02,
          9.8311e-02,  1.6124e-01, -1.4555e-01,  9.3926e-03,  1.8277e-02,
         -4.0268e-01, -1.2553e-01, -3.4732e-01, -9.4639e-02, -3.6724e-02,
          2.0611e-02,  3.0140e-01,  3.0065e-02, -7.6386e-02,  1.9747e-01,
         -3.5075e-01, -4.8236e-02,  2.0425e-02, -4.0628e-01, -2.9157e-01,
         -1.5276e-01, -3.1822e-02, -1.1667e-01, -6.9568e-03, -1.8710e-01,
          3.3432e-03, -1.2005e-01, -7.9805e-02, -2.9138e-01, -2.1840e-02,
          7.8593e-02,  1.3229e-01, -5.1886e-01,  4.8322e-02, -7.4843e-02,
          2.5371e-02,  1.3069e-01, -1.0884e-01],
        [-2.8401e-02,  8.8936e-02,  1.3036e-01, -1.5519e-01,  9.5360e-03,
          4.8709e-03,  2.0764e-01,  6.5754e-02, -1.2967e-02, -6.0694e-02,
          2.0178e-01, -5.1732e-02,  3.1778e-01,  5.1594e-02,  3.0119e-02,
         -6.1568e-02,  2.4272e-02, -3.2785e-01,  2.0444e-01, -5.1166e-02,
         -1.8593e-01,  2.5909e-03,  1.9777e-02,  1.8086e-01, -1.5581e-01,
         -1.6122e-01,  9.6581e-02, -3.7919e-01, -1.0581e-01, -1.9168e-01,
          1.2506e-01, -6.7821e-01, -3.1764e-01, -2.5153e-01,  1.0174e-02,
          1.4838e-01,  6.5912e-01, -3.1496e-02, -6.8149e-02,  1.5357e-01,
          3.1857e-02,  1.0833e-01,  3.5145e-02,  2.9248e-01, -6.1308e-01,
         -1.2747e-01,  6.0181e-03, -2.6449e-01, -8.8793e-02,  1.5471e-01,
          1.7920e-01,  3.5586e-02,  8.0520e-02, -5.2149e-02, -8.0778e-02,
          1.8001e-02, -1.1289e-01, -6.4407e-02,  2.8455e-01, -1.6010e-01,
          8.3796e-02, -4.5668e-01,  2.1192e-01,  1.9168e-01,  2.2178e-01,
          5.7468e-02,  2.2660e-02,  1.6359e-02,  1.3036e-04,  8.4386e-02,
          3.8954e-02, -5.5814e-01, -3.6768e-01, -1.3238e-01, -1.9877e-01,
         -3.9316e-01, -7.8342e-02,  4.4597e-02, -7.7050e-03, -1.6336e-01,
         -6.3617e-02,  1.6929e-02, -6.0908e-02,  1.2899e-02, -5.5057e-03,
         -5.6646e-02,  3.0608e-01, -1.4247e-02, -2.8801e-01, -6.9160e-02,
         -3.9995e-02, -1.7166e-03, -9.9092e-02,  6.2504e-02, -3.9831e-02,
          1.4234e-04,  1.7129e-01, -3.1962e-01, -3.4701e-01,  3.5080e-02,
          1.1484e-01,  7.3005e-02,  2.0969e-01,  3.0482e-01, -1.8454e-02,
         -4.1538e-01, -1.4928e-01, -1.0355e-01, -3.2505e-01, -4.7681e-01,
          1.5501e-01,  9.0120e-02,  1.9942e-01, -1.1055e-01,  3.1530e-03,
          2.2995e-01, -8.1874e-02, -1.8873e-01, -4.4412e-01, -2.5730e-01,
         -1.4501e-02, -2.3675e-02, -4.7805e-01, -4.0426e-01, -3.6067e-01,
         -8.8372e-02, -1.7426e-01,  1.7209e-01]], dtype=torch.float32)","tensor([0., 0., 0., 0., 0.], dtype=torch.float32)","tensor([1., 1., 1., 1., 1.], dtype=torch.float32)","tensor([ 1.3206e-02,  1.7569e-01, -3.0224e-02,  9.7707e-02, -1.0982e-01,
         1.0841e-02,  1.2828e-01, -5.0710e-02,  3.1100e-02, -7.0271e-02,
        -1.1797e-01,  2.1191e-02,  3.4849e-01, -6.0747e-02,  1.6993e-01,
         5.9606e-02,  1.7295e-01,  5.0618e-02, -1.2171e-01,  1.4119e-01,
         1.4260e-02, -2.8432e-02, -9.5319e-02, -1.3117e-03,  1.3325e-01,
         3.7466e-02,  2.5349e-01,  7.5255e-02,  1.0062e-01,  6.5009e-02,
         2.2747e-01,  1.4914e-01, -4.8683e-02,  6.5342e-02, -3.1207e-02,
        -3.3147e-02,  4.4556e-02,  5.5214e-02, -1.1145e-02,  3.0837e-01,
         2.8368e-02,  4.0598e-02, -1.1400e-02,  5.7172e-02, -1.1264e-01,
         1.1072e-01,  5.2782e-02,  1.0485e-02, -6.6598e-03, -1.6461e-01,
         1.1293e-01, -4.9407e-01,  4.5096e-03,  7.2709e-02, -5.6028e-02,
        -3.1532e-02,  5.4340e-02, -2.4334e-02, -1.7664e-02,  1.2438e-01,
         3.7708e-02,  1.3771e-01,  2.0688e-02, -1.7120e-01, -8.1201e-02,
        -6.7033e-02, -1.3363e-01,  2.0251e-01,  2.3338e-01,  1.6970e-02,
         8.1265e-01,  1.9143e-01,  1.8285e-01,  5.6856e-02,  3.4322e-01,
         5.2082e-02,  5.9355e-03, -5.3348e-02,  2.1363e-02,  5.4048e-02,
         6.7081e-02, -3.0338e-02,  8.3607e-02,  3.8103e-02, -3.3771e-02,
         2.7550e-04, -3.3609e-02,  1.6436e-02,  4.4685e-02,  1.9678e-01,
        -2.4750e-03, -8.7406e-02, -1.3525e-03, -2.8488e-01,  1.6871e-01,
         1.0592e-01,  6.3850e-02,  1.6238e-01,  2.7930e-02, -4.2189e-01,
         1.4672e-01,  2.9594e-02,  1.5133e-01, -5.0069e-01, -1.8283e-01,
         1.2339e-01,  1.9995e-01,  1.9684e-01, -1.2924e-01,  5.5079e-02,
         5.2722e-01,  2.0378e-02,  2.2435e-02,  2.1065e-01,  2.8558e-02,
        -3.2447e-01, -8.1293e-02,  1.8849e-01, -3.7095e-01,  3.0224e-01,
         7.0099e-02, -6.6160e-02,  5.3014e-01, -2.0601e-01,  1.6310e-01,
         1.1648e-01,  8.0527e-02,  8.4554e-02], dtype=torch.float32)","tensor([[-0.2482,  0.3577, -0.7432,  ...,  0.0490, -0.0943, -0.0921],
        [ 0.0959, -0.0246,  0.3246,  ...,  0.0073,  0.1182,  0.0174],
        [-0.0921, -0.1458,  0.0170,  ...,  0.0095, -0.1919, -0.2055],
        ...,
        [ 0.0211,  0.2877,  0.0204,  ...,  0.2607,  0.2033, -0.0498],
        [-0.1244,  0.0651,  0.1284,  ...,  0.0500,  0.1199, -0.0238],
        [ 0.1079, -0.2167,  0.2779,  ...,  0.1046, -0.1445,  0.1167]],
       dtype=torch.float32)","tensor([ 1.5318e-03,  9.4932e-02,  5.6920e-03,  2.9891e-02,  2.4860e-01,
        -6.4563e-04,  2.2909e-02,  2.0903e-02,  4.4881e-04,  4.4256e-01,
        -9.5757e-02,  2.3056e-02,  1.4254e-01,  2.1641e-01,  2.2523e-02,
         1.0562e-03,  7.9915e-02, -1.0935e-02,  3.3934e-02,  5.2556e-02,
         3.3111e-01,  2.7282e-02,  3.4899e-01,  1.8320e-01,  6.4504e-01,
         7.6810e-03,  4.3871e-01,  1.4654e-02,  4.6378e-03,  1.2996e-02,
         2.3776e-02,  3.1665e-02,  3.7179e-01,  7.5450e-03,  1.3374e-03,
         2.1959e-02,  2.4711e-03,  6.4981e-02, -1.2441e-01,  8.6845e-04,
        -1.2785e-02,  6.7593e-02,  3.4401e-02, -1.5301e-01,  1.5472e-01,
         2.1666e-01,  1.0852e-01, -5.4661e-03,  2.8784e-02,  2.1760e-02,
        -8.8233e-03,  2.1811e-01,  1.2562e-02,  3.6258e-02,  4.8750e-03,
         8.4148e-01,  7.5171e-02,  1.3710e-01,  3.7960e-02,  8.8323e-03,
         2.9529e-02,  1.9214e-01,  2.8051e-01,  1.4412e-01,  1.1715e-03,
        -2.0484e-03,  4.0600e-01,  1.6270e-01, -1.9270e-03,  2.1790e-02,
         1.6650e-02,  1.9783e-02,  2.4581e-03,  1.3499e-03, -1.9531e-02,
         7.5831e-03, -3.8870e-03,  1.2001e-01,  5.6814e-01,  1.9002e-01,
        -5.3808e-01,  4.6046e-03,  1.0976e-01,  3.6309e-01,  1.5454e-01,
         4.8876e-01,  3.0575e-01,  3.9519e-01,  1.5838e-01,  1.6236e-05,
         6.5470e-02,  2.8229e-03,  2.9812e-03,  2.8051e-01,  8.1951e-02,
         1.8330e-02,  3.4668e-02,  2.7355e-02,  9.9120e-04,  3.0508e-01,
         2.3325e-02, -1.7494e-02,  2.9856e-03,  3.0205e-01,  4.6592e-02,
        -3.0451e-02,  2.0723e-02,  4.0712e-01, -1.4998e-02,  4.6329e-03,
        -5.0180e-01,  2.4983e-03,  3.0598e-01,  1.2743e-01,  4.7745e-03,
         4.9979e-02,  2.6778e-02,  7.8483e-03,  9.4315e-02, -9.5168e-02,
         2.6407e-01,  2.7852e-01, -6.1662e-02,  2.9824e-01,  4.9891e-02,
        -4.6479e-02,  1.3659e+00,  3.8149e-02], dtype=torch.float32)","tensor([[-0.0085,  0.2188, -0.0721,  ..., -0.7413, -0.0648,  0.2918],
        [-0.5116, -0.3493, -0.1262,  ...,  0.5963,  0.2827, -0.2089],
        [ 0.1191, -0.2835, -0.1460,  ...,  0.0662,  0.0244, -0.2541],
        ...,
        [ 0.1338,  0.1885,  0.0014,  ...,  0.1435, -0.0197,  0.0224],
        [ 0.0989,  0.1611, -0.0015,  ..., -0.7200,  0.1534,  0.0375],
        [-0.0507, -0.0586, -0.1432,  ..., -0.0370, -0.1949,  0.1401]],
       dtype=torch.float32)","tensor([-3.8236e-09], dtype=torch.float32)","tensor([[ 0.0511, -0.5091,  0.0948,  0.0742, -0.1168, -0.0031,  0.1444,  0.2227,
          0.1345, -0.0406,  0.1354,  0.0772, -0.0811, -0.1837,  0.0391,  0.2375,
         -0.3184,  0.3837,  0.1319,  0.4129, -0.2227,  0.1789, -0.1572, -0.1636,
         -0.1414,  0.2230, -0.1037,  0.0551,  0.0552,  0.2428,  0.1585, -0.2120,
         -0.1502,  0.0966,  0.0333,  0.1099,  0.0413, -0.0941,  0.1454,  0.0506,
          0.2292, -0.0609,  0.1304,  0.1117, -0.1199, -0.0895, -0.1739, -0.0185,
          0.0565,  0.1214,  0.1363, -0.1583, -0.0707,  0.0432,  0.1081,  0.0254,
         -0.2899,  0.1149, -0.1070,  0.1220,  0.0745, -0.1417, -0.2233, -0.2750,
          0.2004,  0.1246, -0.2363, -0.1416,  0.0850, -0.3449,  0.1757,  0.0716,
          0.2143,  0.1464,  0.1524,  0.1761,  0.0600, -0.2679, -0.1930, -0.2481,
          0.1369,  0.1828, -0.0892, -0.2564, -0.2833, -0.1212, -0.3670, -0.1706,
         -0.1114,  0.0895, -0.1214,  0.1223,  0.1750, -0.2715,  0.1855,  0.1937,
         -0.3368,  0.1193,  0.1245, -0.1755,  0.0512,  0.1395,  0.0418, -0.1251,
          0.1606, -0.0375, -0.0418, -0.0948,  0.3669,  0.0345, -0.2628,  0.0907,
         -0.0773, -0.1336,  0.0385, -0.0906, -0.4393,  0.0380, -0.2117, -0.0724,
         -0.3234, -0.1321, -0.0593, -0.1021,  0.2152,  0.0720,  0.0563, -0.1583]],
       dtype=torch.float32)","tensor([0., 0., 0., 0., 0., 0., 0., 0., 0., 0., 0., 0.], dtype=torch.float32)","tensor([1., 1., 1., 1., 1., 1., 1., 1., 1., 1., 1., 1.], dtype=torch.float32)",state_dict,cuda,no_unique_match:0,1768080396
20,1,1.0,../results/models/20p/w_10,../results/models/20p/w_10/f_netCTNN.pt,../results/models/20p/w_10/backflowCTNN.pt,../results/tables/newer/runs/N20_omega1/w_10.json,needs_MODEL_FACTORY_for_state_dict,model_load_failed,PINN,"tensor([ 0.1084, -0.0660,  0.1536, -0.0343, -0.1054,  0.0166, -0.0702, -0.0614,
         0.2150, -0.0671,  0.0362,  0.0486,  0.0055, -0.1688, -0.0239, -0.0092,
         0.0521, -0.0090, -0.0173,  0.2088,  0.0304, -0.0370, -0.0188, -0.0407,
        -0.0412, -0.0396,  0.0785, -0.0178, -0.1420, -0.1535, -0.2200,  0.1765,
        -0.0277, -0.1014,  0.0792, -0.0773, -0.0059, -0.0514, -0.0268, -0.2383,
        -0.0156, -0.0432, -0.1280, -0.1051,  0.1255, -0.1481, -0.0649, -0.1970,
        -0.0713,  0.0433, -0.0264, -0.0556,  0.0213,  0.0161, -0.0757, -0.0797,
         0.0827, -0.0181,  0.0505, -0.1736,  0.1535, -0.1673, -0.0317, -0.0547,
        -0.1264, -0.0293,  0.0865,  0.0452, -0.0652, -0.0621,  0.2197,  0.1451,
         0.0007, -0.0111, -0.0841,  0.0409,  0.0299,  0.0833,  0.0569,  0.0488,
         0.2524, -0.0358, -0.2451,  0.0054, -0.1397, -0.0274, -0.0419, -0.2161,
        -0.1932, -0.0655, -0.0156,  0.0406, -0.2342, -0.0155, -0.0436,  0.1698,
        -0.0238,  0.1642, -0.0189, -0.0426,  0.0976, -0.0380, -0.1080, -0.0103,
        -0.0869, -0.0128,  0.0620, -0.0649,  0.1370, -0.0258, -0.1100, -0.0064,
        -0.1700,  0.0627, -0.1870, -0.1060, -0.0860, -0.0109,  0.1451, -0.0665,
        -0.0627, -0.0068,  0.0701, -0.1728, -0.0419, -0.0555, -0.0497, -0.3074],
       dtype=torch.float32)","tensor([[-0.1157,  0.0555],
        [ 0.2985,  0.0125],
        [-0.2808, -0.0992],
        [ 0.1246, -0.1955],
        [-0.0581, -0.0797],
        [ 0.0817,  0.1158],
        [-0.0168,  0.1551],
        [-0.0678,  0.0011],
        [-0.1481, -0.1000],
        [ 0.0178, -0.2059],
        [-0.2087,  0.2788],
        [-0.1808,  0.0254],
        [-0.1396, -0.2599],
        [ 0.0315,  0.0861],
        [-0.0164, -0.0010],
        [-0.1016, -0.3386],
        [-0.0440, -0.0076],
        [-0.1309,  0.1233],
        [-0.0391, -0.1076],
        [-0.0280,  0.0734],
        [-0.0438, -0.0817],
        [-0.1411, -0.1801],
        [ 0.2506, -0.0506],
        [ 0.0288,  0.1486],
        [ 0.0941, -0.2225],
        [-0.0677, -0.1952],
        [-0.1365, -0.0146],
        [-0.1902,  0.0215],
        [ 0.2314, -0.0366],
        [ 0.0499, -0.0538],
        [ 0.1259, -0.1074],
        [-0.1405,  0.0095],
        [ 0.0261,  0.1373],
        [-0.0944, -0.0110],
        [-0.0427,  0.0689],
        [ 0.1837, -0.2214],
        [ 0.2628,  0.0027],
        [ 0.0520,  0.1948],
        [-0.2473, -0.0115],
        [ 0.0312, -0.0345],
        [-0.1336,  0.3327],
        [-0.0982, -0.0617],
        [-0.0317, -0.0264],
        [ 0.1164, -0.1024],
        [-0.2954, -0.0430],
        [-0.1384, -0.0596],
        [-0.0668,  0.4676],
        [ 0.1416, -0.0166],
        [ 0.1124,  0.1002],
        [-0.1818, -0.2511],
        [ 0.2133, -0.1547],
        [ 0.0437,  0.1411],
        [-0.1077,  0.0812],
        [-0.0291,  0.0688],
        [-0.0344, -0.0904],
        [-0.0091,  0.0974],
        [-0.0631, -0.0710],
        [-0.1949, -0.2258],
        [-0.1085,  0.1408],
        [ 0.0623, -0.0878],
        [-0.2023,  0.2084],
        [ 0.0524, -0.1529],
        [ 0.0170, -0.1328],
        [-0.0353,  0.2449],
        [ 0.0960,  0.0583],
        [-0.0596, -0.2674],
        [-0.1794, -0.0755],
        [-0.0087,  0.1153],
        [-0.0661, -0.0078],
        [ 0.1160, -0.0232],
        [-0.2041,  0.1821],
        [-0.1698, -0.0653],
        [ 0.1967, -0.0487],
        [-0.0440, -0.2092],
        [-0.0583,  0.0747],
        [-0.1229,  0.0224],
        [-0.1634, -0.0347],
        [-0.0167,  0.0257],
        [-0.0950, -0.0329],
        [-0.2303, -0.0420],
        [-0.1209,  0.1092],
        [-0.1064,  0.0424],
        [ 0.0772, -0.0995],
        [-0.1326,  0.2440],
        [ 0.0658, -0.1052],
        [ 0.1677, -0.0854],
        [ 0.0020,  0.2370],
        [-0.0099, -0.0267],
        [ 0.0356, -0.0904],
        [ 0.0730,  0.0835],
        [-0.0403, -0.0615],
        [-0.1961, -0.2745],
        [ 0.0916, -0.1229],
        [ 0.1643, -0.1306],
        [ 0.1236,  0.1017],
        [-0.2288, -0.2257],
        [ 0.1776,  0.0142],
        [-0.2015, -0.0124],
        [-0.0639,  0.0516],
        [ 0.1863, -0.0226],
        [-0.1855,  0.0946],
        [ 0.2060,  0.0379],
        [ 0.1231,  0.2964],
        [ 0.2161, -0.1960],
        [ 0.1022, -0.1585],
        [-0.0819, -0.0058],
        [ 0.0220, -0.0362],
        [ 0.2946,  0.1168],
        [-0.1387, -0.0319],
        [ 0.0079, -0.0784],
        [ 0.0078, -0.1607],
        [ 0.0632,  0.0080],
        [-0.0044,  0.0235],
        [ 0.0699, -0.0054],
        [ 0.1735, -0.1877],
        [-0.1867,  0.3799],
        [ 0.0446,  0.3470],
        [-0.0252,  0.0045],
        [-0.1157, -0.0055],
        [ 0.0656, -0.2244],
        [ 0.3337,  0.2471],
        [-0.2030, -0.0963],
        [-0.1415,  0.0627],
        [-0.0159, -0.0855],
        [ 0.2187, -0.1417],
        [ 0.2389, -0.2133],
        [ 0.1893,  0.0363],
        [-0.0793, -0.0344]], dtype=torch.float32)","tensor([ 0.0971,  0.0153,  0.0443, -0.0219, -0.0318,  0.0394, -0.0373,  0.0041,
        -0.0200,  0.0171,  0.0479,  0.1467,  0.0429, -0.0148, -0.0535,  0.0830,
        -0.0013, -0.0500, -0.0154, -0.0013, -0.0566,  0.0277,  0.0113,  0.0038,
         0.2664, -0.0160, -0.0259, -0.0115,  0.0284,  0.0126,  0.0030, -0.1590,
        -0.0788,  0.0104,  0.0132,  0.0395,  0.0090,  0.0113, -0.0091, -0.0879,
         0.0037,  0.0547,  0.0544,  0.0449,  0.0138, -0.0804, -0.0191,  0.0314,
        -0.0242, -0.0708,  0.0091,  0.0478,  0.0653,  0.0782, -0.0192, -0.0861,
         0.0341,  0.0039, -0.1565, -0.0567,  0.0621,  0.0814,  0.0346,  0.0295,
        -0.0626, -0.0135,  0.0401, -0.0747, -0.0019,  0.0606, -0.0362,  0.0249,
        -0.1064, -0.0158, -0.0153, -0.0044, -0.0172, -0.0023, -0.0163,  0.0210,
         0.0724,  0.0305,  0.0454,  0.0826,  0.0847,  0.0478, -0.0100,  0.0256,
         0.1356,  0.0288, -0.0780,  0.0247, -0.0491, -0.0524, -0.0358,  0.0098,
        -0.0019,  0.0353, -0.0563,  0.0485,  0.0518,  0.0088, -0.0010,  0.0337,
         0.0266, -0.0335, -0.0285,  0.0397, -0.0010,  0.0403,  0.0440, -0.0293,
         0.0233, -0.0404,  0.0399, -0.0209,  0.0160,  0.0158,  0.0091, -0.0124,
        -0.0097, -0.0778, -0.0412,  0.0117,  0.0221,  0.0501, -0.0592,  0.0372],
       dtype=torch.float32)","tensor([[ 3.0091e-02, -4.0999e-01, -7.0016e-02,  ..., -7.6421e-02,
         -3.1268e-01, -1.4395e-01],
        [-5.2974e-01,  5.3964e-02, -3.7514e-01,  ...,  1.0371e-01,
         -1.0966e-01, -7.4270e-02],
        [-3.4692e-02, -1.4010e-01,  1.0034e-01,  ..., -1.2217e-01,
         -3.9701e-03, -2.2352e-01],
        ...,
        [-5.4657e-02, -6.5376e-01,  7.8782e-02,  ..., -3.9096e-01,
         -9.9488e-01,  5.2564e-03],
        [-3.5847e-01,  1.5368e-01, -4.8245e-02,  ..., -5.1672e-02,
         -5.6287e-02, -6.8869e-02],
        [ 4.8451e-02,  1.2827e-01,  2.7517e-02,  ..., -1.3292e-02,
         -4.8116e-04, -1.4603e-02]], dtype=torch.float32)","tensor([-0.0432,  0.0045,  0.0417,  0.0578, -0.0858], dtype=torch.float32)","tensor([[-1.8920e-01, -9.6832e-02, -2.5502e-01, -1.9088e-01,  2.5595e-01,
          1.0574e-01,  1.0812e-02, -2.1092e-01,  1.2930e-01, -5.0539e-02,
          1.2358e-01, -1.6307e-01, -9.4373e-03,  9.7510e-02, -1.2936e-01,
         -1.1557e-01, -5.2840e-02,  1.5215e-01,  4.1193e-02,  6.2941e-02,
          9.2800e-02,  2.9177e-01,  1.7026e-01, -3.9967e-01, -1.0466e-01,
          2.8553e-01, -2.3457e-02,  2.7036e-02,  4.9143e-02,  1.2529e-02,
          1.5004e-01, -5.5235e-02, -6.1663e-02, -1.4795e-01, -5.3918e-02,
          1.1321e-01, -1.9214e-01,  2.6268e-01, -6.7382e-03, -7.9996e-02,
          1.5965e-01, -1.9331e-02,  1.0119e-01, -2.7278e-01,  1.6562e-01,
         -2.3337e-03, -2.6144e-01,  7.9277e-02,  1.8134e-01,  6.7002e-02,
         -1.6747e-01, -1.1404e-02, -9.7069e-02, -2.2631e-02,  1.1176e-01,
         -1.4205e-03, -2.3725e-01, -4.0139e-02,  1.5975e-01, -1.5142e-01,
          1.7936e-01,  1.6513e-01, -3.7103e-01, -6.8136e-02, -1.2353e-01,
         -1.5073e-01,  4.5143e-02, -2.0957e-01,  3.8231e-03, -1.7602e-01,
         -8.7789e-02, -3.6185e-01, -1.6014e-01,  1.3113e-01,  3.1928e-01,
          6.5412e-02,  2.4220e-01,  3.6095e-02,  1.3050e-01,  7.1184e-02,
         -2.1712e-01,  1.4498e-01, -1.6037e-01, -1.6925e-01, -4.8015e-02,
         -4.4621e-01, -1.1059e-01, -2.9424e-01, -9.3098e-02, -7.6925e-02,
         -2.2230e-01, -2.7288e-01,  1.1972e-01,  2.3644e-02, -5.2243e-02,
          1.7767e-01,  1.1079e-01,  5.4383e-02,  1.1472e-01, -1.2570e-01,
         -3.4760e-01, -1.3367e-01,  3.4542e-01, -4.5886e-02,  6.6187e-02,
          7.0040e-02, -1.3855e-02, -3.2039e-01,  4.9718e-02, -9.5900e-02,
         -8.8019e-02,  3.5372e-03,  8.0108e-02,  1.7428e-01, -1.1572e-01,
         -1.1340e-01,  1.3197e-01,  2.4699e-01, -3.0412e-02,  1.6670e-01,
          1.0485e-01,  1.7299e-01,  3.0081e-01,  9.8345e-02, -4.2464e-01,
         -1.7689e-01, -6.1519e-02, -1.4051e-01],
        [-2.7735e-01,  1.0133e-01, -5.6596e-01, -1.1405e-02,  4.9425e-02,
          2.8545e-02,  4.5002e-02,  6.4991e-01,  3.8172e-01,  1.1359e-01,
          1.4826e-01, -3.6473e-01,  1.4296e-01,  2.1482e-01, -1.0496e-01,
         -4.5538e-01,  3.3173e-01,  4.3897e-01,  2.2869e-01, -1.0992e-01,
          2.1439e-01,  4.8261e-02,  1.4413e-01, -5.9764e-02, -4.0821e-01,
          2.2894e-01, -3.5187e-02,  3.0935e-01,  1.6701e-01,  7.3650e-02,
         -1.5727e-01,  3.1278e-01,  5.0313e-03, -7.6442e-01,  8.6397e-02,
         -1.0117e-01, -4.6357e-01,  8.5851e-02, -8.9475e-02,  3.6943e-02,
         -3.2841e-03,  2.5109e-01, -1.0360e-01, -4.2654e-01,  1.0530e-01,
          1.6152e-01,  1.8309e-01, -5.9963e-02,  8.6456e-02, -1.0485e-01,
          5.5741e-02,  1.5402e-01, -3.3950e-01, -2.2564e-01, -2.9335e-02,
          9.6025e-02, -1.5346e-01, -6.5311e-03, -5.6800e-02,  2.5587e-01,
         -1.1604e-01,  3.1345e-03, -2.4360e-01, -1.6293e-01,  1.1743e-01,
          9.2521e-02,  2.5098e-01,  1.1926e-02, -1.6610e-01,  1.3479e-02,
         -2.3580e-01,  2.8253e-01,  1.3118e-01,  1.9691e-01, -1.3331e-01,
         -2.4816e-02, -8.1778e-02,  4.1925e-02,  1.9199e-01,  7.6645e-02,
         -4.8723e-01,  1.2843e-01, -3.8415e-01, -4.2798e-01, -9.5267e-02,
          8.4199e-01,  2.0023e-02, -4.4040e-01, -2.5928e-01, -1.7662e-01,
         -3.1550e-02, -2.7778e-01, -2.6901e-02, -1.8210e-01,  2.8461e-01,
         -1.8786e-01, -2.1322e-02, -7.0061e-02,  2.1014e-02,  2.7202e-01,
         -3.7979e-01, -8.4596e-02,  1.7619e-02,  2.9813e-02,  4.3501e-02,
          2.1280e-01,  5.2493e-01,  4.2036e-01,  6.2395e-02, -7.6711e-02,
         -3.3208e-01,  2.5919e-02,  4.7970e-02,  1.1616e-01, -1.8319e-01,
          1.1072e-01, -1.8059e-03, -7.5659e-02, -1.0201e-01,  9.3997e-02,
          2.1863e-01,  1.7656e-01,  3.3818e-01, -9.0517e-03,  1.2858e-01,
          3.2831e-02,  1.6697e-01, -7.9650e-02],
        [ 1.2748e-01, -7.8375e-02,  2.9378e-03, -7.4912e-02,  1.7352e-01,
         -9.2988e-02,  1.5188e-01,  1.6116e-01, -2.0852e-01, -1.1832e-01,
         -8.9500e-02,  7.0080e-02,  7.8911e-02, -1.5600e-01, -1.1139e-01,
         -2.1246e-03,  1.2295e-01,  7.1760e-03, -1.7791e-01,  1.8224e-01,
          5.6721e-02,  5.1356e-02, -3.2541e-02, -3.4977e-02,  2.7978e-02,
          1.7279e-03, -6.4662e-02, -1.3567e-01, -1.5014e-02,  3.0494e-02,
          3.0831e-02,  1.7889e-02,  3.9306e-02,  1.1192e-01, -1.5614e-01,
         -5.7756e-03,  9.2573e-02, -2.6192e-01, -6.4827e-02, -1.0402e-01,
         -6.5463e-03,  1.4441e-01,  1.5436e-01,  7.7483e-02, -7.6555e-02,
          5.6030e-02,  7.6049e-03,  2.4310e-01, -1.2287e-01,  9.2385e-02,
          1.1970e-01, -2.0423e-02,  6.5350e-02, -1.1792e-02, -9.3987e-02,
          6.6918e-02, -2.3012e-02, -3.2447e-02,  2.2523e-01,  1.1205e-01,
         -1.5125e-02,  8.6676e-02,  3.7909e-03, -3.4437e-02, -3.8314e-02,
         -1.9783e-02, -1.4820e-01, -5.2067e-03, -1.7526e-01, -3.7534e-02,
          2.2239e-01,  1.4320e-01, -6.3464e-02, -1.2191e-01,  5.7459e-02,
         -1.7630e-01, -1.0106e-01, -1.4703e-01, -7.0398e-03,  1.5257e-02,
         -1.0944e-01,  2.6731e-02, -3.1243e-02, -4.6669e-02, -4.9195e-02,
         -1.3686e-01,  4.1764e-02,  4.6283e-02,  1.0620e-01, -1.0274e-01,
         -4.6816e-02,  1.1130e-01, -3.9325e-02,  8.4214e-02, -4.0034e-02,
          2.0557e-01, -1.3673e-01,  2.7722e-03,  4.8456e-02, -9.1553e-02,
          4.0288e-02, -2.8914e-01, -5.2961e-02, -1.2079e-01,  1.6152e-01,
          2.5780e-02, -4.5690e-02, -4.9971e-02, -1.0187e-01, -1.0446e-02,
          1.4380e-01, -1.6086e-01, -4.1220e-02,  1.1674e-01,  9.3743e-02,
         -7.1787e-02,  1.5323e-01,  5.3876e-03, -2.2610e-01, -6.5038e-02,
          1.0696e-01, -9.0351e-02, -2.5188e-01, -6.3917e-02, -1.0007e-02,
         -2.8573e-01,  1.3973e-01, -5.4220e-02],
        [ 2.6775e-01,  1.1348e-01,  2.1102e-01,  1.0216e-01,  9.0342e-02,
         -2.5137e-01, -3.5523e-01,  6.7217e-02,  9.2866e-02,  1.1439e-01,
          5.2787e-02, -2.6115e-02,  2.5165e-01, -4.6390e-02, -1.5851e-01,
         -1.1760e-01, -1.7585e-01, -1.2035e-03, -1.8968e-01, -1.2013e-01,
          2.4429e-01,  1.1360e-01,  1.9027e-01,  3.4977e-02,  2.6760e-01,
         -1.2401e-01,  1.3348e-01, -6.6331e-02,  1.7591e-01,  2.1318e-03,
          5.3113e-02,  2.7790e-02, -2.1523e-01,  7.7364e-02, -1.1154e-01,
          1.0083e-01,  1.4607e-02, -1.7015e-01, -3.4892e-01, -8.4402e-02,
         -1.5556e-01, -2.7458e-01,  1.3089e-01,  2.0347e-01, -7.4337e-02,
         -5.6035e-02,  1.4385e-02,  1.8447e-01, -2.2863e-02, -1.4597e-01,
          2.1090e-01,  2.9581e-01,  1.2559e-01,  7.5912e-02, -8.8040e-02,
         -1.8729e-01,  1.8701e-01, -5.0620e-02, -1.5193e-01, -2.4113e-01,
          3.6083e-02,  2.2039e-01,  1.0002e-01, -1.0325e-02,  2.1970e-01,
          9.8477e-02,  8.3292e-02, -2.9310e-01,  1.5307e-02, -5.6409e-02,
         -5.1273e-02,  3.1129e-01,  3.1063e-02, -3.8486e-02, -4.4666e-02,
          1.5061e-01,  4.3227e-04, -1.6852e-01,  2.3865e-02, -1.4381e-01,
         -3.8531e-02, -4.6940e-02,  1.0611e-01, -1.4413e-02,  8.9058e-02,
         -8.5351e-02,  1.0246e-01,  3.2412e-01,  8.5337e-02,  1.9523e-01,
          3.9750e-02,  2.4172e-01, -2.2316e-01, -4.8121e-02, -6.7206e-02,
         -2.3329e-01, -7.2832e-03, -2.5164e-01, -1.5543e-01,  1.8541e-01,
          2.2612e-01, -1.1986e-01, -1.4282e-01,  8.1113e-02,  1.7167e-01,
         -1.0829e-01,  7.1572e-02,  2.0545e-01, -1.5709e-02,  2.6003e-01,
          1.0015e-01, -2.0431e-01, -2.9515e-01, -1.9469e-01,  1.1962e-01,
         -4.4647e-03, -1.6849e-01, -1.1830e-02,  2.3802e-02, -1.1165e-01,
          6.5085e-02, -2.1168e-01, -9.3077e-02,  1.1680e-01, -5.9265e-02,
          1.7523e-01,  8.9521e-03,  7.4973e-02],
        [ 5.6588e-02, -1.6962e-02, -9.8666e-02, -1.2621e-01,  1.5113e-01,
         -1.5547e-01, -6.3844e-02, -1.2166e-01,  3.7495e-02, -1.6102e-01,
          5.3866e-02,  3.6225e-02,  2.0512e-01, -9.6346e-02, -1.7176e-02,
         -4.7717e-02,  1.3043e-02,  4.6291e-02, -1.5102e-01,  8.6184e-02,
         -3.1790e-02, -3.2541e-02, -9.3638e-03, -2.9546e-01, -3.8315e-02,
         -1.9444e-01, -4.4933e-02,  1.7244e-01,  7.0470e-02, -2.0136e-01,
         -6.1380e-02,  1.4354e-01, -7.3092e-02, -4.0326e-04,  2.7740e-02,
         -1.0957e-01, -1.5680e-01, -8.7505e-02,  6.5424e-02,  1.5287e-01,
         -2.0060e-01, -2.1189e-02, -1.1611e-01, -9.0124e-02,  6.7296e-02,
         -4.0360e-02, -2.3723e-01,  1.1713e-01,  3.2182e-02, -1.4507e-01,
         -1.0795e-01,  1.0647e-01,  5.7779e-02, -3.1295e-02, -1.6476e-01,
          3.8016e-02, -4.6365e-02,  3.4095e-01, -2.5491e-01,  7.1186e-02,
         -1.4428e-01, -1.0136e-01, -2.0509e-02, -1.8048e-01,  1.8082e-01,
          1.4362e-01,  6.7926e-02,  1.3653e-01, -2.4008e-02, -2.5219e-02,
         -1.7870e-01, -1.7748e-01,  1.8185e-01,  7.7155e-02, -1.6315e-01,
         -7.9905e-02,  4.1806e-02, -1.1134e-01,  1.9832e-02,  1.0893e-01,
         -3.7357e-02,  1.4519e-01, -2.0268e-01, -1.1371e-01, -8.2410e-03,
         -3.6820e-01, -2.9801e-01, -2.8708e-02, -6.2958e-02, -1.0200e-01,
          1.6251e-01, -1.6307e-01,  5.1795e-02,  1.2827e-01, -7.6714e-02,
         -7.9338e-02,  2.1794e-01, -1.1515e-01,  1.4618e-02,  2.3657e-01,
          9.8881e-02, -3.9944e-03,  2.2689e-02,  1.4691e-01, -3.8514e-02,
         -1.9688e-01,  1.4881e-01, -1.2885e-01,  7.3087e-02,  1.7753e-01,
         -1.2753e-01,  1.3615e-02,  2.9859e-02, -2.0262e-02,  1.1687e-01,
         -3.2118e-01, -7.5821e-02,  2.5489e-01,  3.5287e-02, -2.0210e-01,
         -1.0686e-01, -1.4970e-01,  6.8621e-02, -1.1911e-01, -1.6275e-01,
         -6.2215e-02,  5.7267e-02, -1.7208e-01]], dtype=torch.float32)","tensor([-0.0326, -0.0272, -0.8582, -0.0099, -0.0166,  0.0331, -0.0283,  0.0389,
        -0.0574,  0.0250, -0.0414,  0.0528, -0.0040,  0.0466, -0.0471,  0.0358,
        -0.0284, -0.0411,  0.0891, -0.0606, -0.0379,  0.0112,  0.1183, -0.0405,
        -0.0674,  0.1500,  0.0209, -0.0192,  0.0784, -0.0333, -0.0317, -0.0018,
         0.0345,  0.0656, -0.0439, -0.0458,  0.0483,  0.0073,  0.0231, -0.0263,
         0.0611, -0.0420,  0.0328, -0.0449,  0.0079,  0.1061,  0.0420, -0.0191,
         0.0119, -0.0208, -0.0783,  0.0100, -0.0578, -0.0847, -0.0437,  0.0406,
        -0.0282, -0.0520,  0.0576,  0.0378, -0.0361, -0.0053, -0.0111, -0.0304,
        -0.0170, -0.0699,  0.1464, -0.0551, -0.0277,  0.1185, -0.0337,  0.0102,
         0.0640,  0.4585,  0.0161,  0.0296, -0.0267,  0.0365, -0.0048, -0.0390,
         0.0611, -0.0763, -0.0360, -0.0159, -0.0062, -0.0418, -0.0466, -0.0758,
         0.1066, -0.0189,  0.1122, -0.0747, -0.0193, -0.0149, -0.1060,  0.0541,
        -0.0372, -0.0213, -0.0436, -0.0446,  0.0898, -0.6907, -0.0343,  0.0320,
        -0.0386, -0.0121, -0.0073, -0.0190,  0.0348,  0.0366, -0.0337,  0.0124,
        -0.0281, -0.0387, -0.0338,  0.0463,  0.0056, -0.0211,  0.0159,  0.0378,
         0.0103,  0.0096, -0.0256, -0.0808, -0.0296, -0.0541, -0.0081, -0.0163],
       dtype=torch.float32)","tensor([[ 1.8394e-01,  4.5236e-02,  3.2144e-03,  1.7355e-01, -1.1688e-01,
          3.7042e-02],
        [-1.4258e-02, -1.7768e-01, -7.5950e-02, -6.0621e-02,  9.1696e-01,
         -1.9265e-01],
        [-2.0031e-01, -8.9587e-01, -1.0189e+00, -6.0123e-01, -6.2867e-02,
          3.9175e-03],
        [ 1.3543e-01, -3.1111e-01, -3.7356e-02, -6.0307e-02, -1.6188e-01,
         -1.6779e-01],
        [ 2.0292e-01, -1.0503e-01, -1.8708e-01,  2.9740e-02, -3.8823e-02,
         -1.3227e-01],
        [ 1.1704e-01,  1.3575e-01,  2.7994e-01,  1.4744e-01,  5.4116e-02,
         -3.7805e-03],
        [-2.7629e-01,  1.2053e-01,  9.7989e-01,  2.2260e-01,  9.4707e-01,
          6.1447e-02],
        [-2.7053e-01,  5.0195e-02, -5.5474e-01, -2.7070e-01,  1.1959e+00,
         -2.3682e-01],
        [ 1.0913e-01, -1.3406e-01,  3.8037e-01,  2.1677e-03, -2.6798e-02,
         -1.3813e-01],
        [-3.8929e-02,  2.2237e-01,  1.1282e-01, -2.1332e-02,  8.8365e-02,
          1.6835e-01],
        [-9.3149e-03,  1.2435e-02, -1.5686e+00, -3.3596e-01, -4.6874e-01,
         -3.0245e-02],
        [-1.1929e-01, -2.2277e-01, -1.6032e-01, -6.8866e-02, -2.5160e-01,
         -4.6945e-01],
        [ 3.0449e-02, -1.3862e-02, -8.2015e-01, -1.5487e-01, -4.9096e-01,
          1.5574e-01],
        [ 1.6571e-02, -5.5502e-03, -2.9660e-02,  2.2681e-01, -5.4688e-01,
          2.0958e-03],
        [ 2.2101e-01,  6.8601e-02,  7.6049e-03, -3.6976e-02,  6.0031e-02,
          2.2295e-01],
        [-2.8086e-02,  2.3012e-01, -2.8216e-02, -9.1000e-02, -9.3176e-01,
          1.0979e-01],
        [ 1.3552e-01, -3.7913e-02,  3.3976e-02, -1.2983e-01,  2.0203e-02,
          1.3893e-02],
        [ 1.6862e-01,  1.4899e-02, -1.3764e-01,  1.3363e-01, -5.6724e-02,
         -4.7080e-02],
        [-2.6605e-02,  2.0558e-01, -4.5216e-01,  2.6886e-01, -1.0684e+00,
          3.6033e-02],
        [-3.1966e-01,  9.3750e-02,  1.1584e+00, -5.0544e-02, -4.7401e-01,
          3.5866e-03],
        [ 3.0125e-01, -7.7119e-02, -1.1105e-01, -5.0088e-02,  5.5354e-02,
         -9.8281e-02],
        [ 1.4956e-02,  2.9039e-01,  9.6119e-02,  1.3465e-01, -6.0858e-01,
          4.4139e-02],
        [-9.5594e-03,  2.7123e-02,  1.6369e+00,  4.3189e-01, -4.7377e-01,
          1.8305e-01],
        [ 3.1232e-01, -1.5216e-01, -2.5299e-01,  6.2540e-03,  2.4766e-01,
          6.0583e-02],
        [ 1.6179e-02,  1.2484e-02,  1.9975e-01, -2.7527e-04, -2.6266e-01,
         -2.3132e-01],
        [-1.9648e-01, -6.6827e-02,  4.0679e-02,  1.0621e-01, -2.8502e-01,
         -3.9126e-01],
        [-7.4216e-03,  3.6953e-02,  4.5135e-01,  9.7821e-02,  2.8685e-01,
          4.5670e-01],
        [ 2.3425e-01, -1.8368e-01, -1.1504e-01,  3.9116e-02,  2.8434e-02,
         -1.6316e-01],
        [-2.5610e-02,  4.9552e-02, -1.6497e-01,  4.6937e-01, -1.9785e+00,
          1.7489e-01],
        [ 1.5362e-01, -2.0179e-01,  2.6134e-03, -1.7342e-01, -1.2463e-01,
         -1.1670e-01],
        [ 9.9367e-02, -1.0485e-01, -1.3376e-01,  6.9372e-03, -2.8815e-01,
         -1.1532e-01],
        [ 3.7381e-02,  1.7709e-02, -7.8963e-01, -2.0603e-01,  1.2562e-01,
         -2.8589e-01],
        [ 2.5639e-02,  5.5113e-02, -6.1629e-01, -1.9214e-01, -3.9731e-01,
          5.0475e-02],
        [-3.9168e-02,  2.6336e-01,  4.0557e-01,  2.0465e-01,  6.2044e-02,
          3.0865e-01],
        [ 1.9811e-01,  8.6003e-02, -1.5330e-01, -1.0561e-01,  2.4432e-02,
         -1.9809e-01],
        [ 1.1994e-01, -7.3957e-02,  2.0932e-02, -1.6419e-01,  6.9597e-02,
         -1.9245e-01],
        [-1.6889e-02,  1.5740e-01,  3.4215e-02, -1.9692e-01,  1.5397e-01,
          5.2789e-02],
        [-1.7600e-02,  9.1332e-02,  3.2807e-02,  7.0421e-02, -8.6117e-01,
          5.9691e-01],
        [-1.5257e-02,  9.5543e-02,  2.7628e-01,  3.7396e-01, -1.5842e-01,
          3.0867e-01],
        [ 1.8874e-01, -2.6481e-01,  3.1418e-01, -4.3692e-02, -1.9498e-01,
         -1.2691e-01],
        [-2.4797e-01, -2.7280e-02,  7.9777e-03, -2.9297e-01,  1.5508e+00,
         -4.2835e-01],
        [ 5.4084e-02, -3.6084e-02, -2.0067e-03,  1.1180e-01, -3.7318e-01,
          9.2402e-02],
        [-2.4074e-01, -7.1250e-02,  3.9712e-01, -2.1457e-01,  1.7735e+00,
         -5.1954e-01],
        [ 1.9717e-01,  8.2442e-02,  4.1485e-02, -2.5381e-01,  1.1322e-01,
         -1.0140e-01],
        [-6.4312e-02, -1.1228e-01, -1.4397e-01,  1.1947e-01,  3.1245e-02,
         -4.6296e-02],
        [-2.8790e-01,  1.7545e-01, -2.2523e+00, -4.0621e-01,  1.8914e+00,
         -1.4944e-01],
        [ 1.0418e-03,  2.6605e-01, -1.0924e-01, -2.2207e-02, -1.7769e-01,
         -2.1160e-02],
        [-1.5094e-01,  7.0063e-02, -4.5449e-02,  1.3584e-02,  1.6615e-01,
         -1.6125e-01],
        [-5.2538e-02, -2.7682e-01, -1.4802e-01,  4.8606e-02, -9.9636e-02,
         -2.8787e-01],
        [ 1.2610e-01, -1.1786e-01, -8.9841e-02, -9.4156e-02, -1.3070e-01,
         -4.9464e-02],
        [ 2.8861e-01, -1.7343e-01, -4.2820e-01, -1.0228e-01,  1.0151e-02,
         -2.2731e-02],
        [-3.5566e-02,  1.4410e-01, -3.3902e-01, -3.0390e-01,  9.7631e-02,
          1.4789e-01],
        [ 2.5969e-01, -1.7690e-01, -3.9291e-01,  2.7625e-02, -1.9330e-01,
         -3.5964e-01],
        [ 3.1797e-01,  6.0827e-02, -3.7567e-01, -8.3902e-02, -2.2828e-01,
         -2.2796e-01],
        [ 4.2692e-02, -2.1173e-01,  1.1603e-01, -1.7076e-02, -7.8001e-01,
         -1.9663e-01],
        [-4.9302e-02,  1.3378e-01, -8.6263e-01, -4.2385e-01,  6.8259e-02,
          8.9901e-02],
        [-1.4345e-02,  1.1910e-01, -9.4141e-01,  2.6551e-01,  4.3116e-02,
         -9.8741e-03],
        [ 3.3486e-01, -2.0491e-01,  5.9748e-02, -3.0249e-02, -3.9356e-02,
         -2.1290e-01],
        [-2.1663e-01, -1.0090e-01, -2.0739e+00,  6.9692e-03,  8.0032e-01,
         -7.2276e-02],
        [ 1.9040e-03,  7.8969e-02, -3.4920e-02,  2.8357e-02, -1.5076e-01,
          1.4700e-03],
        [ 2.1894e-01, -8.3503e-02, -5.5173e-01, -5.4501e-02, -2.5369e-01,
          1.2434e-01],
        [ 1.7180e-02,  1.7817e-01, -6.6853e-01,  1.0226e-01,  3.3759e-01,
         -1.7260e-01],
        [ 7.9581e-02, -1.8613e-01,  2.8306e-01, -2.1755e-02, -5.1061e-03,
         -2.6616e-01],
        [ 1.4386e-01, -5.8980e-02, -1.6468e-01, -1.6181e-01, -1.1357e-01,
         -1.7273e-02],
        [ 2.3857e-01, -1.7304e-01, -2.7655e-01, -1.3297e-03,  1.3654e-01,
         -8.3444e-02],
        [ 1.1218e-01, -1.0135e-01,  2.1036e-01, -1.6541e-02, -2.0713e-01,
         -4.3872e-02],
        [-2.5168e-01,  2.8160e-01, -5.7171e-01, -1.2580e-01, -5.1477e-01,
          6.7897e-02],
        [ 1.9926e-01, -6.4043e-03,  3.5366e-02, -1.8101e-01, -4.7698e-02,
         -1.4427e-01],
        [ 7.7197e-02, -1.5929e-01, -4.9621e-01,  4.1353e-02, -1.1674e-01,
         -2.1428e-01],
        [-2.3021e-01,  3.5320e-02,  2.1713e+00,  5.8255e-01, -4.4959e-01,
         -4.4878e-01],
        [ 1.1938e-01,  8.6300e-02, -1.4107e+00, -5.6627e-02, -2.1170e-01,
          2.3139e-02],
        [-8.6648e-02, -1.3957e-01, -2.3728e-01,  1.2796e-01,  4.2107e-01,
         -1.7577e-01],
        [-2.6697e-01,  7.2173e-02,  1.2327e+00,  8.2953e-01, -7.9454e-01,
         -1.1195e-02],
        [-1.4124e-01,  1.6077e-01,  5.1526e-01, -1.2384e-02, -5.6399e-02,
          2.4075e-01],
        [-1.5135e-01, -1.2910e-01, -1.4560e-01,  3.7132e-01, -1.6962e+00,
          4.2380e-02],
        [-8.9106e-03, -1.4011e-01, -2.6728e-02, -2.4778e-02, -8.1054e-02,
         -1.8102e-01],
        [ 1.3335e-01, -8.9950e-02,  5.0316e-02, -2.2078e-01, -1.0241e-01,
         -1.0781e-01],
        [-2.6845e-02,  1.3529e-01, -3.6923e-02,  3.0202e-02, -7.1737e-01,
          5.4429e-01],
        [ 2.0338e-01, -1.0469e-02,  9.7654e-02,  2.2072e-01, -6.9102e-02,
         -9.0678e-02],
        [-2.8436e-03, -7.3505e-02,  1.0144e-01,  2.7255e-02, -1.7820e-01,
         -7.4970e-02],
        [-3.3404e-02,  1.0227e-02,  1.9275e-01,  8.8102e-02, -1.1003e+00,
          3.8122e-01],
        [ 2.2049e-01,  1.4524e-01, -2.5662e+00, -3.4842e-01,  1.0427e-01,
         -1.5967e-01],
        [ 8.9665e-02, -4.4276e-02,  1.5553e-01, -1.6947e-01,  1.2517e-01,
         -1.3235e-01],
        [ 6.5725e-02,  1.1902e-01,  5.9903e-01,  2.5476e-02,  1.7857e-01,
         -2.7496e-01],
        [ 1.1490e-01, -2.2622e-01, -2.7925e-01, -1.3456e-01, -1.6388e-02,
          4.6032e-02],
        [ 1.3989e-01, -1.0363e-01, -2.1336e-01, -4.2572e-02, -1.2125e-01,
          1.5665e-01],
        [ 9.5504e-02,  1.9381e-01,  1.1681e-01, -5.9705e-02, -1.3280e-01,
          4.6126e-03],
        [-3.2238e-02, -9.5370e-02, -6.8171e-02, -4.7433e-02,  3.2010e-01,
         -1.5368e-01],
        [-5.5631e-02,  1.1301e-01,  1.6598e+00,  8.2266e-03,  8.8459e-01,
          2.4592e-02],
        [ 1.8202e-01, -1.2557e-01, -3.7029e-02, -1.6698e-02,  1.8387e-01,
          2.9689e-02],
        [-1.9676e-02,  1.8697e-01, -4.8991e-01,  1.8632e-01, -8.7618e-01,
         -2.2823e-01],
        [ 9.5785e-02, -2.7225e-02,  3.9000e-01, -2.4038e-01,  6.1449e-01,
         -2.0143e-01],
        [ 1.1394e-01,  3.1705e-02, -9.4149e-03, -1.1708e-01,  1.5823e-01,
         -8.4439e-02],
        [ 6.6889e-02,  3.1842e-01,  3.3258e-01, -2.4645e-02, -1.7498e-01,
         -2.9249e-01],
        [-3.9503e-02,  1.2876e-01, -1.0158e+00, -1.7244e-01, -7.4028e-03,
         -1.3504e-01],
        [-1.4123e-02,  1.7243e-01,  6.1311e-02,  5.7112e-01, -7.9564e-01,
         -2.3639e-02],
        [ 1.1336e-01, -9.5388e-02,  4.5700e-02,  1.7937e-01, -2.4691e-01,
         -3.3899e-02],
        [ 1.8250e-01, -1.5062e-01,  2.2600e-01,  1.0102e-02, -7.4874e-02,
         -5.5806e-02],
        [ 1.8607e-01, -6.2701e-02,  6.3345e-02, -2.1427e-01, -7.5489e-02,
         -2.8610e-02],
        [ 5.1847e-02, -1.2895e-01, -7.2457e-01, -1.0328e-01, -2.5267e-01,
         -4.5493e-02],
        [-2.5192e-01, -2.6165e-02, -1.6999e+00, -5.9245e-02,  1.1104e+00,
         -3.0481e-01],
        [-1.1983e-01, -8.3986e-01, -9.6902e-01,  6.4611e-01,  8.9612e-02,
         -3.1539e-01],
        [ 1.2648e-01, -3.9995e-02, -1.7093e-02, -9.8422e-03, -1.2374e-01,
         -2.1912e-01],
        [-3.5278e-02,  2.3550e-01,  5.9328e-01, -3.3350e-01,  7.3125e-01,
          1.9197e-01],
        [ 8.6321e-02, -1.0508e-01, -4.8507e+00, -2.0032e-01,  1.0625e-02,
         -8.4120e-02],
        [-6.7440e-02, -8.2944e-02, -8.7716e-02,  9.7757e-03,  3.1339e-01,
         -1.1413e-01],
        [ 9.9033e-02, -1.0647e-02, -7.4501e-02, -1.0199e-02,  1.5645e-01,
         -2.0199e-01],
        [ 1.4727e-01, -1.4230e-01, -2.2260e-02,  2.7600e-02,  5.8114e-02,
          4.9183e-02],
        [-6.6450e-02, -2.0897e-01,  1.6653e-02,  1.8926e-01,  5.2492e-02,
         -2.0614e-01],
        [-2.7795e-01,  1.6080e-01, -9.2230e-01, -3.9161e-01,  1.3498e+00,
         -1.2413e-01],
        [ 3.3197e-03,  4.6509e-02, -2.1809e-01,  1.4513e-01, -8.1231e-01,
          1.4027e-01],
        [-5.9163e-02, -1.2816e-01, -3.9214e-01,  4.1348e-02,  2.6773e-01,
         -3.2750e-01],
        [ 7.5715e-02, -1.2952e-01, -4.1119e+00, -9.5967e-02, -3.4330e-02,
          9.5829e-02],
        [ 1.5336e-01,  1.1457e-01,  6.0626e-02,  2.1538e-01, -3.4256e-02,
         -1.0585e-01],
        [ 7.3506e-02,  1.9105e-01,  3.7093e-01, -1.2707e-01, -4.6237e-01,
         -1.5913e-01],
        [-1.1524e-02,  1.2226e-01,  1.4826e+00,  1.0745e-01, -1.6945e-02,
          2.7753e-01],
        [-1.0779e-02,  8.4317e-02, -5.3583e-01,  1.3707e-01, -1.0345e+00,
          1.7271e-01],
        [ 1.3733e-01, -8.1229e-02, -1.0072e-01, -9.8739e-02,  4.2183e-02,
         -2.4125e-01],
        [ 6.9946e-03, -1.9690e-02, -3.6916e-01,  8.1169e-01, -5.3422e-01,
          2.2600e-01],
        [ 2.0340e-02,  4.8158e-02, -2.9138e-01, -3.0809e-02, -1.9927e-01,
          1.0634e-03],
        [ 9.4158e-02,  8.7446e-02, -7.2143e-02, -4.7746e-02,  1.5524e-03,
          8.4233e-02],
        [ 1.1897e-02,  1.8668e-01, -3.1562e-01,  8.1519e-02, -6.7736e-01,
         -2.2932e-01],
        [ 2.3251e-01, -1.7485e-01,  1.5566e-01,  2.7904e-02,  1.1737e-01,
         -1.3255e-01],
        [-1.0565e-01,  8.5474e-02,  7.9178e-03, -8.0649e-02, -2.7206e-01,
         -2.1281e-01],
        [ 2.7136e-04, -1.2998e-01,  1.8035e-02, -4.4703e-02,  3.6491e-02,
         -2.0752e-01],
        [ 6.8589e-02, -1.2273e-01,  4.9786e-01,  1.2536e-01,  2.7515e-01,
          1.3244e-01],
        [ 1.1744e-01, -1.7006e-01,  4.0672e-01, -7.3000e-02, -6.4861e-02,
         -1.3509e-01],
        [ 1.3947e-01, -8.2919e-02,  2.4695e-01,  2.0131e-01,  5.9221e-02,
          1.6958e-01]], dtype=torch.float32)","tensor([-0.0287, -0.0677,  0.0349, -0.0259, -0.0423, -0.0018, -0.0671, -0.0497,
         0.0177,  0.0812,  0.3233,  0.0842, -0.0073, -0.0084, -0.0342,  0.0089,
         0.0165,  0.0945, -0.0507,  0.0122, -0.0129, -0.0191,  0.0445,  0.0649,
        -0.0131,  0.0115, -0.0476,  0.0328,  0.0619, -0.0465, -0.0126,  0.1538,
         0.0868,  0.0846, -0.0278,  0.0930, -0.0406,  0.0713,  0.1637, -0.0061,
         0.0924, -0.0253, -0.0614,  0.2192,  0.0687,  0.0193, -0.0555, -0.0853,
        -0.0634, -0.0257, -0.0197, -0.0159, -0.0333,  0.0794,  0.1469, -0.0246,
        -0.1630, -0.0110, -0.0036, -0.0395, -0.1513,  0.0124,  0.0744,  0.0594,
        -0.0144, -0.0008, -0.0205, -0.0498,  0.0013,  0.0780, -0.0691, -0.0253,
         0.0081,  0.0148,  0.0711,  0.2901,  0.1849,  0.0684,  0.0811,  0.1234,
         0.0580,  0.0121,  0.0300, -0.0312, -0.0079,  0.2112, -0.0325,  0.3662,
         0.0662, -0.0226,  0.1105,  0.3767,  0.0379,  0.0675,  0.0822, -0.0207,
        -0.0367,  0.1765,  0.1349, -0.0597, -0.0069, -0.0086, -0.0167,  0.0250,
         0.1633,  0.2599,  0.0361,  0.0657, -0.0072,  0.0581,  0.0885, -0.0224,
         0.0247,  0.0080,  0.0317,  0.0076,  0.0684, -0.0587, -0.0026, -0.0642,
        -0.0697,  0.0012,  0.0450, -0.0337, -0.0424, -0.0198,  0.0005,  0.0090],
       dtype=torch.float32)","tensor([[ 0.1998,  0.0168,  0.1026,  ..., -0.0032,  0.0562,  0.0396],
        [ 0.0213, -0.0399,  0.2152,  ...,  0.0454,  0.0825,  0.0567],
        [ 0.0533,  0.0958,  0.1725,  ...,  0.0655,  0.2038, -0.0981],
        ...,
        [-0.1415, -0.0484, -0.2001,  ...,  0.0671, -0.1349, -0.0337],
        [ 0.0174,  0.0099,  0.0579,  ..., -0.1397,  0.0667, -0.0677],
        [-0.0795, -0.0845, -0.7105,  ..., -0.0622, -0.0783, -0.0506]],
       dtype=torch.float32)","tensor([ 0.0352,  0.0594,  0.0484, -0.1574, -0.1259], dtype=torch.float32)","tensor([[ 1.0069e-02,  3.1301e-02, -4.1805e-03, -4.7131e-02,  2.6554e-01,
          6.7553e-02,  1.8613e-01, -6.7058e-02, -7.6335e-02, -1.9928e-01,
         -1.0160e-01, -2.2593e-01,  5.2133e-02, -7.4813e-02,  6.9610e-02,
         -8.4694e-02, -1.0370e-01, -1.2645e-01,  1.7808e-01, -2.2630e-01,
         -7.3351e-02,  1.8081e-01,  1.5103e-01, -1.8819e-01,  2.0305e-01,
         -1.2092e-01,  1.7072e-02, -1.0067e-01, -5.4086e-02, -5.2760e-01,
          1.3430e-01, -1.1491e-01,  9.5091e-03, -4.6556e-02,  3.3719e-01,
         -1.0939e-01, -3.1341e-03,  1.0316e-01,  1.3313e-01, -1.7055e-02,
         -1.9108e-01,  3.6714e-03, -1.0549e-01,  8.8210e-02, -2.6108e-01,
         -2.9007e-01, -6.0643e-03, -6.5829e-01,  1.0798e-01, -1.6185e-01,
          2.5989e-01, -2.2618e-01,  1.0079e-01,  1.8499e-01, -2.2795e-01,
          1.4009e-02,  9.5317e-02,  7.6651e-02, -1.1212e-01, -9.8654e-02,
          1.0101e-01,  1.6261e-01,  5.6443e-02,  8.5176e-02, -5.5670e-02,
         -1.4542e-01,  1.4265e-01, -1.8196e-02,  5.3717e-02,  6.4150e-02,
          3.0323e-02, -1.9008e-01, -2.5736e-01,  2.3167e-02, -4.6942e-01,
         -3.3117e-02, -1.5072e-01, -1.3991e-01, -1.1145e-01, -1.6727e-01,
         -9.3241e-02,  2.0664e-02, -1.5388e-01, -1.5721e-01, -4.2231e-02,
         -5.3191e-02,  2.1855e-01, -7.6688e-02, -2.8663e-02,  1.9178e-01,
         -6.1033e-02, -9.6375e-02, -2.2583e-01, -1.2650e-01,  2.2556e-02,
          4.1381e-02, -1.0906e-01,  1.5101e-01, -4.9733e-02, -1.2981e-03,
         -1.8182e-01,  5.9005e-02, -2.1388e-01, -9.9521e-02,  2.0150e-01,
         -9.5075e-02, -3.5276e-02, -1.1464e-01, -1.1468e-01,  9.7060e-02,
          2.4438e-01,  1.5511e-01,  1.6888e-01, -9.7569e-02, -4.7674e-02,
         -4.6537e-03,  3.1527e-01,  1.2499e-01, -3.6130e-02, -1.0296e-01,
         -4.8669e-02,  1.5193e-01, -1.8472e-01,  1.7479e-01,  4.1300e-02,
         -8.3302e-01,  2.2013e-01, -6.1975e-02],
        [ 2.7342e-02, -4.4251e-02, -2.8277e-01, -1.2818e-01,  7.2212e-02,
         -3.6350e-01,  1.1439e-01,  7.4387e-02, -8.3105e-02, -2.4559e-01,
          1.8814e-02,  7.0962e-02, -7.2478e-02,  1.7431e-01,  1.6137e-01,
         -9.4077e-02,  1.1281e-01,  4.8508e-02,  8.9527e-02, -2.3588e-01,
         -2.3912e-01,  1.6417e-01,  1.3102e-01,  2.8296e-02,  1.2663e-01,
         -9.9042e-02,  2.6625e-02,  1.1693e-01,  6.8122e-02, -2.8367e-01,
          4.8898e-02, -4.3461e-03,  3.0385e-02,  1.3084e-01,  1.9982e-01,
         -3.5374e-01,  1.6286e-01,  2.5241e-01,  1.3664e-01, -3.5258e-01,
          1.8351e-01,  2.0176e-01, -2.5095e-01,  1.5759e-01,  1.1269e-01,
         -2.7808e-01, -2.8293e-03,  1.0583e-01,  6.5021e-02, -2.0953e-01,
          1.0030e-01, -2.7867e-01,  2.2749e-01, -2.6207e-01, -1.6341e-01,
         -7.6880e-03,  3.4166e-02, -2.1769e-01, -3.8083e-01,  3.3048e-02,
         -6.8514e-02, -4.1868e-01,  1.7627e-01,  2.1548e-01, -4.4243e-02,
         -4.8917e-01,  7.9928e-02,  9.8527e-02, -5.2531e-02, -3.2083e-01,
          1.0892e-01, -6.4749e-02, -1.5249e-01, -2.6357e-01, -2.7804e-01,
          2.2379e-01,  9.9385e-02, -3.1069e-01,  1.4871e-01,  2.0491e-01,
         -4.4084e-01, -2.3154e-01, -4.0729e-01,  3.1235e-02,  7.5087e-02,
         -2.5241e-01, -2.0173e-02,  1.9475e-01,  4.5388e-02,  5.5258e-02,
         -1.6098e-01,  5.1795e-02, -1.9661e-01,  1.2360e-01, -1.8165e-01,
          3.3417e-02,  1.4057e-01, -6.0546e-02, -3.2781e-01,  4.9638e-02,
          9.9310e-02,  6.2140e-02, -2.6285e-01, -2.9284e-01,  1.5596e-01,
          6.4268e-02, -2.9581e-02, -1.2728e-01,  1.0173e-02, -1.3989e-02,
         -5.8221e-02,  1.2314e-01, -1.3837e-01, -2.3533e-01,  2.0876e-01,
          1.3587e-01, -8.0694e-02, -4.1691e-02, -4.6145e-02,  1.7966e-01,
         -2.2305e-01,  3.6344e-02,  9.0039e-02,  1.3513e-01,  2.0437e-01,
         -6.5704e-01,  2.2173e-01, -1.7691e-01],
        [ 1.3674e-02,  1.6207e-01,  1.0460e-01, -1.6908e-01,  6.9341e-02,
         -1.7698e-01,  1.1329e-01,  6.4420e-02,  1.2307e-01, -1.1830e-01,
          6.1053e-02, -1.0400e-02, -3.7858e-02,  2.1806e-01,  1.6490e-01,
         -1.5989e-01, -5.4405e-02,  3.7693e-03,  7.1165e-02, -2.1550e-01,
         -1.7855e-01,  1.7421e-01, -1.5979e-01,  1.8853e-01,  2.9434e-01,
         -3.4242e-01,  2.8333e-01,  1.5499e-01, -7.5884e-02, -1.1999e-01,
         -7.5944e-03,  4.1406e-03,  1.2950e-01,  2.3379e-01, -7.5612e-02,
         -2.1380e-01,  3.0799e-01,  3.2494e-01, -8.9122e-02, -1.2935e-01,
          1.4363e-01,  4.2192e-01, -7.5806e-02,  5.0788e-03,  5.7379e-02,
         -1.6121e-01,  1.0618e-01, -2.7332e-01,  6.1806e-02,  2.1234e-02,
          2.9148e-01, -7.5986e-02,  2.8388e-01,  2.2688e-01, -6.3433e-02,
          1.0748e-01,  5.6180e-02, -1.7414e-01, -2.8856e-01,  2.4043e-01,
         -6.8758e-03,  2.1000e-02,  1.5284e-01,  7.6157e-02,  1.4333e-01,
         -6.7065e-02,  1.2227e-01,  8.8532e-02,  2.6449e-01, -1.3836e-01,
          1.1531e-01, -2.4095e-01, -1.6663e-01, -2.8242e-01, -1.4932e-01,
          8.0678e-02,  1.2035e-01, -1.8066e-02,  2.8230e-01,  1.1410e-01,
         -3.1837e-02, -1.0567e-01, -1.2533e-01,  5.5677e-02, -4.4589e-02,
         -2.3589e-01,  2.3399e-01, -2.4068e-01, -6.7061e-02,  2.2311e-01,
          1.3691e-02,  2.0133e-01, -2.7490e-01,  1.2672e-01, -1.0083e-01,
          1.8966e-01,  6.9504e-02, -1.3713e-02, -7.0512e-02,  1.7674e-01,
         -1.0818e-01,  1.3118e-01, -2.6183e-01, -1.6900e-01, -2.0652e-01,
          2.8902e-02, -3.7361e-02,  1.8874e-01, -1.6749e-01, -1.6154e-01,
         -9.2612e-02,  2.0833e-02, -2.4950e-01, -1.3058e-01,  6.8712e-02,
         -8.2835e-02,  1.5634e-01,  1.3440e-01,  9.7215e-02, -1.1207e-02,
         -1.3966e-01,  3.4113e-01, -1.2429e-01,  2.0009e-01,  2.0443e-01,
         -3.4526e-01,  2.8552e-01, -1.1683e-01],
        [ 1.2337e-01,  1.5191e-02, -1.0095e-01,  2.7878e-01, -4.4575e-02,
          8.9446e-02, -2.1512e-01, -1.3606e-01,  8.2119e-02,  1.3883e-01,
          3.2606e-02,  3.3004e-02, -8.0445e-02,  1.6464e-02,  1.8860e-04,
         -8.3212e-02, -4.7451e-02, -5.4407e-02, -2.9338e-02,  1.1827e-01,
         -1.2692e-02, -1.2469e-01, -2.0622e-01,  2.5738e-01,  9.2557e-02,
          1.3133e-01, -1.8536e-01, -1.2800e-01, -1.2840e-01, -1.7097e-01,
          4.9608e-02, -1.8542e-01, -9.2838e-02, -2.7325e-02, -7.3235e-02,
          1.6227e-01,  6.0175e-02, -8.8126e-02,  1.4174e-02,  1.5762e-01,
          3.7127e-02, -2.6286e-02,  6.8811e-02, -3.4400e-02,  1.7300e-02,
          2.7161e-01, -1.9305e-01,  1.4305e-01, -5.8790e-03,  2.1286e-01,
          4.1163e-02,  2.0694e-01, -1.5340e-01, -7.4630e-02,  1.5785e-01,
         -3.2066e-02,  6.1643e-02,  2.8370e-01,  3.0591e-01, -1.2443e-01,
         -6.4402e-02,  5.1484e-02, -2.1343e-01, -1.8560e-01, -3.6076e-02,
          2.0149e-01, -1.1621e-01, -1.0218e-01, -5.0666e-02,  2.3674e-02,
         -1.1391e-01,  1.1191e-01,  6.2837e-02,  1.3817e-01,  3.3060e-01,
          2.9596e-02, -7.5502e-02,  2.0067e-01,  8.8055e-03,  2.2537e-02,
         -2.8222e-02, -1.3454e-01,  1.0112e-01, -9.3557e-02,  3.8710e-02,
         -9.9399e-02,  1.6909e-02,  3.1830e-04,  2.2271e-02,  4.2208e-02,
          2.5304e-01,  2.8861e-01,  3.9155e-01,  8.8846e-02,  2.6702e-01,
          2.0043e-01, -3.0148e-02, -2.0590e-01,  1.9280e-03, -2.9692e-02,
          3.5425e-01,  1.0236e-03,  1.7782e-01,  9.2957e-02,  1.1456e-01,
         -1.8985e-01,  3.0740e-01, -1.0414e-01,  9.7720e-02, -3.3290e-01,
         -1.0628e-01, -3.9839e-02,  1.8787e-02,  3.6962e-01,  1.3493e-01,
         -8.6359e-02,  7.2480e-02,  8.7461e-03, -3.4137e-01, -1.7974e-01,
          1.0017e-01, -1.6860e-01,  3.0086e-02, -4.6623e-02, -6.2060e-02,
         -9.2566e-02, -4.6249e-02,  5.3404e-02],
        [-3.4521e-01, -1.7574e-01, -3.2909e-01,  7.8895e-02, -3.2187e-02,
         -1.1247e-01,  3.0796e-02, -2.4077e-01, -2.2825e-01,  2.2486e-01,
          2.1833e-03, -1.4186e-01, -2.1240e-01, -1.8673e-01, -1.2076e-01,
          1.9071e-01, -3.0407e-02, -5.4854e-02, -1.7059e-01,  1.0771e-01,
          2.4933e-02, -2.9211e-01, -9.2616e-02, -8.3268e-04, -1.4501e-01,
          3.5407e-02, -1.3814e-01,  2.7505e-01, -1.2160e-01,  5.6193e-02,
         -2.1757e-01, -2.4253e-02, -1.7498e-01, -3.8690e-02, -2.6406e-01,
          1.2083e-01, -2.3576e-01, -1.8945e-01, -1.5301e-02, -2.3770e-02,
          1.3145e-01,  9.7870e-02,  3.5095e-01,  6.4553e-02,  9.0384e-02,
          5.3332e-02, -2.1217e-01,  1.4496e-01, -1.6525e-01,  2.2163e-01,
         -1.6867e-01,  3.8268e-01, -1.0891e-01,  9.4502e-03,  1.6271e-01,
         -2.0501e-01, -8.7958e-02, -5.2139e-02,  2.3209e-01, -1.6755e-01,
         -2.5374e-01,  4.6294e-01, -2.0186e-01, -2.3821e-01, -1.5952e-01,
          2.0496e-01, -2.2925e-01, -2.1429e-01,  9.0035e-02,  2.1005e-01,
         -1.6057e-01, -7.5256e-02,  3.7164e-02,  6.2463e-02,  5.9619e-02,
          1.8162e-01,  1.2406e-01,  4.3048e-02,  1.0795e-01, -3.1298e-02,
          2.3801e-01,  1.8221e-01,  3.0107e-01, -2.4941e-01,  3.4429e-01,
          1.7759e-01,  2.4538e-02, -2.6150e-01, -1.0199e-01, -1.7336e-01,
          2.9148e-01, -1.3783e-01,  1.1103e-01,  1.0450e-01,  3.8211e-01,
         -1.4110e-01, -2.3077e-01, -7.7466e-03,  2.3249e-01, -1.9280e-01,
          1.6511e-01, -2.4300e-01,  6.1962e-03,  1.0414e-01,  5.1278e-02,
          3.9826e-02,  1.5297e-01, -1.0514e-01, -5.6043e-02, -1.4039e-01,
         -1.8217e-01, -1.4929e-01,  6.8299e-02,  2.0900e-01, -1.5063e-01,
          2.5919e-02,  7.4543e-02, -1.4237e-01, -1.3262e-01,  1.3733e-01,
          2.5079e-01, -1.7035e-01, -3.4429e-02, -9.0163e-02, -1.8637e-01,
          6.9494e-01, -9.4955e-02,  2.1879e-01]], dtype=torch.float32)","tensor([0., 0., 0., 0., 0.], dtype=torch.float32)","tensor([1., 1., 1., 1., 1.], dtype=torch.float32)","tensor([ 4.8034e-03,  1.8594e-01,  1.0724e-01,  4.1940e-01,  2.9879e-01,
         1.4061e-02,  1.9743e-02,  3.2013e-04, -1.9674e-01, -1.0735e-01,
         2.1070e-02, -5.5563e-02,  4.0663e-02,  6.4200e-02, -4.7185e-02,
        -4.9221e-02,  3.0029e-01,  4.7002e-03, -2.1452e-02,  4.2453e-03,
        -3.5337e-02, -5.2769e-02,  1.9458e-01,  3.1179e-02, -7.3962e-02,
        -1.6604e-02,  2.8347e-02, -1.9284e-02, -5.5323e-02, -9.3258e-02,
         2.5665e-02,  1.5712e-02,  4.8919e-02,  3.1084e-01, -1.6131e-02,
        -1.0662e-01, -8.6825e-02, -7.9016e-03,  3.8575e-02,  3.7313e-02,
        -4.8387e-02,  3.7426e-02,  7.6982e-02,  1.3034e-01, -2.6706e-02,
         7.1181e-02, -5.3490e-02,  3.6647e-02,  1.7327e-01,  1.5202e-01,
        -6.0993e-02,  1.4996e-01,  5.2420e-02,  2.2273e-01, -6.8437e-02,
        -8.5202e-02,  9.4176e-02, -6.4526e-02,  3.8792e-02,  6.3727e-02,
         3.8298e-01, -1.0124e-01, -2.7097e-01,  1.3888e-02,  1.7936e-01,
        -1.0072e-01,  4.2507e-02,  2.7343e-01, -1.2564e-01,  1.6448e-01,
         6.2174e-02,  4.1159e-02, -3.9460e-02,  8.0932e-03,  2.7290e-02,
        -7.0095e-02, -3.1371e-02, -1.2890e-01, -7.5364e-02, -6.1642e-01,
         9.2760e-02, -3.0906e-01, -1.1499e-01,  6.9074e-02, -2.1832e-02,
        -2.0871e-02, -4.8814e-02, -1.1851e-01, -3.4197e-02,  7.2844e-02,
        -1.3851e-01, -8.8745e-03,  1.2394e-01, -4.5101e-01, -6.4815e-02,
        -3.2329e-02,  4.1190e-01, -8.4481e-02,  1.7533e-01, -1.1317e-02,
         2.7625e-01, -2.1205e-02, -4.9790e-02,  7.0156e-04,  1.2229e-01,
        -1.5796e-02,  1.1597e-02, -1.5759e-01, -2.0681e-02,  1.3959e-01,
         1.0635e-01, -7.7478e-03,  2.9977e-02, -1.9251e-02, -4.9401e-02,
        -3.0705e-03,  6.5577e-02, -2.3989e-04, -2.3057e-02,  5.5199e-02,
         9.1450e-02,  1.4292e-01, -5.0025e-01,  2.7633e-01, -3.4414e-02,
         1.7682e-02,  3.6666e-02, -1.4249e-02], dtype=torch.float32)","tensor([[ 0.2002,  0.2013,  0.0158,  ...,  0.1661,  0.1286, -0.0876],
        [-0.1756,  0.0809, -0.0445,  ...,  0.0378, -0.0242, -0.1067],
        [-0.0108, -0.0798,  0.0921,  ..., -0.1495, -0.0546,  0.1232],
        ...,
        [ 0.2635,  0.1356, -0.0076,  ..., -0.1567,  0.1112, -0.0863],
        [-0.1353, -0.2653,  0.2649,  ...,  0.1084, -0.0512,  0.0515],
        [-0.0882, -0.0682,  0.1505,  ...,  0.1462, -0.0833, -0.2261]],
       dtype=torch.float32)","tensor([ 0.0199,  0.0372, -0.0306,  0.0391,  0.0418, -0.0358,  0.0253,  0.0340,
         0.0415,  0.0610, -0.0255, -0.0091,  0.0397,  0.0080,  0.0394,  0.0076,
        -0.0049,  0.0359, -0.0164,  0.0377,  0.0038,  0.0331,  0.0316,  0.0035,
        -0.0428,  0.0462, -0.0277, -0.0257, -0.0083, -0.0199,  0.0046,  0.0666,
         0.0373,  0.0071,  0.0092, -0.0166, -0.0087, -0.0181,  0.0253, -0.0037,
        -0.0694, -0.3285,  0.0189, -0.0205, -0.0315,  0.0318,  0.0383, -0.0138,
         0.0395, -0.0218, -0.0055,  0.0130, -0.0250, -0.0480,  0.0330,  0.0013,
         0.0168, -0.0496,  0.0418, -0.0080,  0.0017,  0.0367, -0.0079,  0.0422,
         0.0294,  0.0375, -0.0238, -0.0167,  0.0283, -0.0135, -0.0028,  0.0385,
         0.0312, -0.0425, -0.0237, -0.0248, -0.0016,  0.0317, -0.0074,  0.0336,
         0.0190,  0.0394,  0.0089,  0.0284, -0.0034, -0.0058, -0.0215,  0.0347,
         0.0499,  0.0378, -0.0081,  0.0392,  0.0164, -0.0308,  0.0769,  0.0434,
         0.0118,  0.0449,  0.0706,  0.0469, -0.0236,  0.0487, -0.0367, -0.0033,
         0.5556,  0.0366, -0.0393,  0.0037,  0.0292,  0.0006,  0.0392, -0.0524,
        -0.0178,  0.0249, -0.0291,  0.0023, -0.0182, -0.0018,  0.0446,  0.0721,
        -0.0535,  0.0063,  0.0096,  0.0794, -0.0286,  0.0379,  0.0236, -0.0489],
       dtype=torch.float32)","tensor([[ 0.0138, -0.0234,  0.1150,  ...,  0.0265, -0.0252, -0.1843],
        [ 0.0961, -0.0239, -0.0191,  ..., -0.0766,  0.1127, -0.1390],
        [ 0.2487,  0.0669, -0.0451,  ..., -0.0136, -0.4896,  0.0980],
        ...,
        [ 0.0786, -0.1714,  0.0111,  ..., -0.2043,  0.0174, -0.0654],
        [ 0.0469, -0.0292,  0.0078,  ..., -0.0096,  0.0750, -0.0456],
        [ 0.0653,  0.1114,  0.2336,  ...,  0.0518, -0.0843,  0.0554]],
       dtype=torch.float32)","tensor([0.], dtype=torch.float32)","tensor([[-0.1417,  0.2737,  0.0467, -0.1153, -0.1635,  0.1460,  0.0790,  0.0707,
         -0.0560, -0.2248,  0.1463,  0.1469, -0.0354, -0.0490, -0.0360,  0.0762,
          0.2908,  0.1135,  0.2113,  0.1801, -0.0742, -0.1014,  0.0600,  0.1118,
         -0.2102, -0.0973, -0.1854,  0.1844,  0.3021, -0.1715,  0.1757, -0.1175,
          0.2226, -0.1312,  0.2141,  0.0778, -0.0358, -0.0869, -0.0792,  0.0640,
         -0.0472, -0.0823, -0.0260,  0.1741,  0.1254, -0.1620, -0.1349,  0.2010,
         -0.0899,  0.0964,  0.1310,  0.2354,  0.0316,  0.0896,  0.0620,  0.2140,
         -0.0923,  0.1358, -0.2325, -0.1648,  0.2019,  0.1478,  0.1320, -0.0575,
          0.0946, -0.0557,  0.2654,  0.0706,  0.1139,  0.2068,  0.1454,  0.2224,
          0.2230,  0.0717, -0.1404,  0.1426,  0.1163,  0.1022,  0.1402, -0.0863,
         -0.1673, -0.2284,  0.1167, -0.2388,  0.0812,  0.1886,  0.0772,  0.1445,
         -0.1776, -0.1986,  0.1467,  0.0669, -0.1797,  0.1397, -0.0853, -0.0805,
         -0.0569, -0.0603, -0.1396, -0.1006,  0.1936, -0.1553,  0.0616, -0.2922,
         -0.2267, -0.0398,  0.1780,  0.2746,  0.3265,  0.1705, -0.1557,  0.0704,
          0.1770, -0.1709,  0.1268,  0.1416,  0.1263,  0.2645, -0.0917, -0.1491,
          0.0762, -0.0746,  0.1031, -0.2171, -0.1801, -0.0831, -0.1975,  0.1224]],
       dtype=torch.float32)","tensor([0., 0., 0., 0., 0., 0., 0., 0., 0., 0., 0., 0.], dtype=torch.float32)","tensor([1., 1., 1., 1., 1., 1., 1., 1., 1., 1., 1., 1.], dtype=torch.float32)",state_dict,cuda,no_unique_match:0,1768080397
2,1,1.0,../results/models/2p/w_10,../results/models/2p/w_10/f_netCTNN.pt,../results/models/2p/w_10/backflowCTNN.pt,../results/tables/newer/runs/N2_omega1/w_10.json,needs_MODEL_FACTORY_for_state_dict,model_load_failed,PINN,"tensor([-0.0064,  0.0027, -0.0047,  0.0044,  0.0064,  0.0019,  0.0145, -0.0049,
        -0.0050,  0.0085, -0.0050,  0.0076, -0.0070,  0.0046,  0.0065, -0.0027,
        -0.0076, -0.0087, -0.0024, -0.0005,  0.0046,  0.0062, -0.0082, -0.0060,
        -0.0019, -0.0045,  0.0009,  0.0057,  0.0085,  0.0091, -0.0076, -0.0099,
         0.0099,  0.0068, -0.0008, -0.0056, -0.0039,  0.0109, -0.0078, -0.0077,
        -0.0028,  0.0077, -0.0062, -0.0080,  0.0022,  0.0080, -0.0077, -0.0053,
         0.0063,  0.0025, -0.0091,  0.0104, -0.0067,  0.0058, -0.0027,  0.0023,
        -0.0073, -0.0052,  0.0080, -0.0073,  0.0005, -0.0044, -0.0088,  0.0008,
        -0.0041,  0.0034,  0.0029, -0.0045,  0.0022,  0.0050, -0.0075, -0.0067,
         0.0105, -0.0075,  0.0079,  0.0044,  0.0051,  0.0052,  0.0034,  0.0052,
        -0.0139, -0.0029, -0.0050,  0.0077,  0.0037,  0.0002,  0.0094,  0.0069,
        -0.0049,  0.0030, -0.0062,  0.0073,  0.0084, -0.0028, -0.0054, -0.0069,
         0.0049,  0.0064, -0.0156, -0.0059, -0.0036, -0.0058,  0.0123, -0.0039,
         0.0040, -0.0064, -0.0074, -0.0045,  0.0088,  0.0074, -0.0014,  0.0015,
         0.0030, -0.0118,  0.0077,  0.0148, -0.0038, -0.0038,  0.0069,  0.0038,
        -0.0017,  0.0087,  0.0106,  0.0070,  0.0070,  0.0027,  0.0047,  0.0053],
       dtype=torch.float32)","tensor([[ 0.0221,  0.0521],
        [ 0.2815,  0.0070],
        [-0.2280, -0.0584],
        [ 0.0561, -0.1375],
        [-0.0608, -0.0645],
        [ 0.1157,  0.0545],
        [-0.0083,  0.1434],
        [-0.0639,  0.0232],
        [-0.1119, -0.0506],
        [ 0.0159, -0.1696],
        [-0.1751,  0.2196],
        [-0.1590,  0.0542],
        [-0.0669, -0.1382],
        [ 0.0850,  0.1548],
        [ 0.0216, -0.0053],
        [-0.0718, -0.2640],
        [-0.0496, -0.0127],
        [ 0.0426,  0.1087],
        [-0.0350, -0.1286],
        [-0.0863,  0.1275],
        [-0.0638, -0.0790],
        [-0.1187, -0.0839],
        [ 0.1076,  0.0391],
        [ 0.0321,  0.1315],
        [ 0.0482, -0.1557],
        [-0.0294, -0.1187],
        [-0.1056,  0.0483],
        [-0.1413,  0.0250],
        [ 0.2081,  0.0246],
        [ 0.0129, -0.0561],
        [ 0.1157, -0.0091],
        [-0.1343,  0.0882],
        [ 0.0266,  0.1244],
        [-0.0607, -0.0263],
        [ 0.0351,  0.0500],
        [ 0.1077, -0.1506],
        [ 0.0712,  0.0096],
        [ 0.0442,  0.1735],
        [-0.1638,  0.0416],
        [ 0.0384,  0.0474],
        [-0.1085,  0.2625],
        [-0.0813, -0.0652],
        [-0.0342,  0.0781],
        [ 0.1058, -0.0591],
        [-0.2503, -0.0110],
        [-0.0846, -0.0151],
        [-0.0689,  0.4504],
        [ 0.1168,  0.0015],
        [ 0.0894,  0.1342],
        [-0.1604, -0.2058],
        [ 0.1814, -0.1438],
        [ 0.0473,  0.1456],
        [-0.0582,  0.0481],
        [-0.0218,  0.0983],
        [-0.0349, -0.0794],
        [-0.0121,  0.1040],
        [-0.0469, -0.1301],
        [-0.0903, -0.1008],
        [-0.1042,  0.1038],
        [ 0.0551, -0.0630],
        [-0.1656,  0.1439],
        [ 0.0073, -0.0894],
        [ 0.0400, -0.0674],
        [-0.0132,  0.2554],
        [ 0.0906,  0.0632],
        [-0.0586, -0.2598],
        [-0.1339, -0.0645],
        [ 0.0861,  0.1293],
        [-0.0234,  0.0462],
        [-0.0105, -0.1123],
        [-0.1541,  0.1328],
        [-0.1206,  0.0010],
        [ 0.1163,  0.0032],
        [-0.0554, -0.1976],
        [-0.0370,  0.0824],
        [-0.0606,  0.0169],
        [-0.0590,  0.0078],
        [ 0.0174,  0.0071],
        [-0.0916, -0.0422],
        [-0.1975, -0.0210],
        [-0.0335,  0.1227],
        [-0.0817,  0.0457],
        [ 0.0678, -0.0625],
        [-0.0975,  0.1988],
        [ 0.0631, -0.0918],
        [ 0.1113, -0.0187],
        [ 0.0365,  0.1965],
        [-0.0757,  0.0642],
        [ 0.0489, -0.0611],
        [ 0.0554,  0.0850],
        [-0.0128, -0.1911],
        [-0.1576, -0.2064],
        [ 0.0532, -0.1494],
        [ 0.1152, -0.0602],
        [ 0.1156,  0.1345],
        [-0.1688, -0.1716],
        [ 0.0289,  0.0306],
        [-0.1575, -0.0005],
        [-0.0523,  0.0187],
        [ 0.1518,  0.0079],
        [-0.1559,  0.0728],
        [ 0.1684,  0.0288],
        [ 0.0757,  0.1820],
        [ 0.1346, -0.1584],
        [ 0.0673, -0.1102],
        [-0.0532, -0.0913],
        [ 0.0322, -0.0195],
        [ 0.2430,  0.1225],
        [-0.0816, -0.0401],
        [ 0.0109, -0.0884],
        [-0.0079, -0.0922],
        [ 0.0204,  0.0318],
        [-0.0164,  0.0076],
        [ 0.0869,  0.0193],
        [ 0.1212, -0.1386],
        [-0.1476,  0.3324],
        [ 0.0362,  0.3418],
        [-0.0092,  0.0317],
        [-0.1203, -0.0144],
        [ 0.0158, -0.1836],
        [ 0.2691,  0.2338],
        [-0.1749,  0.0110],
        [-0.1024,  0.0604],
        [-0.0038, -0.0143],
        [ 0.1423, -0.0728],
        [ 0.1754, -0.1712],
        [ 0.1642,  0.0431],
        [-0.0352,  0.0016]], dtype=torch.float32)","tensor([-9.6241e-03,  4.8676e-03,  6.3663e-04,  2.4492e-03, -3.1972e-03,
         8.1521e-03,  6.5547e-03, -1.2062e-02,  5.5854e-03,  6.5839e-03,
         1.1338e-03, -2.5428e-03, -6.9021e-03,  6.7053e-03,  6.1902e-03,
         5.8063e-03, -6.1195e-03, -4.8885e-03,  6.2439e-03, -3.1307e-03,
        -4.5186e-03,  3.7449e-03,  5.0487e-03,  1.5849e-03, -7.5235e-03,
         9.9673e-03,  1.9000e-03, -7.6119e-03, -6.9347e-03,  9.0572e-03,
         1.2375e-02, -8.1637e-03,  5.8337e-03, -7.9045e-03,  3.0060e-03,
         8.1056e-03,  2.4083e-03,  7.7207e-03,  7.3963e-03, -7.1673e-03,
         8.5442e-03, -4.6790e-03,  7.0175e-03, -7.0241e-03,  4.7391e-03,
        -4.0764e-03,  8.9052e-03, -5.4461e-03,  8.2553e-03,  8.1491e-03,
        -1.1655e-02, -9.9900e-03, -7.9266e-03,  2.6849e-03,  8.7515e-03,
        -7.5228e-03,  1.9746e-03, -7.7797e-03,  1.0246e-02, -7.5871e-03,
         8.9107e-03,  7.4147e-03,  1.4525e-05,  7.2793e-03, -1.0847e-02,
        -1.1846e-02,  4.9729e-03, -6.1159e-03,  8.4424e-03, -7.3798e-03,
         3.1242e-03, -6.9926e-03, -9.3120e-03, -2.4889e-04,  1.1785e-02,
         6.3909e-03,  1.3186e-02,  5.6247e-03, -5.0373e-04, -9.6376e-03,
         3.9535e-03, -5.5610e-03,  6.1502e-03,  4.7516e-03,  3.2043e-03,
         4.1237e-03,  1.1316e-02, -4.8496e-03,  4.4075e-03,  7.5026e-03,
        -8.7146e-03, -5.4102e-03,  7.3308e-03, -6.1725e-03,  6.6918e-03,
         1.6572e-02, -1.1629e-02,  8.7275e-03,  9.4677e-03, -9.4164e-03,
        -1.0345e-02,  5.6534e-03,  8.1101e-03, -1.3519e-02, -7.3225e-03,
         1.0472e-02, -8.9626e-03, -7.5531e-04, -3.1138e-03, -8.4482e-03,
         7.5790e-03,  9.9459e-03, -1.5173e-03,  1.9267e-03, -7.5325e-03,
         5.6593e-03,  8.6679e-03, -5.5273e-03,  2.6166e-03,  7.2999e-03,
         6.4266e-04,  8.6151e-03,  7.6299e-03,  7.7792e-03, -6.7807e-03,
         5.3465e-03, -6.7942e-03,  4.9633e-03], dtype=torch.float32)","tensor([[-0.0338, -0.0629, -0.0257,  ...,  0.1410,  0.0242, -0.0272],
        [ 0.0300,  0.0830,  0.1051,  ..., -0.0693, -0.0981, -0.0793],
        [-0.1107, -0.0542,  0.0692,  ..., -0.0429,  0.1297, -0.1128],
        ...,
        [-0.1052, -0.0251, -0.0915,  ...,  0.0655,  0.0249,  0.0472],
        [-0.1169,  0.1151,  0.0231,  ..., -0.0808, -0.1257, -0.1679],
        [-0.0018,  0.1298, -0.0754,  ...,  0.0561, -0.0397, -0.0494]],
       dtype=torch.float32)","tensor([ 0.0100, -0.0066, -0.0054, -0.0065, -0.0076], dtype=torch.float32)","tensor([[-1.0558e-01, -4.7056e-02, -1.8651e-01, -1.5616e-01,  2.3196e-01,
          1.0377e-01, -1.2775e-02, -1.7192e-01,  1.1260e-01,  4.0818e-03,
          8.0243e-02, -7.9011e-02,  1.8263e-03,  9.6647e-02, -1.4589e-01,
         -6.6937e-03, -1.9273e-03,  1.3558e-01,  7.9937e-04,  7.2216e-02,
          1.4699e-01,  3.0485e-01,  1.7064e-01, -3.0432e-01, -1.9898e-02,
          2.8323e-01,  1.0630e-01,  3.5946e-02,  1.5563e-02,  8.4518e-02,
          1.7500e-01, -5.8173e-02, -8.9727e-02, -9.3301e-02, -9.9645e-02,
          1.6825e-01, -1.3477e-01,  2.6409e-01,  1.4965e-02, -7.0429e-02,
          1.1868e-01, -1.9506e-02,  1.4805e-01, -2.0217e-01,  1.5341e-01,
         -4.1962e-02, -2.8286e-01,  1.3753e-01,  1.5362e-01,  3.4682e-02,
         -1.2540e-01,  3.9504e-02, -4.4785e-02,  2.7808e-02,  1.3203e-01,
         -3.8910e-02, -1.8199e-01, -3.6374e-02,  1.4714e-01, -1.1622e-01,
          1.4083e-01,  1.5979e-01, -3.3489e-01, -1.8447e-02, -1.2474e-01,
         -8.7311e-02, -5.3762e-02, -2.2067e-01,  4.5213e-02, -1.0031e-01,
         -4.2025e-03, -2.9950e-01, -1.4945e-01,  1.1435e-01,  3.2190e-01,
          1.0155e-01,  2.2095e-01,  2.8999e-02,  1.2796e-01,  7.1124e-02,
         -1.6053e-01,  1.1778e-01, -7.0854e-02, -1.0347e-01,  2.5732e-02,
         -3.4110e-01, -7.1221e-02, -2.4593e-01,  4.5088e-03, -4.4836e-02,
         -2.0292e-01, -1.9693e-01,  1.3720e-01,  7.9576e-02, -2.5898e-02,
          1.8008e-01,  1.1297e-01,  3.7181e-02,  8.9239e-02, -1.2854e-01,
         -3.0011e-01, -8.5011e-02,  3.1730e-01, -2.0085e-02,  9.7342e-02,
          6.7360e-02, -4.4038e-02, -2.3427e-01,  1.6737e-03, -3.3284e-02,
         -2.5090e-02,  5.7883e-03,  7.6893e-02,  1.6516e-01, -7.2766e-02,
         -8.5233e-02,  1.2403e-01,  2.6079e-01, -8.4885e-02,  1.7562e-01,
          1.3724e-01,  1.6064e-01,  2.7873e-01,  7.9454e-02, -3.6648e-01,
         -1.3171e-01, -2.1080e-02, -1.0223e-01],
        [-6.5381e-02,  9.1196e-02, -9.5498e-02, -1.2058e-01,  3.2542e-02,
          1.3018e-02, -7.5614e-02,  2.8333e-01, -1.0633e-02,  9.8977e-02,
          1.5006e-01, -2.0583e-01, -1.8919e-01,  8.6108e-02, -1.0672e-01,
         -1.8550e-01,  2.5236e-02,  2.7080e-01,  1.3730e-01, -1.3636e-01,
          1.8786e-01,  3.5704e-02, -7.8381e-02, -4.4473e-02, -2.9336e-01,
          1.9270e-01,  4.2122e-02,  1.2192e-01,  8.7431e-02,  1.3436e-01,
         -1.7069e-01,  9.8865e-02, -7.7464e-02, -6.4579e-02,  8.9712e-03,
         -8.0927e-02, -2.0653e-01,  2.2110e-02, -9.4586e-02, -1.2991e-01,
         -4.3279e-02,  1.4620e-01, -9.5705e-02, -7.2075e-02,  9.5136e-02,
          9.9402e-02,  7.6042e-02, -4.6019e-02,  6.4369e-02, -1.1991e-01,
          1.3870e-01,  7.1607e-02, -2.8683e-01, -2.0080e-01,  3.4902e-03,
          1.7011e-02, -1.5345e-01, -1.8538e-03,  2.6750e-02,  1.0083e-01,
         -9.7920e-02,  3.1485e-02, -1.5845e-01, -3.8640e-03, -1.0334e-02,
         -1.6002e-03,  2.5715e-01,  1.7701e-01, -1.2683e-01,  9.4791e-02,
         -8.1140e-03,  6.9628e-02,  1.2778e-02,  9.4135e-02, -1.6731e-01,
         -3.9098e-02, -1.0929e-01,  8.7136e-03,  1.9575e-01,  4.3859e-02,
         -1.2997e-01,  1.9135e-01,  6.0241e-03, -1.5005e-01,  7.1487e-03,
         -4.8789e-03,  5.4400e-02, -1.7218e-01, -7.4531e-02,  1.2750e-01,
         -2.0171e-02, -4.2225e-02, -2.5430e-02,  3.2761e-02,  4.3929e-02,
         -2.0228e-01, -2.5084e-02, -1.0228e-01, -3.0637e-02,  1.9642e-01,
         -9.2056e-02,  2.6308e-02,  1.6049e-02, -1.2294e-01,  3.9449e-02,
          1.8140e-01,  1.5635e-01,  4.1454e-02,  5.5250e-02, -1.1276e-01,
         -5.9993e-02, -1.0269e-01,  1.0697e-02,  9.2437e-02, -1.3329e-01,
          9.8609e-02, -6.1582e-02, -9.7288e-02,  1.2028e-01,  4.8852e-02,
          1.2933e-01,  1.5414e-01,  2.3310e-01, -9.8658e-03,  1.3849e-01,
          1.4037e-01,  1.8004e-01, -1.1403e-01],
        [ 8.3590e-02, -9.2599e-02, -1.6040e-02, -9.0532e-02,  1.7938e-01,
         -7.7415e-02,  1.3894e-01,  1.3896e-01, -2.1621e-01, -1.1571e-01,
         -3.0158e-02,  2.2260e-02,  7.7370e-02, -1.6589e-01, -1.3005e-01,
          1.1402e-02,  8.2879e-02,  7.8815e-03, -1.5396e-01,  1.8761e-01,
          1.9246e-02,  7.5896e-02, -5.0738e-02, -4.7383e-02,  2.2389e-02,
          2.0244e-02, -1.1078e-01, -1.2471e-01, -1.9672e-02,  4.6286e-03,
          3.6943e-02,  4.3884e-04,  3.4654e-02,  1.1435e-01, -1.4129e-01,
          6.7221e-03,  6.3792e-02, -2.3826e-01, -6.3894e-02, -1.0902e-01,
         -3.8695e-03,  1.3710e-01,  1.4105e-01,  3.7108e-02, -5.6027e-02,
          5.8206e-02,  3.2539e-03,  2.1110e-01, -1.0124e-01,  1.1151e-01,
          1.2293e-01, -3.4472e-02,  4.3718e-02, -1.5742e-02, -1.1649e-01,
          6.1464e-02, -7.2698e-02, -1.7710e-02,  2.2538e-01,  5.5033e-02,
          1.7155e-02,  1.1323e-01, -4.0011e-02,  4.5873e-03, -2.7004e-02,
         -4.5648e-02, -6.5667e-02, -3.0602e-02, -2.0234e-01, -5.7003e-02,
          2.2398e-01,  9.0781e-02, -7.2055e-02, -1.3098e-01,  7.3263e-02,
         -1.7944e-01, -9.6261e-02, -1.4512e-01,  6.6717e-03,  2.6982e-02,
         -1.0825e-01,  3.6157e-02, -7.4191e-02, -8.0301e-02, -3.7762e-02,
         -1.8076e-01,  2.8895e-02,  2.0866e-02,  7.7779e-02, -8.5978e-02,
         -8.0521e-02,  6.8593e-02, -3.9049e-02,  3.0016e-02, -1.0877e-01,
          2.2153e-01, -1.2156e-01, -2.9508e-02,  6.5838e-02, -9.4102e-02,
          4.0630e-02, -2.9112e-01, -2.8820e-02, -1.3140e-01,  1.3582e-01,
          3.6577e-02,  2.1780e-04, -9.8590e-02, -9.4092e-02, -4.0591e-02,
          1.0716e-01, -1.5254e-01, -2.2622e-02,  1.2836e-01,  8.9350e-02,
         -7.8464e-02,  1.9049e-01,  9.1444e-03, -1.9850e-01, -7.0954e-02,
          1.0959e-01, -7.8910e-02, -2.3835e-01, -2.8869e-02, -4.7248e-02,
         -2.9682e-01,  9.0981e-02, -5.7841e-02],
        [ 1.6759e-01,  1.3722e-01,  4.9303e-02,  8.9902e-02,  4.7010e-02,
         -2.6263e-01, -2.8476e-01, -6.7703e-02,  9.0907e-02,  6.5024e-02,
         -5.4727e-02, -3.0632e-02,  1.9460e-01, -2.9833e-02, -1.3345e-01,
         -4.8898e-02, -2.2273e-02,  8.3789e-02, -1.0888e-01, -5.9199e-03,
          2.5240e-01,  7.8003e-02,  2.4276e-01, -2.1787e-02,  1.5796e-01,
         -1.8275e-01,  9.2036e-02,  2.7574e-03,  1.1170e-01,  9.6872e-02,
          7.9678e-02, -2.0319e-02, -1.7710e-01, -2.5986e-02, -1.4629e-01,
          1.4248e-01, -2.4992e-03, -1.6612e-01, -2.6284e-01, -5.4810e-02,
         -1.0410e-01, -1.0349e-01,  1.2781e-01,  1.7038e-02, -4.1098e-02,
         -7.3853e-02,  6.5363e-02,  1.7072e-01,  2.4134e-02, -9.3026e-02,
          1.4701e-01,  2.5187e-01,  4.9766e-02,  6.5297e-02, -1.0155e-01,
         -1.2053e-01,  6.7115e-02, -3.7710e-02, -1.8660e-01, -1.3116e-01,
          3.3897e-02,  1.3217e-01,  2.9764e-02, -9.2965e-03,  2.3470e-01,
          2.0003e-01,  8.2353e-02, -2.4636e-01,  3.7732e-02,  8.5523e-03,
         -5.9550e-02,  6.9359e-02,  8.7464e-02,  4.9535e-02,  2.8869e-02,
          1.1266e-01,  4.8509e-03, -7.8577e-02,  6.2922e-04, -1.3989e-01,
         -1.5462e-01, -5.9090e-02,  2.9493e-02,  6.9572e-03,  1.2993e-01,
         -4.1655e-02,  9.1648e-02,  1.8655e-01, -1.3590e-02,  3.7249e-02,
         -3.1053e-03,  1.6798e-02, -1.9195e-01,  8.1020e-03, -2.4220e-02,
         -1.2130e-01, -1.8330e-02, -1.6041e-01, -7.3043e-02,  1.2942e-01,
          1.2494e-01, -8.9580e-03, -1.9878e-01,  9.1687e-02,  1.8314e-01,
         -3.4171e-02,  8.2787e-02,  7.8964e-02, -9.4199e-03,  1.5924e-01,
          3.1249e-02, -1.3291e-01, -3.0247e-01, -1.8518e-01,  7.9567e-02,
          1.7837e-02, -1.3758e-01,  4.3811e-02, -3.0091e-02,  4.2923e-03,
          5.4956e-02, -2.0915e-01, -6.9673e-02,  6.8831e-02,  5.2889e-02,
          1.3709e-01,  2.0109e-02,  5.2257e-02],
        [ 4.3592e-02, -6.5133e-02, -6.4672e-02, -9.7063e-02,  1.4921e-01,
         -1.3691e-01, -5.1862e-02, -8.4560e-02,  1.2045e-03, -9.2705e-02,
          1.5846e-02,  4.7527e-02,  1.6843e-01, -8.7929e-02, -1.3038e-02,
         -4.7365e-02,  3.9011e-02,  3.1369e-02, -1.5191e-01,  8.6872e-02,
         -1.4181e-02, -2.4279e-02,  7.0432e-03, -1.9517e-01,  1.7742e-02,
         -1.7907e-01,  2.7891e-02,  1.7076e-01,  2.9556e-02, -1.4343e-01,
         -3.9723e-02,  1.4564e-01, -5.9128e-02,  3.8888e-04,  2.5767e-02,
         -5.1760e-02, -1.3404e-01, -8.4372e-02,  1.0651e-01,  1.4547e-01,
         -2.0043e-01, -2.9686e-02, -9.8358e-02, -3.9575e-02,  5.8197e-02,
         -4.2290e-02, -2.6069e-01,  1.6596e-01, -2.8554e-03, -1.3965e-01,
         -1.1765e-01,  1.1348e-01,  8.1278e-02,  2.9401e-02, -1.2303e-01,
          3.9537e-02, -5.2546e-02,  3.3301e-01, -2.3263e-01,  9.6712e-02,
         -1.7636e-01, -1.1214e-01,  8.0355e-03, -1.6348e-01,  1.3605e-01,
          8.6430e-02, -8.3138e-02,  1.5725e-01,  4.6717e-02, -2.4448e-02,
         -1.3411e-01, -1.3479e-01,  1.1843e-01,  6.6766e-02, -1.6301e-01,
         -9.1672e-03,  4.7757e-02, -1.0856e-01,  2.6908e-02,  1.1386e-01,
          1.1974e-02,  1.3850e-01, -1.6406e-01, -1.1645e-01, -4.4798e-02,
         -2.8070e-01, -2.5360e-01, -3.4464e-02, -4.0183e-02, -1.1611e-01,
          1.7775e-01, -9.0039e-02,  1.0870e-01,  1.6490e-01, -1.5887e-02,
         -7.3727e-02,  2.2718e-01, -8.8649e-02, -6.6502e-03,  2.0594e-01,
          9.6705e-02, -4.9318e-02,  2.6484e-02,  1.4553e-01,  1.0040e-02,
         -1.9911e-01,  9.2541e-02, -8.4991e-02,  6.6975e-02,  2.0943e-01,
         -1.0214e-01,  3.8495e-02,  4.1558e-02, -1.6622e-02,  1.3227e-01,
         -2.7917e-01, -7.6836e-02,  2.5044e-01,  2.7311e-02, -1.8963e-01,
         -8.9914e-02, -1.3754e-01,  4.5195e-02, -1.5011e-01, -1.1018e-01,
         -6.5443e-02,  7.1639e-02, -1.4718e-01]], dtype=torch.float32)","tensor([ 3.3177e-03, -3.3947e-03, -2.3673e-03,  1.3144e-02,  5.4502e-03,
         1.9160e-03, -7.8658e-03,  4.2511e-03, -4.7384e-03,  1.2647e-02,
        -2.0985e-03, -1.0240e-03, -9.7706e-03,  9.9831e-03,  4.8245e-03,
         5.0586e-03, -4.9285e-04, -7.2685e-03,  1.4205e-02,  5.2556e-03,
        -7.5649e-03,  9.2730e-03, -1.2939e-02, -7.3592e-04, -1.0366e-02,
         5.0699e-03, -1.3107e-03, -5.3651e-03,  1.6300e-02,  5.8215e-03,
         1.8552e-04,  1.8021e-02,  6.9504e-03,  1.1038e-02, -2.2661e-03,
         4.1297e-03, -9.4942e-03,  9.5410e-03,  9.6160e-03,  1.4896e-03,
        -1.6952e-02,  4.0885e-03, -7.1955e-03,  1.0823e-03, -4.2476e-03,
         3.3856e-04,  9.8389e-04, -4.1566e-03, -1.0363e-02,  6.4984e-03,
         3.0406e-03,  5.1709e-03,  1.4800e-03, -3.6051e-04, -7.3834e-03,
         1.6761e-02, -2.3540e-03, -1.2582e-02, -6.1644e-03, -8.3197e-03,
        -5.8375e-05,  3.0519e-03,  5.4067e-03, -2.2842e-03,  1.0234e-02,
        -1.1746e-02, -2.2728e-02, -2.8311e-03, -4.2676e-03, -1.0063e-02,
         4.8399e-03, -1.2200e-02,  2.6844e-04,  1.0634e-02,  2.3320e-02,
        -1.2270e-03,  3.0117e-03,  5.3306e-03,  4.5494e-03, -1.2274e-02,
        -1.9680e-03,  5.5268e-03,  2.7498e-03, -7.3747e-03,  9.1674e-03,
        -3.9135e-03, -8.8945e-03,  5.3178e-03, -1.4638e-02,  8.7141e-04,
         3.8736e-03, -8.1821e-03,  1.1634e-02, -5.4478e-03,  7.3075e-03,
         2.4594e-02, -1.1642e-03,  9.2695e-03,  5.4711e-03,  2.8146e-03,
        -1.1139e-02, -7.9965e-03,  8.5997e-03,  6.4780e-03,  1.3998e-02,
        -2.4403e-02,  3.5301e-03,  2.0943e-03,  2.7633e-02, -4.7561e-03,
        -5.8805e-03,  1.2175e-03, -6.5016e-03,  7.4799e-03, -9.4845e-03,
         6.3386e-03,  6.8624e-03,  4.2137e-03, -6.1205e-03,  1.3089e-02,
        -3.3031e-03,  3.6052e-03,  5.3964e-03,  5.6508e-03, -8.7241e-03,
        -8.4849e-03, -1.4225e-02,  7.3375e-03], dtype=torch.float32)","tensor([[ 1.5279e-01,  8.3252e-02, -5.0355e-02,  2.1548e-01, -7.6612e-02,
          7.7687e-02],
        [-1.6107e-02, -1.5132e-01,  8.1082e-02, -7.8926e-02,  2.9849e-02,
          1.7591e-01],
        [-1.6224e-01, -1.7188e-01, -9.6493e-02, -1.1347e-02,  3.4134e-02,
         -5.1432e-04],
        [ 6.0837e-02, -3.0591e-01,  5.4253e-02, -2.1511e-03, -1.0089e-01,
          9.7074e-02],
        [ 1.5448e-01, -7.4023e-02, -2.3985e-01,  8.0890e-02,  2.5559e-02,
         -7.9841e-02],
        [ 9.6247e-02,  1.2583e-01,  1.5553e-01,  1.5651e-01,  8.5478e-02,
         -2.9374e-03],
        [-1.4623e-01,  1.5337e-01, -1.0053e-01,  4.4061e-02,  2.4057e-02,
          1.8557e-01],
        [-1.4797e-01,  1.9102e-02, -1.5480e-02,  9.5412e-02, -5.2546e-02,
         -1.0452e-01],
        [ 7.0230e-02, -6.2514e-02,  8.2425e-02,  7.9722e-02,  4.5027e-02,
         -2.6222e-02],
        [-7.6647e-02,  1.8176e-01,  8.1934e-02, -5.0585e-02, -8.6885e-02,
         -5.7664e-02],
        [ 8.9618e-03,  9.5734e-03, -1.9758e-01,  3.4192e-02,  8.2831e-02,
         -1.1251e-01],
        [-9.1729e-02, -2.5746e-01,  2.8232e-02, -9.9218e-02, -1.6360e-01,
         -2.0565e-01],
        [ 1.3407e-02,  1.9784e-02,  1.0719e-01, -1.7729e-02,  3.0636e-01,
          1.1474e-01],
        [-5.0651e-03, -6.3241e-02, -1.3166e-01,  1.0171e-01, -1.8192e-01,
         -2.4788e-02],
        [ 2.0798e-01,  1.2963e-01, -4.2322e-02,  1.6231e-02,  1.1195e-01,
          2.3141e-01],
        [-6.0831e-02,  1.5872e-01,  1.5945e-01,  9.4219e-03,  2.4701e-02,
         -7.9900e-03],
        [ 1.1637e-01,  7.1067e-03, -2.0109e-04, -1.1027e-01,  8.2163e-02,
          7.9355e-02],
        [ 1.5450e-01,  4.1090e-02, -1.5223e-01,  2.0328e-01,  4.8683e-02,
          6.5866e-03],
        [-5.7861e-02,  9.3618e-02, -7.0739e-02,  6.5727e-02, -1.7686e-01,
          4.2865e-03],
        [-2.0268e-01,  1.8138e-01, -1.3629e-01,  8.4852e-04, -8.7208e-02,
          3.6355e-02],
        [ 2.9407e-01, -3.7144e-02, -6.5530e-02, -2.4709e-03,  1.2176e-01,
         -6.2988e-02],
        [ 2.0052e-02,  2.4476e-01,  9.3653e-02,  8.3507e-02, -3.2844e-01,
          4.8724e-02],
        [-7.8775e-03, -9.7431e-02,  9.0163e-02,  2.4885e-01,  3.3783e-02,
         -4.6311e-02],
        [ 3.1569e-01, -1.2817e-01, -1.9174e-01,  4.9367e-02,  3.2810e-01,
          1.2631e-01],
        [ 3.2732e-02,  2.7599e-02, -7.6167e-02,  1.3236e-02, -1.6217e-01,
         -6.8439e-02],
        [-3.8077e-02, -1.8288e-01,  1.3878e-01, -7.7491e-02, -1.4820e-01,
         -1.2336e-01],
        [-1.8674e-02, -4.2136e-02, -6.4611e-02,  1.3158e-02,  1.9999e-01,
          1.4371e-01],
        [ 1.8171e-01, -1.6213e-01, -9.7378e-02,  8.0667e-02,  8.8690e-02,
         -3.7013e-02],
        [-8.4762e-02, -4.8913e-02,  3.7116e-02,  1.2603e-01, -1.9678e-01,
          2.7649e-02],
        [ 1.1327e-01, -1.6904e-01,  6.5936e-02, -9.6676e-02, -8.4690e-02,
          8.9292e-02],
        [ 8.1231e-02, -5.8068e-02, -6.2612e-02,  7.0594e-02, -1.4238e-01,
         -7.6416e-02],
        [ 2.4571e-02,  6.8883e-02,  5.7943e-02,  3.9131e-02,  3.3123e-02,
         -1.6420e-01],
        [ 1.4002e-02,  1.2483e-02, -5.0416e-02, -4.5594e-03,  7.2758e-02,
          5.7828e-02],
        [-9.9179e-02,  1.8801e-01,  1.3413e-02,  1.2784e-01, -4.9306e-02,
         -7.1501e-04],
        [ 1.6855e-01,  1.3745e-01, -1.6881e-01, -4.2953e-02,  6.4707e-02,
         -1.4946e-01],
        [ 9.1393e-02, -4.0445e-02, -3.9189e-02, -7.1354e-02,  1.5070e-01,
         -4.4174e-02],
        [-1.0671e-01,  1.3013e-02,  3.2070e-03, -1.0553e-01,  1.8172e-01,
         -1.0061e-01],
        [-7.2999e-02,  7.9255e-03,  1.0977e-01,  1.0949e-01,  1.6539e-01,
         -6.1599e-02],
        [-4.2911e-02,  2.7736e-02,  6.2851e-02,  1.3366e-01, -3.7020e-02,
          2.7327e-02],
        [ 1.2625e-01, -2.2344e-01,  3.3219e-01,  8.1888e-03, -1.7931e-01,
          9.3498e-03],
        [-1.3766e-01, -7.2382e-02, -8.9252e-02, -3.6793e-02,  4.9716e-02,
         -1.0911e-01],
        [ 3.7845e-02, -6.9672e-03, -9.6684e-02,  1.7231e-01, -6.0344e-02,
          9.5558e-02],
        [-1.1643e-01, -1.3295e-01,  6.8042e-02,  1.5214e-01, -5.6374e-02,
         -1.6749e-01],
        [ 1.6192e-01,  1.4160e-01,  8.0793e-02, -1.6551e-01,  1.3684e-01,
         -3.0711e-02],
        [-2.8470e-02, -8.1587e-02, -4.1137e-04, -8.0314e-03, -1.7244e-01,
          2.6272e-02],
        [-1.7069e-01,  8.2983e-02, -1.0453e-01, -1.0094e-01, -2.9192e-02,
         -6.0308e-02],
        [-7.7765e-03,  2.1383e-01,  8.7932e-02,  8.1846e-02, -1.5909e-01,
          1.7589e-02],
        [-7.1606e-02,  8.8371e-02,  7.8030e-02,  3.5505e-03,  2.2742e-01,
          1.0943e-01],
        [-2.6124e-02, -2.6745e-01, -1.2570e-02, -4.0874e-02, -7.0866e-02,
         -1.5403e-01],
        [ 8.2972e-02, -7.6419e-02, -1.1180e-01, -5.7527e-02, -8.6895e-02,
          4.0600e-02],
        [ 3.0056e-01, -9.1231e-02, -3.8981e-01,  2.6682e-02,  1.7639e-02,
          7.6295e-02],
        [-7.1786e-02,  8.9948e-02,  1.1572e-01,  1.1521e-02,  3.9338e-02,
          2.1799e-01],
        [ 2.5913e-01, -1.1501e-01, -2.7779e-01,  1.2368e-01, -1.6350e-01,
         -2.6651e-01],
        [ 3.4015e-01,  1.6345e-01,  2.3834e-01,  2.4626e-02, -6.4097e-02,
         -2.0571e-01],
        [ 6.8404e-02, -7.5467e-02,  2.6474e-03,  1.2209e-01, -4.4768e-02,
         -6.3000e-02],
        [-1.2879e-01,  6.0551e-02,  5.1476e-02, -8.3699e-02, -1.0331e-01,
          6.9278e-02],
        [-3.9197e-02,  9.0519e-02, -2.9446e-01,  1.6013e-01,  1.0596e-01,
         -1.0242e-01],
        [ 3.3541e-01, -1.4938e-01,  2.5238e-01,  2.8992e-02,  1.8789e-02,
         -1.3728e-01],
        [-1.3347e-01, -1.9369e-01, -4.7281e-02, -1.7670e-01, -1.2190e-02,
         -9.5443e-03],
        [ 6.9520e-04, -4.0994e-03, -9.0171e-02,  1.0136e-02,  1.0676e-01,
          7.9057e-03],
        [ 2.0956e-01, -3.8576e-02,  7.3461e-02, -9.9329e-04, -1.8964e-01,
          1.2789e-01],
        [ 2.6889e-02,  1.6781e-01,  7.2174e-02, -4.7047e-02,  1.3631e-02,
         -2.3865e-01],
        [ 3.8826e-02, -1.4677e-01, -7.7510e-02, -2.8751e-03,  7.4734e-02,
         -2.2667e-02],
        [ 9.5267e-02, -1.9461e-02, -1.9092e-01, -9.6325e-02, -5.6998e-02,
          6.3600e-02],
        [ 2.0327e-01, -1.3619e-01, -3.1247e-01,  4.3942e-02,  1.8367e-01,
          5.3561e-02],
        [ 9.2610e-02, -4.3220e-02, -1.2218e-01,  6.1628e-02, -1.2215e-01,
         -2.6530e-03],
        [-1.3870e-01,  1.3721e-01,  7.2750e-02, -2.1328e-01, -1.9778e-01,
          5.2763e-03],
        [ 1.6014e-01,  5.6528e-02,  1.2882e-01, -7.4178e-02, -1.4890e-03,
         -8.5886e-02],
        [ 3.7905e-02, -1.1869e-01, -4.9267e-02,  5.9574e-02, -6.2208e-02,
         -1.3212e-01],
        [-1.8352e-01, -1.2208e-01, -6.9834e-02,  6.3517e-02, -2.0836e-01,
         -2.0824e-01],
        [ 1.0590e-01,  1.2548e-01,  1.0656e-01, -1.1965e-02, -5.5141e-02,
          3.7154e-02],
        [-7.2116e-02, -1.5361e-01, -2.2913e-02, -3.2045e-02,  1.4022e-01,
          4.0482e-02],
        [-1.7430e-01, -2.0581e-02, -1.9137e-01,  1.3615e-01,  2.6943e-01,
          1.0586e-01],
        [-1.9441e-01, -4.4272e-01, -4.6965e-02, -2.7627e-02, -4.8697e-03,
          1.0370e-01],
        [-1.0934e-01, -1.9825e-01, -2.8831e-03,  1.2642e-01, -2.7308e-03,
         -6.6362e-02],
        [-1.9580e-02, -1.9535e-01,  9.1270e-02, -1.4283e-01, -6.3819e-02,
          3.4049e-02],
        [ 7.6952e-02, -4.8538e-02,  5.2773e-02, -1.7592e-01, -5.8290e-02,
          7.3885e-02],
        [-6.8935e-02,  7.7039e-02, -3.0654e-01, -7.0514e-02,  1.2776e-01,
         -1.7974e-01],
        [ 2.1634e-01,  1.4676e-02, -2.2300e-02,  2.3989e-01,  2.1500e-02,
         -7.5759e-02],
        [ 2.5329e-02, -2.6195e-02,  7.2947e-02, -7.2191e-02,  6.2341e-02,
         -5.3993e-02],
        [-6.5553e-02, -9.3002e-02, -8.9521e-02,  1.3164e-01,  3.0484e-03,
          2.3210e-01],
        [ 2.0466e-01,  2.1366e-01, -2.3849e-01, -2.3608e-01, -3.0642e-02,
         -1.4652e-01],
        [ 5.5987e-02,  9.4895e-03, -1.0715e-02, -1.1608e-01,  1.7587e-01,
          1.5108e-02],
        [ 7.7941e-02,  8.1579e-02,  5.4065e-02,  7.7777e-02,  1.4645e-01,
         -2.1068e-01],
        [ 6.4911e-02, -2.1221e-01, -1.1011e-01, -1.0492e-01,  1.7328e-02,
          2.0330e-01],
        [ 1.0131e-01, -6.6425e-02, -2.6015e-01,  1.3696e-02, -4.5797e-02,
          1.8832e-01],
        [ 9.0263e-02,  2.1535e-01,  3.5202e-02, -2.0393e-02,  3.1104e-02,
          2.6530e-02],
        [-5.3837e-02, -1.7557e-02,  1.7352e-01, -4.2121e-02,  6.7038e-02,
          7.4211e-03],
        [-6.7138e-02, -2.0478e-02,  6.4825e-02, -1.9902e-01, -1.3126e-01,
         -1.1885e-01],
        [ 1.3770e-01, -1.0257e-01, -5.4910e-02,  1.6172e-02,  2.3811e-01,
          9.6221e-02],
        [-6.6642e-02,  6.2962e-02, -6.2577e-02,  3.0856e-02,  2.1010e-02,
         -1.6003e-01],
        [ 1.0723e-01,  6.3208e-02,  8.0606e-02, -9.7899e-03, -3.3933e-02,
          2.9886e-02],
        [ 7.5644e-02,  7.8931e-02, -6.6434e-02, -5.3874e-02,  2.1395e-01,
         -4.0015e-02],
        [ 9.0156e-02,  3.1647e-01, -6.3726e-02,  1.0685e-02, -2.1417e-01,
         -3.1335e-01],
        [-2.7829e-02,  1.5225e-01, -8.4612e-02, -1.1689e-01,  5.8094e-02,
         -1.5519e-01],
        [-6.8293e-02,  8.3475e-02,  6.2410e-02,  1.7936e-01,  2.2460e-01,
         -1.3387e-01],
        [ 7.5952e-02, -6.4016e-02, -5.4211e-02,  2.3981e-01,  6.3129e-02,
         -2.6195e-02],
        [ 1.3167e-01, -1.1118e-01,  1.7874e-01,  5.1662e-02,  4.8868e-04,
          5.3534e-02],
        [ 1.5521e-01, -4.0342e-03,  5.5568e-02, -1.4129e-01, -3.2165e-02,
          6.3380e-02],
        [ 3.5582e-02, -5.9246e-02,  3.1039e-02, -7.3333e-02, -2.5809e-01,
          5.3727e-02],
        [-1.2463e-01, -1.2853e-01, -1.1465e-01, -1.4925e-01,  5.6317e-02,
         -1.4537e-01],
        [-4.1549e-02, -2.4731e-01,  6.9225e-02,  9.9393e-02,  1.1387e-02,
          1.8668e-03],
        [ 1.1957e-01,  1.1639e-02, -6.6732e-02,  3.9455e-02, -4.5243e-02,
         -1.7521e-01],
        [-5.9215e-02,  1.8944e-01,  1.2210e-02, -1.3918e-01, -3.5651e-02,
         -2.6745e-02],
        [ 5.7133e-02, -4.6818e-02, -1.6618e-01, -1.1072e-01,  1.0279e-01,
         -2.5380e-03],
        [-4.7786e-02, -1.0878e-01,  1.0684e-01, -3.1698e-02,  9.9330e-02,
          1.0189e-01],
        [ 7.1932e-02, -8.3968e-03, -1.6035e-01,  1.8575e-02,  2.2139e-01,
         -1.1328e-01],
        [ 1.1313e-01, -1.1069e-01, -7.8869e-02,  5.9222e-02,  1.2386e-01,
          8.3339e-02],
        [-1.1219e-01, -2.2800e-01,  1.6899e-01,  5.8014e-02,  5.4723e-02,
         -1.2148e-02],
        [-1.8044e-01,  1.1641e-01, -4.0045e-02, -2.0843e-02, -2.1812e-01,
         -2.5562e-02],
        [-1.9500e-03,  1.9821e-02,  8.8860e-02,  3.1148e-01, -1.0977e-01,
         -5.2703e-02],
        [-5.0887e-02, -1.4477e-01, -1.4329e-01, -8.7449e-03, -4.4725e-02,
         -1.8591e-01],
        [ 2.6559e-02, -6.3684e-02, -1.1103e-01, -3.7166e-02, -4.3602e-02,
          3.9874e-02],
        [ 1.2886e-01,  1.5968e-01, -3.4537e-02,  2.8947e-01, -9.2282e-02,
         -3.5248e-02],
        [ 5.6246e-02,  2.2156e-01,  1.2982e-01, -9.2667e-02, -5.7220e-02,
         -1.6011e-01],
        [-1.6124e-02,  6.4018e-02,  1.1464e-01, -4.8147e-02, -1.3994e-01,
          4.7924e-03],
        [-4.1282e-02,  9.8111e-03,  3.3569e-02,  4.3541e-02,  7.3906e-02,
         -3.3921e-02],
        [ 9.3248e-02, -4.1638e-02, -1.4545e-01, -5.0105e-02,  7.1690e-02,
         -1.7426e-01],
        [-3.2327e-02, -1.2972e-01, -3.9359e-02,  1.6762e-01, -6.2058e-02,
          1.1376e-01],
        [-2.3141e-02, -1.2751e-02, -2.7957e-01,  3.4517e-02, -1.9156e-01,
          1.7082e-02],
        [ 9.1386e-02,  1.0075e-01, -1.7800e-01,  7.8655e-02, -2.7966e-02,
          7.5404e-02],
        [ 1.7128e-02,  1.3219e-01,  2.9665e-01,  1.9800e-01, -1.2960e-01,
         -5.0401e-02],
        [ 2.0057e-01, -1.3349e-01,  1.0064e-01,  6.8301e-02,  1.6464e-01,
         -8.1274e-02],
        [-5.4722e-02,  1.3330e-01,  2.0656e-01, -1.6720e-01, -1.8379e-01,
         -2.1796e-01],
        [ 1.3241e-02, -8.9903e-02, -6.9786e-02, -6.1278e-02, -1.3555e-02,
          5.3884e-02],
        [ 8.0835e-02, -5.1891e-02, -1.1544e-01,  1.2532e-01, -2.3018e-01,
          1.9277e-01],
        [ 5.9684e-02, -1.4451e-01,  2.9152e-01, -6.9572e-02, -7.9381e-03,
          9.2366e-02],
        [ 9.9010e-02, -6.7827e-02,  1.1194e-01,  2.4415e-01,  1.5667e-01,
          1.3497e-01]], dtype=torch.float32)","tensor([-0.0035, -0.0053,  0.0028, -0.0073,  0.0025,  0.0048,  0.0086,  0.0029,
        -0.0012,  0.0075, -0.0047,  0.0083, -0.0015,  0.0009,  0.0051,  0.0079,
         0.0151,  0.0118,  0.0038,  0.0120,  0.0106,  0.0017,  0.0140, -0.0021,
         0.0022,  0.0143,  0.0024,  0.0035,  0.0103,  0.0162, -0.0060,  0.0179,
         0.0103, -0.0044,  0.0039,  0.0132,  0.0023,  0.0033,  0.0012,  0.0039,
         0.0087,  0.0061,  0.0039,  0.0048,  0.0058, -0.0144,  0.0042,  0.0076,
         0.0003,  0.0001, -0.0025,  0.0050,  0.0123, -0.0080,  0.0013,  0.0025,
        -0.0017,  0.0046,  0.0015,  0.0016, -0.0042, -0.0015,  0.0054, -0.0051,
         0.0024,  0.0011,  0.0058,  0.0034,  0.0020,  0.0048,  0.0104,  0.0095,
        -0.0011, -0.0011,  0.0103, -0.0039,  0.0094,  0.0027, -0.0075,  0.0025,
         0.0038,  0.0063,  0.0020, -0.0014,  0.0002,  0.0079, -0.0003,  0.0010,
         0.0090, -0.0058, -0.0074, -0.0009, -0.0005, -0.0072, -0.0065, -0.0048,
         0.0037,  0.0050,  0.0021,  0.0042, -0.0083, -0.0012,  0.0096, -0.0082,
         0.0003,  0.0077, -0.0082,  0.0165,  0.0096,  0.0186,  0.0080,  0.0019,
         0.0074,  0.0039, -0.0037,  0.0211, -0.0072, -0.0060,  0.0012,  0.0049,
         0.0066,  0.0041,  0.0043,  0.0041,  0.0090, -0.0056,  0.0046,  0.0049],
       dtype=torch.float32)","tensor([[ 1.7695e-01,  4.1954e-03,  8.6763e-02,  ..., -2.1527e-02,
         -4.0151e-03,  1.0070e-02],
        [-1.8099e-02, -1.0088e-01,  3.0227e-02,  ..., -1.9618e-02,
         -3.5591e-02, -1.2684e-03],
        [ 1.2146e-02,  6.7574e-02,  3.4839e-02,  ...,  1.5648e-02,
          1.2811e-01, -1.4812e-01],
        ...,
        [-1.2525e-01, -2.3007e-03, -1.3470e-03,  ...,  8.0822e-02,
         -1.0893e-01,  2.0353e-05],
        [ 5.2830e-03,  7.6925e-02, -1.0925e-01,  ..., -1.6797e-01,
         -1.9795e-03, -8.9072e-02],
        [-7.2580e-02, -2.7982e-02, -1.9748e-01,  ...,  5.9393e-02,
         -4.1610e-03, -4.0816e-02]], dtype=torch.float32)","tensor([ 0.0024,  0.0043, -0.0027, -0.0095, -0.0008], dtype=torch.float32)","tensor([[-6.7764e-03, -4.9828e-02, -4.3175e-02, -8.6898e-02,  2.4624e-01,
          7.0946e-02,  1.7494e-01, -8.8346e-02, -1.4675e-01, -9.4025e-02,
         -9.8726e-02, -6.7785e-02,  5.7087e-02, -1.0566e-01,  3.8173e-02,
         -6.0611e-02, -8.4459e-02, -2.1488e-02,  1.6081e-01, -1.3240e-01,
          8.2939e-04,  1.3216e-01, -6.4476e-03, -3.7155e-02,  1.9205e-01,
         -2.6453e-03, -4.3264e-02, -7.9287e-02, -5.9258e-02, -4.3503e-01,
          1.0215e-01, -6.0671e-02, -3.6997e-02,  2.7988e-03,  3.1291e-01,
          3.3843e-02, -2.2596e-02,  1.8320e-01,  1.1579e-01, -5.3678e-03,
         -1.0407e-01, -2.6944e-02, -2.5927e-02,  7.7721e-02, -1.2065e-01,
          7.3824e-04, -5.7829e-02, -2.1880e-01,  8.8578e-02, -5.6008e-02,
          2.2246e-01, -4.4361e-02,  7.6806e-02,  1.4042e-01, -1.4588e-01,
         -4.6367e-02,  7.1865e-02,  1.9720e-01,  1.3254e-01, -1.2788e-01,
          8.9749e-02,  2.1946e-01,  2.9773e-02, -1.2605e-01, -1.4209e-01,
         -1.9523e-02,  1.2034e-01, -5.3371e-02,  1.4315e-02,  3.5419e-02,
          1.5929e-02, -1.3656e-01, -2.8463e-01,  5.7868e-02, -2.6899e-01,
          9.4799e-02, -1.1868e-02, -9.4883e-02,  3.8024e-02, -7.6037e-03,
          3.4165e-02, -2.1602e-02,  1.4413e-03, -2.0172e-01,  7.3075e-03,
          5.4282e-02,  2.0027e-01, -1.4636e-01, -5.2334e-02,  1.4431e-01,
          4.7010e-02, -1.3610e-01, -6.7251e-02, -6.7488e-02,  1.4615e-01,
          2.3591e-02, -1.7517e-01,  6.3596e-02,  2.6624e-02, -1.9987e-02,
         -3.5957e-02,  3.8318e-02, -7.8098e-02,  7.6433e-03,  2.1440e-01,
         -1.7668e-01,  9.0892e-03, -1.4094e-01, -5.1339e-02, -2.0147e-02,
          1.6045e-01,  1.1971e-01,  2.4492e-01, -6.7946e-02, -1.2786e-01,
         -3.2867e-02,  2.4493e-01,  1.0288e-01, -6.9903e-02, -1.8432e-01,
          4.2753e-02,  1.3118e-01, -1.3850e-01,  1.5576e-01,  1.8849e-02,
         -1.4370e-01,  1.9655e-01, -3.9724e-02],
        [ 3.8961e-03, -1.3132e-01, -3.7746e-01, -4.5802e-02,  8.3668e-02,
         -2.8814e-01,  1.2744e-01,  3.5921e-02, -1.4833e-01, -3.8187e-03,
         -3.0476e-02,  8.9210e-02, -1.7113e-01,  1.3167e-01,  1.1123e-01,
          1.6257e-02,  1.0998e-01,  5.3339e-02,  6.4160e-02, -8.6615e-02,
         -1.0715e-01,  1.1810e-01,  1.2631e-02,  7.2259e-02,  6.7229e-02,
          3.6546e-02, -7.8764e-02,  1.3721e-01, -1.2790e-02, -1.7664e-01,
          3.8731e-04, -3.2639e-02, -8.0759e-02,  9.6622e-02,  1.7528e-01,
         -1.6662e-01,  1.3318e-01,  2.0232e-01,  9.0296e-02, -3.1965e-01,
          2.3311e-01,  1.5273e-01, -6.9969e-02,  1.7363e-01,  1.4368e-01,
         -1.4176e-01, -6.1745e-02,  1.0227e-01,  3.6773e-02, -3.4739e-02,
          4.2908e-02,  8.3709e-02,  1.8646e-01, -3.2832e-01,  2.5862e-02,
         -8.7904e-02,  2.0502e-02, -1.0641e-01, -9.4341e-02, -5.8698e-03,
         -8.7158e-02, -2.0390e-01,  8.6230e-02, -1.8995e-01, -1.0975e-01,
         -2.0900e-01,  4.2156e-02,  6.8673e-02, -9.1194e-02, -2.8359e-01,
          8.1409e-02,  7.4567e-02, -1.2895e-01, -1.7433e-01, -1.8478e-01,
          2.7016e-01,  1.3664e-01, -1.4569e-01,  1.7021e-01,  2.3386e-01,
         -2.1597e-01, -2.2365e-01, -1.7410e-01, -4.6220e-02,  1.8170e-01,
         -4.3089e-02, -4.9626e-02, -5.4420e-02,  5.7334e-03, -7.0837e-03,
          3.2336e-02, -1.8641e-01,  7.8432e-02,  9.7663e-02,  5.8439e-02,
         -6.7298e-03,  5.2871e-02, -1.2700e-01, -1.6248e-01,  1.3330e-02,
          2.8466e-01,  2.2663e-02, -8.9808e-02, -1.3348e-01,  2.0885e-01,
          4.1530e-03, -4.4033e-02, -2.2613e-01,  7.4033e-02, -1.0873e-01,
         -1.8346e-01,  1.0782e-01, -4.6948e-02, -1.1094e-01,  1.6755e-01,
          1.4854e-01, -1.0798e-01, -6.7556e-02, -8.6294e-02,  7.0432e-02,
          1.8574e-02,  1.5376e-03,  1.0297e-01,  1.0769e-01,  1.6844e-01,
         -6.7897e-02,  1.8406e-01, -5.1302e-02],
        [-4.0900e-02,  7.8478e-02,  3.0167e-02, -1.4724e-01,  3.7004e-02,
         -1.3319e-01,  7.6674e-02, -6.8413e-03,  9.6589e-02, -6.4604e-02,
          2.9750e-02, -4.4191e-02, -8.6459e-02,  1.3772e-01,  8.4504e-02,
         -1.2177e-01, -7.2239e-02, -3.8725e-02, -1.0071e-02, -1.6788e-01,
         -1.6874e-01,  1.0441e-01, -2.5483e-01,  1.7367e-01,  2.1045e-01,
         -2.8701e-01,  1.7994e-01,  1.2940e-01, -1.0749e-01, -1.3105e-01,
         -4.0346e-02, -6.0685e-02,  3.4306e-02,  1.8352e-01, -1.5039e-01,
         -1.4702e-01,  2.4465e-01,  2.5147e-01, -1.1457e-01, -1.7985e-01,
          1.5048e-01,  3.2646e-01, -4.3184e-02, -1.5076e-02,  4.2700e-02,
         -1.2980e-01,  2.0768e-02, -1.4729e-01,  1.0724e-02,  3.8269e-02,
          2.1888e-01,  4.5038e-02,  1.9748e-01,  1.5088e-01, -1.7319e-02,
          5.2854e-02,  1.0901e-02, -1.2834e-01, -1.0737e-01,  1.6211e-01,
         -5.0850e-02,  1.1412e-01,  5.7210e-02, -1.6454e-01,  9.5242e-02,
          3.9078e-02,  5.4010e-02,  4.3652e-02,  2.4680e-01, -1.1249e-01,
          5.3928e-02, -2.0559e-01, -2.2555e-01, -2.2869e-01, -8.0617e-02,
          6.4745e-02,  9.2797e-02,  8.4421e-02,  2.4889e-01,  8.9781e-02,
          3.1070e-02, -9.0390e-02, -2.9344e-02, -3.2621e-02, -3.4058e-02,
         -1.9061e-01,  1.7542e-01,  2.9738e-02, -7.7861e-02,  1.2796e-01,
          4.9971e-02,  7.7339e-02, -1.9448e-01,  8.0231e-02, -4.8162e-02,
          1.1898e-01, -1.3059e-02, -3.5192e-02, -4.1236e-02,  9.4240e-02,
         -4.4197e-02,  7.0670e-02, -1.9827e-01, -1.4422e-01, -1.7955e-01,
          9.8074e-04, -8.0146e-02,  8.8094e-02, -1.3230e-01, -1.8369e-01,
         -1.2405e-01, -6.0078e-02, -1.9719e-01, -1.2243e-01, -1.9488e-02,
         -7.6234e-02,  1.3575e-01,  7.2532e-02,  2.1206e-02, -7.4858e-02,
         -6.6456e-02,  2.6372e-01, -1.6453e-01,  1.3786e-01,  1.2907e-01,
         -1.6806e-01,  2.1928e-01, -9.3258e-02],
        [ 1.4767e-01,  8.6050e-02, -7.1914e-02,  2.5603e-01, -4.2439e-02,
          3.1280e-03, -2.0244e-01, -1.0362e-01,  9.1778e-02, -3.8990e-02,
          8.0539e-02, -2.7204e-02, -7.7609e-02,  6.4868e-02,  6.5982e-02,
         -1.6492e-01, -9.3017e-03, -9.1587e-02,  1.5171e-02,  1.5498e-02,
         -6.4113e-02, -8.4655e-02, -3.2934e-02,  1.6885e-01,  1.4357e-01,
          1.2161e-02, -1.1932e-01, -1.3367e-01, -8.5035e-02, -1.9240e-01,
          7.1942e-02, -2.0757e-01,  2.6682e-02, -1.9877e-02, -2.9996e-02,
          1.2029e-02,  9.5344e-02, -7.4281e-02,  8.3624e-02,  1.1295e-01,
         -5.8795e-03,  3.2673e-02, -2.9672e-02, -6.3353e-02, -4.8198e-02,
          1.5403e-01, -1.7530e-01, -3.0247e-02,  2.2358e-02,  5.3514e-02,
          6.6940e-02, -7.3992e-02, -1.0739e-01, -6.5054e-02, -6.2991e-03,
         -2.7639e-03,  7.5863e-02,  1.0407e-01, -1.3294e-02, -8.2443e-02,
         -5.0420e-02, -1.2413e-01, -1.2734e-01,  1.4208e-01, -5.2294e-02,
         -5.1287e-02, -8.5718e-02, -8.1952e-02, -3.7090e-02, -3.9739e-02,
         -8.7731e-02, -1.5901e-02, -9.0712e-02,  1.0263e-01,  1.9610e-01,
         -3.7303e-02, -1.5505e-01,  2.1030e-02, -5.3534e-02, -2.2922e-02,
         -1.7850e-01, -1.0187e-01, -2.9345e-02, -4.8667e-02, -8.9277e-04,
         -2.3424e-01,  3.3477e-02,  4.3843e-02,  7.0071e-02,  1.2826e-01,
          1.1825e-01,  5.0091e-02,  1.6527e-01,  8.8756e-02,  8.3348e-02,
          2.3062e-01,  4.2970e-02, -1.7003e-01, -8.7147e-02,  1.4474e-02,
          1.3135e-01,  1.6545e-02, -1.1378e-02, -5.6896e-03,  3.0137e-02,
         -9.2105e-02,  3.6123e-01, -3.0547e-02,  2.4556e-02, -2.6123e-01,
         -9.6873e-04,  7.2187e-03, -1.4254e-01,  8.6657e-02,  2.0010e-01,
         -7.6872e-02,  1.0488e-01,  4.7304e-02, -3.1191e-01, -5.6025e-02,
         -6.5798e-02, -1.1747e-01, -3.0753e-02, -1.7683e-02, -1.2683e-02,
          2.1025e-02, -1.5329e-02, -3.9711e-03],
        [-2.6590e-01, -6.5669e-02, -2.3367e-01,  2.6744e-03,  5.9772e-03,
         -1.8329e-01,  7.9064e-02, -1.4127e-01, -1.9063e-01,  5.6734e-02,
          5.4091e-02, -1.6878e-01, -1.2914e-01, -6.9805e-02, -2.0717e-03,
          1.2740e-01, -1.7596e-02, -5.5998e-02, -7.1487e-02, -1.6050e-02,
         -5.5320e-02, -2.0842e-01, -7.7240e-03, -4.8938e-02, -2.9101e-02,
         -8.3793e-02, -1.6736e-02,  3.0203e-01, -9.6401e-02, -1.6652e-02,
         -1.6261e-01, -1.2644e-02, -7.7515e-02, -2.2342e-02, -1.9245e-01,
         -9.3796e-02, -1.4181e-01, -1.5803e-01,  5.6600e-03, -5.8373e-02,
          9.7622e-02,  2.2137e-01,  2.1375e-01,  5.2393e-02,  6.8233e-02,
         -4.5922e-02, -1.1353e-01,  5.4287e-02, -8.6024e-02,  1.0860e-01,
         -7.6312e-02,  1.1672e-01,  7.9346e-03,  9.1451e-02,  3.0483e-02,
         -1.1370e-01, -2.5004e-02, -1.8509e-01, -8.8433e-02, -5.7649e-02,
         -1.8714e-01,  2.7646e-01, -1.1832e-01,  1.0286e-01, -9.1840e-02,
         -2.2918e-02, -1.3172e-01, -1.3259e-01,  1.2939e-01,  1.3460e-01,
         -7.1763e-02, -1.8545e-01,  6.7885e-02, -3.2073e-02, -4.7905e-02,
          1.4722e-01,  1.0259e-01, -1.1632e-01,  9.0762e-02, -5.4380e-02,
          6.7967e-02,  1.6565e-01,  1.0583e-01, -1.2506e-01,  2.9243e-01,
          3.4021e-02,  1.0277e-01, -1.1064e-01, -1.0518e-01, -6.2950e-02,
          1.7214e-01,  8.0414e-02, -1.2304e-01,  1.2076e-01,  1.8165e-01,
         -4.9661e-02, -1.2349e-01,  5.1080e-02,  1.1075e-01, -8.0736e-02,
          8.2517e-03, -1.6099e-01, -1.9232e-01,  2.2978e-02, -1.0549e-02,
          9.7794e-02,  1.6465e-01, -3.2218e-02, -1.3556e-01, -1.0534e-01,
         -1.2978e-01, -6.8888e-02, -4.7231e-02,  9.8614e-02, -5.1189e-02,
          1.1855e-02,  1.0408e-01, -5.1431e-02, -2.8786e-02,  2.5461e-01,
          7.0856e-02, -5.8748e-02,  1.1148e-02, -1.8739e-03, -7.7998e-02,
          1.2806e-01, -6.5335e-04,  1.1894e-01]], dtype=torch.float32)","tensor([0., 0., 0., 0., 0.], dtype=torch.float32)","tensor([1., 1., 1., 1., 1.], dtype=torch.float32)","tensor([ 1.5328e-03,  1.6705e-03,  4.5024e-03,  1.1210e-03, -2.1393e-03,
         3.0287e-04, -5.4574e-03, -1.5845e-02,  4.8163e-03, -1.8028e-03,
        -3.9273e-03,  2.1534e-03, -1.3578e-03,  3.4765e-03,  6.9073e-03,
         4.8914e-03,  3.1573e-03, -9.4150e-03,  3.4853e-03,  2.5157e-05,
        -2.0459e-03,  1.0806e-03,  1.7803e-03, -7.8212e-03,  2.4300e-03,
         1.5310e-02, -6.1467e-03,  3.4214e-03, -7.3833e-03, -3.3125e-03,
        -1.7751e-03, -1.4909e-02,  3.4044e-03, -7.8244e-03, -1.1148e-03,
         5.5164e-03,  7.3569e-03, -6.9628e-03,  8.1571e-04, -1.5562e-03,
        -7.7597e-03, -1.6530e-02,  5.1625e-03,  2.8017e-03,  3.9814e-03,
        -6.5500e-03, -9.7427e-04, -1.5035e-02,  5.4318e-03, -1.5993e-02,
         4.5060e-03, -4.8334e-02,  8.7654e-03, -2.4110e-03,  1.1169e-02,
         1.1403e-02,  1.9940e-03,  1.6772e-04,  6.8285e-03, -1.7690e-03,
        -1.0333e-02, -4.9055e-04,  1.8649e-03, -1.8115e-03,  1.6141e-03,
        -4.7639e-03,  1.1388e-03,  1.0233e-02,  8.4034e-03, -2.5281e-02,
        -7.0450e-03, -1.4069e-02,  2.8911e-03, -5.3072e-03, -3.9597e-03,
         2.4544e-03,  3.1072e-04,  5.9124e-03,  2.3430e-02,  8.1685e-03,
        -4.1670e-03,  3.2633e-04,  3.8429e-03,  3.7669e-03,  1.4705e-03,
         6.3645e-03,  3.2387e-03, -2.1542e-02,  4.6736e-03,  3.5160e-03,
        -2.9639e-03,  2.6031e-03,  3.2365e-03,  1.0888e-03, -1.0376e-02,
         5.7546e-03,  1.6883e-02,  1.9688e-02, -9.5268e-03, -8.6948e-03,
        -7.7134e-05, -1.7909e-03,  1.8977e-02,  2.7433e-03, -1.1487e-03,
         9.3036e-03, -1.7652e-03, -6.3950e-03,  7.1146e-03,  6.2713e-03,
         2.9706e-03,  2.2203e-03,  2.1270e-03,  7.1836e-03, -6.2388e-04,
        -3.0433e-03,  5.1785e-03, -4.4741e-04,  5.8800e-03,  2.7998e-03,
        -5.7820e-03, -6.1970e-03,  7.3742e-03,  6.8954e-04,  5.3970e-03,
         2.8517e-03,  4.2805e-03,  9.8564e-04], dtype=torch.float32)","tensor([[ 0.0424,  0.0352, -0.0089,  ...,  0.1383,  0.0914, -0.0193],
        [-0.1685,  0.0955, -0.0515,  ...,  0.0811, -0.0027, -0.1400],
        [ 0.0035, -0.1023,  0.0829,  ..., -0.1036, -0.0070,  0.0905],
        ...,
        [ 0.2433,  0.1221, -0.0102,  ..., -0.0718,  0.1158, -0.1230],
        [ 0.0005, -0.1485,  0.0314,  ...,  0.0998, -0.0043,  0.0511],
        [-0.0659, -0.0972,  0.1050,  ...,  0.0982, -0.0486, -0.2014]],
       dtype=torch.float32)","tensor([ 2.7992e-03, -5.5501e-03,  2.7749e-03, -2.6471e-03, -3.1389e-03,
         5.2710e-03,  1.1859e-03, -5.1702e-03,  5.2382e-03, -4.5050e-03,
         5.2342e-03,  6.0278e-04,  3.3390e-03, -7.7811e-03, -1.6688e-02,
         6.2793e-03,  4.1661e-03, -2.8424e-03,  5.0022e-03, -4.7810e-03,
        -4.3893e-03, -1.0265e-03,  9.2948e-03,  3.2581e-03, -1.7234e-03,
        -7.3442e-03,  4.8479e-03,  2.7618e-03, -8.7973e-03, -3.9849e-03,
        -3.5046e-03, -5.3966e-03, -1.0818e-02, -8.4219e-03, -8.9891e-03,
        -5.6308e-05, -2.5650e-03,  1.1262e-04,  2.8381e-03, -6.7331e-03,
        -5.1159e-03, -2.6708e-03, -1.1791e-02, -1.6303e-02,  4.2346e-03,
         3.8461e-03, -1.1136e-03,  3.7731e-03, -5.2653e-03,  3.8738e-03,
        -5.5679e-03,  2.4367e-03, -1.9052e-03, -8.9526e-04,  9.7936e-04,
        -1.1600e-02,  5.4804e-04,  4.3245e-03,  6.4896e-03,  4.2095e-03,
         5.0909e-03, -3.6753e-03, -2.5356e-04, -2.7494e-03, -7.0406e-04,
        -5.0694e-03, -5.9873e-03,  8.0476e-03,  3.0852e-04, -3.7182e-03,
        -1.0191e-02, -3.6792e-03, -2.0858e-03,  6.8177e-03,  6.0369e-03,
         1.9140e-03, -1.2455e-03, -3.3109e-03, -6.4765e-03, -1.6456e-02,
        -4.2794e-03,  4.3455e-03, -8.7325e-03, -1.5019e-03, -2.2071e-03,
         2.7712e-03,  8.0451e-03, -1.0488e-02, -2.5611e-03,  2.4324e-03,
        -6.0116e-03, -1.9290e-02, -4.9722e-03,  5.2842e-03,  5.5263e-03,
        -4.4558e-03, -4.1937e-03, -7.8291e-03, -1.1701e-03, -5.0200e-03,
         8.3350e-03, -8.7172e-03, -1.4920e-03, -1.6632e-03, -8.3831e-03,
         4.9086e-03,  5.7033e-05, -4.1224e-03, -1.0518e-02, -2.3984e-04,
        -7.6212e-03,  6.7877e-03, -5.4435e-03, -2.3448e-04,  3.2791e-03,
         4.3059e-04,  8.2292e-03,  1.7297e-03,  6.7910e-03,  2.9826e-04,
         4.6421e-03, -1.7860e-03, -3.9105e-03,  2.7889e-03,  4.4696e-03,
        -6.5963e-03, -1.7587e-02,  9.0383e-03], dtype=torch.float32)","tensor([[ 0.0352, -0.0087,  0.0951,  ...,  0.0665, -0.0350, -0.1365],
        [ 0.1419,  0.0229, -0.0574,  ..., -0.0154,  0.0664, -0.1032],
        [ 0.0985, -0.0210, -0.0837,  ..., -0.0505, -0.2639,  0.0621],
        ...,
        [ 0.1101, -0.1321, -0.0111,  ..., -0.1550,  0.0003, -0.0199],
        [ 0.0666,  0.0018, -0.0123,  ...,  0.0451,  0.0596,  0.0008],
        [ 0.1269,  0.0018,  0.2023,  ...,  0.0189,  0.0567,  0.0219]],
       dtype=torch.float32)","tensor([0.], dtype=torch.float32)","tensor([[-0.1331,  0.2262,  0.0079, -0.0789, -0.1274,  0.0928,  0.0360, -0.0039,
         -0.0134, -0.1675,  0.1083,  0.0989,  0.0093, -0.0700, -0.0006,  0.0237,
          0.2533,  0.0710,  0.1586,  0.1298, -0.0903, -0.0931, -0.0121,  0.0759,
         -0.1686, -0.0414, -0.1648,  0.1363,  0.2440, -0.1285,  0.1234, -0.0482,
          0.1751, -0.1331,  0.1576,  0.0241, -0.0462, -0.0804, -0.0993,  0.0109,
         -0.0227, -0.0288, -0.0091,  0.1150,  0.0781, -0.1237, -0.0888,  0.1435,
         -0.0431,  0.0465,  0.0761,  0.1951, -0.0119,  0.0355,  0.0098,  0.1483,
         -0.0984,  0.0948, -0.1883, -0.1654,  0.1774,  0.0997,  0.0761, -0.0098,
          0.0507, -0.0107,  0.2151,  0.0321,  0.0642,  0.1563,  0.0820,  0.1760,
          0.1729,  0.0239, -0.0582,  0.0893,  0.0956,  0.0457,  0.0954, -0.0362,
         -0.1273, -0.1975,  0.0655, -0.2122,  0.0148,  0.1345,  0.0384,  0.0955,
         -0.1250, -0.2070,  0.0959,  0.0132, -0.1726,  0.1041, -0.0161, -0.0287,
         -0.0702, -0.0298, -0.0845, -0.0334,  0.1443, -0.1191,  0.0172, -0.2935,
         -0.1585,  0.0084,  0.1337,  0.2306,  0.2773,  0.1252, -0.1069,  0.0266,
          0.1310, -0.1429,  0.0858,  0.0828,  0.0744,  0.2258, -0.0726, -0.0769,
          0.0341, -0.0750,  0.0458, -0.1440, -0.1740, -0.0409, -0.1530,  0.0666]],
       dtype=torch.float32)","tensor([0., 0., 0., 0., 0., 0., 0., 0., 0., 0., 0., 0.], dtype=torch.float32)","tensor([1., 1., 1., 1., 1., 1., 1., 1., 1., 1., 1., 1.], dtype=torch.float32)",state_dict,cuda,no_unique_match:0,1768080397
