{
  "system": {
    "N": 12,
    "d": 2,
    "omega": 0.01
  },
  "mcmc": {
    "method": "rw",
    "step_sigma": 1.3214113195286021,
    "burn_in": 100,
    "mix_steps": 30,
    "target_accept": 0.6,
    "acc_noBF": {
      "burn": 0.5891698455810547,
      "mix": 0.5980757017930348
    },
    "acc_BF": {
      "burn": 0.5814169877767563,
      "mix": 0.5750954151153564
    }
  },
  "energy": {
    "noBF": {
      "mean": 2.479810709488895,
      "std": 0.05271146589984117,
      "se": 0.00115135553973103,
      "nfinite": 2096,
      "ntotal": 2096
    },
    "withBF": {
      "mean": 2.4630818862274593,
      "std": 0.18978687155713644,
      "se": 0.004145438989511936,
      "nfinite": 2096,
      "ntotal": 2096
    }
  },
  "pinn": {
    "feature_pca_eff_rank": 1.5976411170269975,
    "rho_in_pca_eff_rank": 1.5976411170269975,
    "rho_in_expvar_top8": [
      0.8560456919636652,
      0.13089965338696943,
      0.008580063538919607,
      0.0027732853721105133,
      0.0013238618262801218,
      0.00022612751380560232,
      8.702159704851023e-05,
      4.5829544017154144e-05
    ],
    "rho_weights": {
      "std": [
        0.4451719271255486,
        0.37141040719288426,
        0.18342164736160438,
        0.32701708796475876,
        0.308339491414396,
        0.17744244132414128,
        0.23670386956743994,
        0.2540424184239449,
        0.20916325210387407,
        0.177503278054935,
        0.6411696059579831,
        0.08967487260818473
      ],
      "w_eff": [
        0.6551987943486663,
        3.478347354201318,
        4.338972974813018,
        1.153003901128294,
        2.7279251753801903,
        8.414211380114532,
        11.483919629576768,
        10.054880069073722,
        9.165493817399387,
        9.272810376010428,
        3.456817822231762,
        3.085739653884023
      ],
      "importance": [
        0.2916761099305318,
        1.2918944071822032,
        0.7958615708976848,
        0.37705197815898134,
        0.8411270611932549,
        1.4930382091048946,
        2.7182882141223024,
        2.5543660497102105,
        1.9170844939852072,
        1.6459542385236652,
        2.216406520948872,
        0.2767133103640738
      ]
    },
    "branch_ablation": {
      "phi": 42.78455154181147,
      "psi": 106.41677686653823,
      "extras": 9.947430814639233
    },
    "pc_ablation": {
      "k": [
        1,
        2,
        3,
        4,
        6,
        8,
        12
      ],
      "mae_pc": [
        1.8111664621221841,
        1.543446936848884,
        0.09141101458265351,
        0.04841019041007971,
        0.04095086751021092,
        0.0019471179049636675,
        2.033996380992653e-15
      ],
      "mae_rand": [
        7.712304600272145,
        7.293853252117846,
        7.430903946805039,
        6.205498633960069,
        5.1211372377867175,
        2.7241208673080006,
        3.875893103780445e-15
      ],
      "pca_eff_rank": 1.5976411170269975,
      "rho_in_expvar_top8": [
        0.8560456919636652,
        0.13089965338696943,
        0.008580063538919607,
        0.0027732853721105133,
        0.0013238618262801218,
        0.00022612751380560232,
        8.702159704851023e-05,
        4.5829544017154144e-05
      ]
    },
    "probes": {
      "target_names": [
        "r_mean",
        "r_var",
        "Pr(r<0.25)",
        "shell_contrast"
      ],
      "R2": [
        0.9934624610778993,
        0.8587783995385067,
        0.01515169641722569,
        0.026632807130968716
      ],
      "U_topk": [
        [
          0.4278786778450012,
          -0.16568279266357422,
          -0.2651120722293854
        ],
        [
          0.28108537197113037,
          -0.5865817070007324,
          -0.012919112108647823
        ],
        [
          -0.16814415156841278,
          -0.14891593158245087,
          0.11106676608324051
        ],
        [
          0.3130120635032654,
          -0.15365269780158997,
          -0.15832951664924622
        ],
        [
          -0.10085362195968628,
          -0.7248002886772156,
          0.16900883615016937
        ],
        [
          -0.16963395476341248,
          -0.05227304995059967,
          -0.3146288990974426
        ],
        [
          -0.22608867287635803,
          -0.07015600800514221,
          -0.4293920397758484
        ],
        [
          -0.2428528070449829,
          -0.07544437795877457,
          -0.448208749294281
        ],
        [
          -0.19970954954624176,
          -0.06182899326086044,
          -0.3816377520561218
        ],
        [
          0.16883638501167297,
          0.05275421962141991,
          0.3545038402080536
        ],
        [
          0.6218835115432739,
          0.19157029688358307,
          -0.3205004930496216
        ],
        [
          0.08655877411365509,
          0.026444675400853157,
          0.07266203314065933
        ]
      ]
    },
    "pc1_block_power": {
      "phi": 0.39850959441052247,
      "psi": 0.2072588836341379,
      "extras": 0.3942315219543396
    },
    "near_field_grad_share": [
      {
        "q": 0.01,
        "share": 1.0243526903001274,
        "count": 32,
        "frac": 0.015267175572519083
      },
      {
        "q": 0.05,
        "share": 1.0248129890480162,
        "count": 105,
        "frac": 0.050095419847328244
      },
      {
        "q": 0.1,
        "share": 1.0391913179087364,
        "count": 210,
        "frac": 0.10019083969465649
      }
    ],
    "energy_feature_corr": {
      "corr_features": [
        0.08731394404911302,
        0.04740966623398374,
        -0.103805354803991,
        0.08114333842046369,
        -0.07989260271817736,
        -0.10223256019472468,
        -0.1062605834970471,
        -0.10771451045593552,
        -0.10333897559804907,
        0.10570478568467179,
        0.10155941972723728,
        0.11676188796043661
      ],
      "corr_out_base": 0.1049549063151405,
      "corr_cusp": -0.1716834305667878,
      "nfinite": 2096
    }
  },
  "winsor_pct": 0.0,
  "backflow": {
    "bf_kind": "ctnn",
    "pca_dx": {
      "eff_rank": 21.667369466957567,
      "expvar_top8": [
        0.06591748340462267,
        0.05873979270404376,
        0.05533274500591718,
        0.05449149045752276,
        0.052007604469556996,
        0.049761649365129265,
        0.049112051987744036,
        0.048306155364181924
      ]
    },
    "pc_ablation_dx": {
      "k": [
        1,
        2,
        3,
        4,
        6,
        8,
        12
      ],
      "rel_err_pc": [
        0.9664794444761982,
        0.9355975223838194,
        0.9055440237142709,
        0.8749391341270133,
        0.8147080670964105,
        0.7525496842334238,
        0.6207166853414293
      ],
      "rel_err_rand": [
        0.9798821354695291,
        0.9573533488504697,
        0.936041765451636,
        0.9122696910748194,
        0.8642214142775784,
        0.8118605767232242,
        0.7068450418575385
      ],
      "pca_eff_rank": 21.667369466957567
    },
    "near_field_dx2": {
      "rows": [
        {
          "q": 0.01,
          "share": 1.1308677589140377,
          "count": 21,
          "frac": 0.010019083969465648
        },
        {
          "q": 0.05,
          "share": 1.1251423992043221,
          "count": 105,
          "frac": 0.050095419847328244
        },
        {
          "q": 0.1,
          "share": 1.1349650018295419,
          "count": 210,
          "frac": 0.10019083969465649
        }
      ]
    },
    "probes_dx": {
      "target_names": [
        "r_mean",
        "r_var",
        "Pr(r<0.25)",
        "shell_contrast"
      ],
      "R2": [
        0.0006353418137530209,
        0.0002968977689870034,
        0.0006757771594626538,
        0.0026497006466382755
      ],