{
  "system": {
    "N": 2,
    "d": 2,
    "omega": 0.5
  },
  "mcmc": {
    "method": "rw",
    "step_sigma": 0.628097257169409,
    "burn_in": 100,
    "mix_steps": 30,
    "target_accept": 0.6,
    "acc_noBF": {
      "burn": 0.5990478515625,
      "mix": 0.599200439453125
    },
    "acc_BF": {
      "burn": 0.6001995849609375,
      "mix": 0.597747802734375
    }
  },
  "energy": {
    "noBF": {
      "mean": 1.6597719821110397,
      "std": 0.0077040245914983515,
      "se": 6.018769212108087e-05,
      "nfinite": 16384,
      "ntotal": 16384
    },
    "withBF": {
      "mean": 1.659745062140476,
      "std": 0.00840237071821734,
      "se": 6.564352123607297e-05,
      "nfinite": 16384,
      "ntotal": 16384
    }
  },
  "pinn": {
    "feature_pca_eff_rank": 1.240707833319301,
    "rho_in_pca_eff_rank": 1.240707833319301,
    "rho_in_expvar_top8": [
      0.95320184826266,
      0.03967836716121899,
      0.004056271963792587,
      0.0024831928523125083,
      0.00047839719938482997,
      4.5025633181592366e-05,
      3.0212876305338086e-05,
      2.047093263936083e-05
    ],
    "rho_weights": {
      "std": [
        0.04860952475718076,
        0.022644168691517055,
        0.03202956048102556,
        0.05998184396895576,
        0.04978022072409798,
        0.5688502598369696,
        0.49631176658870657,
        0.15820476156853067,
        0.19418517025463322,
        0.6855386229700828,
        0.4267105912931325,
        0.8338109771298946
      ],
      "w_eff": [
        0.005379228680545506,
        0.009644193372538452,
        0.05038905351363018,
        0.0822752948425309,
        0.03546249673381238,
        0.01585298553925399,
        0.04823003736008752,
        0.06546206842602453,
        0.025636886719854746,
        0.10264522264171938,
        0.008552661737545552,
        0.4220119362032938
      ],
      "importance": [
        0.00026148174972151353,
        0.00021838474162137148,
        0.0016139392370964514,
        0.0049350238977445195,
        0.001765330914836784,
        0.009017974943196352,
        0.023937135044824354,
        0.010356410927122051,
        0.0049783032124937395,
        0.07036726458426187,
        0.0036495113471582126,
        0.35187818488614714
      ]
    },
    "branch_ablation": {
      "phi": 0.00373537194262597,
      "psi": 0.3397861947668732,
      "extras": 1.2875258421879747
    },
    "pc_ablation": {
      "k": [
        1,
        2,
        3,
        4,
        6,
        8,
        12
      ],
      "mae_pc": [
        0.027943682825981076,
        0.012319465553508095,
        0.011947972025569017,
        0.00042883618236365026,
        0.00018825307304715734,
        0.00011956431915915702,
        2.7169682926013114e-16
      ],
      "mae_rand": [
        0.34667002217092924,
        0.2924418598080142,
        0.2564306741702225,
        0.2631924176892952,
        0.18256776288861445,
        0.11962697839311294,
        1.5309019378790048e-16
      ],
      "pca_eff_rank": 1.240707833319301,
      "rho_in_expvar_top8": [
        0.95320184826266,
        0.03967836716121899,
        0.004056271963792587,
        0.0024831928523125083,
        0.00047839719938482997,
        4.5025633181592366e-05,
        3.0212876305338086e-05,
        2.047093263936083e-05
      ]
    },
    "probes": {
      "target_names": [
        "r_mean",
        "r_var",
        "Pr(r<0.25)",
        "shell_contrast"
      ],
      "R2": [
        0.9767171795149264,
        0.0,
        0.06333168454478144,
        0.005365626253860611
      ],
      "U_topk": [
        [
          0.013244693167507648,
          -0.05311606824398041,
          0.42465534806251526
        ],
        [
          -0.003242263337597251,
          0.013562132604420185,
          -0.21814797818660736
        ],
        [
          0.003989288117736578,
          -0.013859542086720467,
          -0.24660362303256989
        ],
        [
          -0.0042874799109995365,
          0.018507568165659904,
          -0.657928466796875
        ],
        [
          -0.0066609871573746204,
          0.028460653498768806,
          -0.524990439414978
        ],
        [
          -0.4121163785457611,
          -0.033943645656108856,
          0.010349432937800884
        ],
        [
          -0.35988157987594604,
          -0.06224305182695389,
          0.0049612391740083694
        ],
        [
          -0.11457925289869308,
          -0.008000105619430542,
          0.0033449085894972086
        ],
        [
          0.14061804115772247,
          0.010641831904649734,
          -0.004025422967970371
        ],
        [
          0.4971992075443268,
          0.0993013009428978,
          -0.004579965025186539
        ],
        [
          -0.2397647649049759,
          0.9612142443656921,
          0.04862238094210625
        ],
        [
          -0.60231614112854,
          -0.23801876604557037,
          -0.015389364212751389
        ]
      ]
    },
    "pc1_block_power": {
      "phi": 0.000264599825111454,
      "psi": 0.5794635488053176,
      "extras": 0.4202718513685708
    },
    "near_field_grad_share": [
      {
        "q": 0.01,
        "share": 0.4346188927750947,
        "count": 164,
        "frac": 0.010009765625
      },
      {
        "q": 0.05,
        "share": 1.0169335103941948,
        "count": 820,
        "frac": 0.050048828125
      },
      {
        "q": 0.1,
        "share": 1.251618460018237,
        "count": 1639,
        "frac": 0.10003662109375
      }
    ],
    "energy_feature_corr": {
      "corr_features": [
        0.3667202421246426,
        -0.3178442676031493,
        -0.10062655767520949,
        -0.2853307548530715,
        -0.3300006053553875,
        -0.3031192664321286,
        -0.3002446750799212,
        -0.3081530058970553,
        0.3030416384268658,
        0.30180996983310104,
        -0.38889899197644634,
        -0.29791548853635896
      ],
      "corr_out_base": -0.29104620251532304,
      "corr_cusp": 0.24089382156496514,
      "nfinite": 16384
    }
  },
  "winsor_pct": 0.0,
  "backflow": {
    "bf_kind": "ctnn",
    "pca_dx": {
      "eff_rank": 3.625894716882691,
      "expvar_top8": [
        0.2034658001010268,
        0.19941921599588394,
        0.1990383279676965,
        0.1990383279676964
      ]
    },
    "pc_ablation_dx": {
      "k": [
        1,
        2,
        3,
        4,
        6,
        8,
        12
      ],
      "rel_err_pc": [
        0.28144928146789905,
        1.5048128942237617e-10,
        1.0701376431202127e-10,
        4.932578994238156e-16,
        4.932578994238156e-16,
        4.932578994238156e-16,
        4.932578994238156e-16
      ],
      "rel_err_rand": [
        0.8013306323163087,
        0.7835008393047606,
        0.3277371703536387,
        2.7712256273400557e-16,
        4.085564142605221e-16,
        3.6096698151118906e-16,
        3.9809460409967555e-16
      ],
      "pca_eff_rank": 3.625894716882691
    },
    "near_field_dx2": {
      "rows": [
        {
          "q": 0.01,
          "share": 1.7697544729532728,
          "count": 164,
          "frac": 0.010009765625
        },
        {
          "q": 0.05,
          "share": 1.4907522259961052,
          "count": 820,
          "frac": 0.050048828125
        },
        {
          "q": 0.1,
          "share": 1.4026800045907701,
          "count": 1639,
          "frac": 0.10003662109375
        }
      ]
    },
    "probes_dx": {
      "target_names": [
        "r_mean",
        "r_var",
        "Pr(r<0.25)",
        "shell_contrast"
      ],
      "R2": [
        0.43959525697109547,
        0.0,
        0.05208579158280424,
        0.001956757524799513
      ],