{
  "system": {
    "N": 12,
    "d": 2,
    "omega": 0.1
  },
  "mcmc": {
    "method": "rw",
    "step_sigma": 0.34253102286828213,
    "burn_in": 100,
    "mix_steps": 30,
    "target_accept": 0.6,
    "acc_noBF": {
      "burn": 0.6240458035469055,
      "mix": 0.6449109435081481
    },
    "acc_BF": {
      "burn": 0.5950238561630249,
      "mix": 0.6514949103196462
    }
  },
  "energy": {
    "noBF": {
      "mean": 12.345367783759794,
      "std": 0.2487920300989361,
      "se": 0.005434265149059388,
      "nfinite": 2096,
      "ntotal": 2096
    },
    "withBF": {
      "mean": 12.27314732467735,
      "std": 0.17469928102890225,
      "se": 0.003815886763267965,
      "nfinite": 2096,
      "ntotal": 2096
    }
  },
  "pinn": {
    "feature_pca_eff_rank": 2.1825376038761775,
    "rho_in_pca_eff_rank": 2.1825376038761775,
    "rho_in_expvar_top8": [
      0.8146685110967615,
      0.07416584342783844,
      0.030456783908542662,
      0.0287957352108755,
      0.026439576341564196,
      0.014307031325432677,
      0.009932939676401348,
      0.0006501812469757784
    ],
    "rho_weights": {
      "std": [
        0.1637896421712047,
        0.1785003376689822,
        0.25573224755142626,
        0.23493247741670387,
        0.2780547791761163,
        0.8554494824700511,
        0.07493095029077551,
        0.23748135927091374,
        0.07184600886031926,
        0.2321927399285829,
        0.37280476994503886,
        0.13250516855081976
      ],
      "w_eff": [
        0.1792037416239847,
        0.26804020883466917,
        0.15594497279141378,
        0.14612276396344454,
        0.1409581297558643,
        3.0801640657927964,
        5.40469065693133,
        2.7336736930264007,
        8.698272051103162,
        3.6120693595849134,
        0.3531881290236521,
        5.319103657668597
      ],
      "importance": [
        0.029351716716333475,
        0.047845267785852956,
        0.03988015838629426,
        0.034328982944908285,
        0.0391940816423452,
        2.6349247560052964,
        0.40497860695154037,
        0.6491965444230482,
        0.6249361308530251,
        0.8386962814141027,
        0.13167021918798133,
        0.7048087266986593
      ]
    },
    "branch_ablation": {
      "phi": 1.0087710015802869,
      "psi": 180.6273503946578,
      "extras": 11.28268355382854
    },
    "pc_ablation": {
      "k": [
        1,
        2,
        3,
        4,
        6,
        8,
        12
      ],
      "mae_pc": [
        0.2844392697427641,
        0.21693023777164452,
        0.20822099342700737,
        0.20324325394321438,
        0.19626677646117457,
        0.15295007711365755,
        6.3596286845703625e-15
      ],
      "mae_rand": [
        3.1934644284985776,
        2.8587066903499228,
        2.336739877967959,
        2.8202178695015676,
        2.642230318590428,
        1.9110845249488595,
        4.781021493322174e-15
      ],
      "pca_eff_rank": 2.1825376038761775,
      "rho_in_expvar_top8": [
        0.8146685110967615,
        0.07416584342783844,
        0.030456783908542662,
        0.0287957352108755,
        0.026439576341564196,
        0.014307031325432677,
        0.009932939676401348,
        0.0006501812469757784
      ]
    },
    "probes": {
      "target_names": [
        "r_mean",
        "r_var",
        "Pr(r<0.25)",
        "shell_contrast"
      ],
      "R2": [
        0.9669319121458576,
        0.6940651897651501,
        0.0037591449179693592,
        0.03845694476916317
      ],
      "U_topk": [
        [
          -0.03241777792572975,
          0.07523693889379501,
          -0.020326225087046623
        ],
        [
          -0.04593869671225548,
          -0.22599592804908752,
          -0.2715547978878021
        ],
        [
          -0.13559910655021667,
          0.4306848645210266,
          0.6349368691444397
        ],
        [
          -0.05477861687541008,
          0.5268021821975708,
          -0.6783599257469177
        ],
        [
          0.13204628229141235,
          -0.6607414484024048,
          0.017740335315465927
        ],
        [
          0.8397146463394165,
          0.18514509499073029,
          0.11031997948884964
        ],
        [
          0.06425563246011734,
          -0.013468020595610142,
          -0.04917478188872337
        ],
        [
          -0.23213516175746918,
          -0.04205191507935524,
          -0.007062461227178574
        ],
        [
          -0.06959263235330582,
          -0.013967936858534813,
          -0.006452050060033798
        ],
        [
          0.22307370603084564,
          0.07023452967405319,
          0.07140551507472992
        ],
        [
          0.35147711634635925,
          -0.046153474599123,
          -0.20552751421928406
        ],
        [
          0.12937258183956146,
          0.013762099668383598,
          -0.013879101723432541
        ]
      ]
    },
    "pc1_block_power": {
      "phi": 0.04198530839859046,
      "psi": 0.8177412580613742,
      "extras": 0.14027343353903537
    },
    "near_field_grad_share": [
      {
        "q": 0.01,
        "share": 1.0020931861713993,
        "count": 32,
        "frac": 0.015267175572519083
      },
      {
        "q": 0.05,
        "share": 1.0617577065884805,
        "count": 105,
        "frac": 0.050095419847328244
      },
      {
        "q": 0.1,
        "share": 1.080476153494522,
        "count": 210,
        "frac": 0.10019083969465649
      }
    ],
    "energy_feature_corr": {
      "corr_features": [
        -0.01264085988607323,
        -0.027956370327101236,
        -0.019880692255466348,
        -0.032187660131723736,
        0.03652908957503609,
        0.010471874904078025,
        0.005933343713951325,
        -0.005058656238366947,
        -0.02289326109562972,
        0.0008830132596848113,
        0.012081251657224788,
        0.014841664369108857
      ],
      "corr_out_base": 0.005748070820339417,
      "corr_cusp": -0.02327415876396756,
      "nfinite": 2096
    }
  },
  "winsor_pct": 0.0,
  "backflow": {
    "bf_kind": "ctnn",
    "pca_dx": {
      "eff_rank": 21.8425768783512,
      "expvar_top8": [
        0.05491901800416344,
        0.05432775155630003,
        0.053836582557928864,
        0.051860561765221344,
        0.049988868585087845,
        0.049834712266350424,
        0.04905163408805696,
        0.048023099880242004
      ]
    },
    "pc_ablation_dx": {
      "k": [
        1,
        2,
        3,
        4,
        6,
        8,
        12
      ],
      "rel_err_pc": [
        0.9721527565128797,
        0.9437972401099114,
        0.9148314860568363,
        0.8860339079942534,
        0.8277877175120737,
        0.7669144484851667,
        0.6352017995063655
      ],
      "rel_err_rand": [
        0.9800003773105574,
        0.9568287542685561,
        0.9362212755397709,
        0.9132113541536779,
        0.8658007877640088,
        0.8134014770280819,
        0.7060271558838558
      ],
      "pca_eff_rank": 21.8425768783512
    },
    "near_field_dx2": {
      "rows": [
        {
          "q": 0.01,
          "share": 1.0045660618695123,
          "count": 21,
          "frac": 0.010019083969465648
        },
        {
          "q": 0.05,
          "share": 1.0181806126735653,
          "count": 105,
          "frac": 0.050095419847328244
        },
        {
          "q": 0.1,
          "share": 1.0467766873291084,
          "count": 210,
          "frac": 0.10019083969465649
        }
      ]
    },
    "probes_dx": {
      "target_names": [
        "r_mean",
        "r_var",
        "Pr(r<0.25)",
        "shell_contrast"
      ],
      "R2": [
        0.0028185533971830656,
        0.0033147560430758505,
        0.00010068291287512743,
        0.0010905344705921527
      ],