{
  "system": {
    "N": 6,
    "d": 2,
    "omega": 0.001
  },
  "mcmc": {
    "method": "rw",
    "step_sigma": 5.717031370391148,
    "burn_in": 100,
    "mix_steps": 30,
    "target_accept": 0.6,
    "acc_noBF": {
      "burn": 0.6042919921875,
      "mix": 0.6056722005208334
    },
    "acc_BF": {
      "burn": 0.6021826171875,
      "mix": 0.6091796875
    }
  },
  "energy": {
    "noBF": {
      "mean": 0.40073421445279794,
      "std": 0.20801654919005957,
      "se": 0.003250258581094681,
      "nfinite": 4096,
      "ntotal": 4096
    },
    "withBF": {
      "mean": 0.40409525753051456,
      "std": 0.21047348822701673,
      "se": 0.0032886482535471363,
      "nfinite": 4096,
      "ntotal": 4096
    }
  },
  "pinn": {
    "feature_pca_eff_rank": 2.1041116570104856,
    "rho_in_pca_eff_rank": 2.1041116570104856,
    "rho_in_expvar_top8": [
      0.811266180840389,
      0.08697441876329755,
      0.05323953976189548,
      0.02337843226991273,
      0.011969781793345628,
      0.009618010793170812,
      0.003525082676635092,
      2.7988815799568426e-05
    ],
    "rho_weights": {
      "std": [
        0.31421240090433283,
        0.17997142244531406,
        0.5546070515772517,
        0.4887011791238663,
        0.7173269135923007,
        0.01886279788804262,
        0.24923650933078395,
        0.044063795555541796,
        0.09172459318258348,
        0.13482560591551418,
        0.33150823494174525,
        0.016784686458254778
      ],
      "w_eff": [
        1.2368113877370543,
        0.4897790301293441,
        0.7409010599116466,
        1.2404293430384028,
        1.1122369991554135,
        2.154671971255019,
        1.2096254332229632,
        5.3900909211833,
        0.8922706679896002,
        0.1083457691227369,
        1.6899798245740365,
        0.5118160729557071
      ],
      "importance": [
        0.3886214756066796,
        0.08814622873626439,
        0.41090895234805896,
        0.6061992825627103,
        0.7978375337873151,
        0.0406431419088138,
        0.30148282057422865,
        0.23750786437680288,
        0.08184316403009809,
        0.01460778397035541,
        0.5602422287316992,
        0.008590672308856797
      ]
    },
    "branch_ablation": {
      "phi": 18.05476948725464,
      "psi": 0.7639765055354051,
      "extras": 2.0241282698357903
    },
    "pc_ablation": {
      "k": [
        1,
        2,
        3,
        4,
        6,
        8,
        12
      ],
      "mae_pc": [
        0.524183795866608,
        0.49880675178369316,
        0.13707750012301723,
        0.08825993603825252,
        0.07779978291536481,
        0.00037161966843329234,
        1.9741153156616065e-15
      ],
      "mae_rand": [
        0.8248670573733428,
        0.7707163919594056,
        0.8658879033762441,
        0.7339809230978025,
        0.9142138791826477,
        0.6704250585992217,
        2.4536217964795286e-15
      ],
      "pca_eff_rank": 2.1041116570104856,
      "rho_in_expvar_top8": [
        0.811266180840389,
        0.08697441876329755,
        0.05323953976189548,
        0.02337843226991273,
        0.011969781793345628,
        0.009618010793170812,
        0.003525082676635092,
        2.7988815799568426e-05
      ]
    },
    "probes": {
      "target_names": [
        "r_mean",
        "r_var",
        "Pr(r<0.25)",
        "shell_contrast"
      ],
      "R2": [
        0.8739822397309175,
        0.573935187708654,
        0.01696914811216199,
        0.04647726674414787
      ],
      "U_topk": [
        [
          0.07987718284130096,
          -0.6239617466926575,
          0.7723178863525391
        ],
        [
          -0.03060118854045868,
          0.10597287118434906,
          0.0624680370092392
        ],
        [
          0.48732665181159973,
          -0.39521270990371704,
          -0.41606318950653076
        ],
        [
          0.43430837988853455,
          -0.29500579833984375,
          -0.22259332239627838
        ],
        [
          0.6365727782249451,
          0.5966207981109619,
          0.40945062041282654
        ],
        [
          -0.016583075746893883,
          0.0007297068950720131,
          -0.001517540542408824
        ],
        [
          -0.21942982077598572,
          0.004139643628150225,
          -0.025905568152666092
        ],
        [
          -0.03876454383134842,
          0.001957211410626769,
          -0.003071587299928069
        ],
        [
          0.08062112331390381,
          -0.005503749009221792,
          0.0045091924257576466
        ],
        [
          0.11846756190061569,
          -0.008530055172741413,
          0.005964015610516071
        ],
        [
          -0.3011152744293213,
          0.011663229204714298,
          0.09261710196733475
        ],
        [
          -0.014677644707262516,
          0.0017435073386877775,
          0.00010945160465780646
        ]
      ]
    },
    "pc1_block_power": {
      "phi": 0.8386526949648893,
      "psi": 0.07046146650627087,
      "extras": 0.09088583852783991
    },
    "near_field_grad_share": [
      {
        "q": 0.01,
        "share": 0.9054331954310766,
        "count": 41,
        "frac": 0.010009765625
      },
      {
        "q": 0.05,
        "share": 0.9115303649483347,
        "count": 205,
        "frac": 0.050048828125
      },
      {
        "q": 0.1,
        "share": 0.9117453362751992,
        "count": 410,
        "frac": 0.10009765625
      }
    ],
    "energy_feature_corr": {
      "corr_features": [
        0.12505802154055062,
        0.004359659120291913,
        0.26157613175085104,
        0.26186293171766695,
        0.314070503073076,
        -0.327943439265629,
        -0.3291090880612306,
        -0.3238508885002134,
        0.3199031684558633,
        0.31907700194401123,
        -0.2857879595621147,
        -0.31031950367235817
      ],
      "corr_out_base": -0.08952554946611888,
      "corr_cusp": 0.09470135033895274,
      "nfinite": 4096
    }
  },
  "winsor_pct": 0.0,
  "backflow": {
    "bf_kind": "ctnn",
    "pca_dx": {
      "eff_rank": 9.947206389989447,
      "expvar_top8": [
        0.11345753230269805,
        0.11014468079698016,
        0.1095822155334982,
        0.10516902087608701,
        0.10276598245729514,
        0.09914307602861722,
        0.09854305264367555,
        0.09272653688250664
      ]
    },
    "pc_ablation_dx": {
      "k": [
        1,
        2,
        3,
        4,
        6,
        8,
        12
      ],
      "rel_err_pc": [
        0.9415638415406752,
        0.8811343750526675,
        0.8165877609697351,
        0.7494308176804179,
        0.5997812034422654,
        0.4104484163400112,
        8.58678513651384e-16
      ],
      "rel_err_rand": [
        0.9583459474549756,
        0.914389531835694,
        0.8727190342438448,
        0.8149262195032932,
        0.7094779470000244,
        0.5733680664398683,
        5.90484235263341e-16
      ],
      "pca_eff_rank": 9.947206389989447
    },
    "near_field_dx2": {
      "rows": [
        {
          "q": 0.01,
          "share": 1.0070478700937195,
          "count": 41,
          "frac": 0.010009765625
        },
        {
          "q": 0.05,
          "share": 0.970290625393602,
          "count": 205,
          "frac": 0.050048828125
        },
        {
          "q": 0.1,
          "share": 0.9869754569364741,
          "count": 410,
          "frac": 0.10009765625
        }
      ]
    },
    "probes_dx": {
      "target_names": [
        "r_mean",
        "r_var",
        "Pr(r<0.25)",
        "shell_contrast"
      ],
      "R2": [
        0.0009858734695228355,
        0.0012676212508426765,
        0.0002606374124137778,
        0.00030760860230372167
      ],