{
  "system": {
    "N": 6,
    "d": 2,
    "omega": 0.5
  },
  "mcmc": {
    "method": "rw",
    "step_sigma": 0.2838133362109571,
    "burn_in": 100,
    "mix_steps": 30,
    "target_accept": 0.6,
    "acc_noBF": {
      "burn": 0.605009765625,
      "mix": 0.602880859375
    },
    "acc_BF": {
      "burn": 0.62430419921875,
      "mix": 0.6294352213541666
    }
  },
  "energy": {
    "noBF": {
      "mean": 11.850596860238921,
      "std": 0.49648776431853703,
      "se": 0.007757621317477141,
      "nfinite": 4096,
      "ntotal": 4096
    },
    "withBF": {
      "mean": 11.786716250840515,
      "std": 0.12999528087192655,
      "se": 0.0020311762636238523,
      "nfinite": 4096,
      "ntotal": 4096
    }
  },
  "pinn": {
    "feature_pca_eff_rank": 2.7219718299001663,
    "rho_in_pca_eff_rank": 2.7219718299001663,
    "rho_in_expvar_top8": [
      0.7468173572018711,
      0.0782588493466321,
      0.06201165579343816,
      0.040922521493724134,
      0.030591960828099726,
      0.019860578734521458,
      0.01721086342944014,
      0.003318425346792096
    ],
    "rho_weights": {
      "std": [
        0.2844665727307986,
        0.29118862086304387,
        0.2563041104487277,
        0.1986303210097663,
        0.3032313225981654,
        0.15130000594017423,
        0.6117937076428772,
        0.2115029467412765,
        0.2962715545600207,
        0.0743445065313176,
        0.36252446178904013,
        0.2536540864150202
      ],
      "w_eff": [
        0.09630604567975287,
        0.09724631415659457,
        0.08847292187157141,
        0.1169909936822779,
        0.062167183946172766,
        0.3043279909428882,
        0.9012959043026701,
        0.7939349929940713,
        1.1454087469525311,
        1.0373568056915023,
        0.052450186319805775,
        1.1399441605355483
      ],
      "importance": [
        0.027395850747775036,
        0.028317020103273072,
        0.022675973539092894,
        0.0232379586303624,
        0.0188510374102014,
        0.046044826837420276,
        0.5514071629766705,
        0.1679195905392608,
        0.33935203006627174,
        0.07712177981603867,
        0.019014475566322464,
        0.2891514946047816
      ]
    },
    "branch_ablation": {
      "phi": 0.2991175995495291,
      "psi": 12.952441464742867,
      "extras": 6.282541275385039
    },
    "pc_ablation": {
      "k": [
        1,
        2,
        3,
        4,
        6,
        8,
        12
      ],
      "mae_pc": [
        0.20065595148515455,
        0.15100816912650766,
        0.14553532606708464,
        0.14477131396706622,
        0.13754142289218346,
        0.018481055895563453,
        1.5443375744883525e-15
      ],
      "mae_rand": [
        0.9427050859356126,
        0.9133118177785686,
        0.7785324934110507,
        0.6791787732646406,
        0.599822120483264,
        0.37320863539231347,
        1.0834793710371806e-15
      ],
      "pca_eff_rank": 2.7219718299001663,
      "rho_in_expvar_top8": [
        0.7468173572018711,
        0.0782588493466321,
        0.06201165579343816,
        0.040922521493724134,
        0.030591960828099726,
        0.019860578734521458,
        0.01721086342944014,
        0.003318425346792096
      ]
    },
    "probes": {
      "target_names": [
        "r_mean",
        "r_var",
        "Pr(r<0.25)",
        "shell_contrast"
      ],
      "R2": [
        0.9836557074024129,
        0.40893018751495314,
        0.007237478831340627,
        0.008601631333609028
      ],
      "U_topk": [
        [
          -0.22704344987869263,
          0.27339285612106323,
          -0.24454817175865173
        ],
        [
          -0.24524246156215668,
          0.28490403294563293,
          -0.035566262900829315
        ],
        [
          0.07865901291370392,
          -0.6333730220794678,
          0.3878385126590729
        ],
        [
          -0.013839773833751678,
          -0.33567947149276733,
          0.3065239489078522
        ],
        [
          -0.16944099962711334,
          0.48745566606521606,
          0.8302633166313171
        ],
        [
          0.16543616354465485,
          0.04901136830449104,
          0.009219381026923656
        ],
        [
          0.671546459197998,
          0.22793696820735931,
          0.04953213408589363
        ],
        [
          -0.23054160177707672,
          -0.06187410652637482,
          -0.008656494319438934
        ],
        [
          0.31162992119789124,
          0.15106301009655,
          0.04042237997055054
        ],
        [
          0.034882802516222,
          -0.030189041048288345,
          -0.015787288546562195
        ],
        [
          0.3824799656867981,
          0.027565037831664085,
          -0.013401013799011707
        ],
        [
          0.27767646312713623,
          0.09976915270090103,
          0.023285819217562675
        ]
      ]
    },
    "pc1_block_power": {
      "phi": 0.14678162992939284,
      "psi": 0.6298232362909915,
      "extras": 0.22339513377861572
    },
    "near_field_grad_share": [
      {
        "q": 0.01,
        "share": 0.9213328635197298,
        "count": 41,
        "frac": 0.010009765625
      },
      {
        "q": 0.05,
        "share": 0.9944985448359182,
        "count": 205,
        "frac": 0.050048828125
      },
      {
        "q": 0.1,
        "share": 1.0176517153314881,
        "count": 410,
        "frac": 0.10009765625
      }
    ],
    "energy_feature_corr": {
      "corr_features": [
        0.03195934594663188,
        0.044626103982830956,
        -0.001600483527843808,
        0.05622121770067392,
        0.010046550361216124,
        -0.06561651421882934,
        -0.06000023767366138,
        0.06687261081268514,
        -0.05783729831154944,
        0.0003789718342828931,
        -0.044326826764839324,
        -0.06606578844658989
      ],
      "corr_out_base": -0.060881029033192945,
      "corr_cusp": 0.04749259364589809,
      "nfinite": 4096
    }
  },
  "winsor_pct": 0.0,
  "backflow": {
    "bf_kind": "ctnn",
    "pca_dx": {
      "eff_rank": 9.966928551646763,
      "expvar_top8": [
        0.11719615408629212,
        0.10918182669436532,
        0.10423300747873783,
        0.10266195520814142,
        0.10003798737402086,
        0.09673782283435743,
        0.09633090314367018,
        0.0934754164385607
      ]
    },
    "pc_ablation_dx": {
      "k": [
        1,
        2,
        3,
        4,
        6,
        8,
        12
      ],
      "rel_err_pc": [
        0.9395764183448414,
        0.879557854386072,
        0.8181619715746075,
        0.7528127632553898,
        0.6082361764213664,
        0.42443483212617616,
        9.103738468217616e-16
      ],
      "rel_err_rand": [
        0.9584331028563474,
        0.9144478800972481,
        0.8714935718758562,
        0.8175059863214758,
        0.7119134361032335,
        0.5754029387880353,
        5.83400054524638e-16
      ],
      "pca_eff_rank": 9.966928551646763
    },
    "near_field_dx2": {
      "rows": [
        {
          "q": 0.01,
          "share": 0.8934719575036498,
          "count": 41,
          "frac": 0.010009765625
        },
        {
          "q": 0.05,
          "share": 1.0594905168390627,
          "count": 205,
          "frac": 0.050048828125
        },
        {
          "q": 0.1,
          "share": 1.1037757962027805,
          "count": 410,
          "frac": 0.10009765625
        }
      ]
    },
    "probes_dx": {
      "target_names": [
        "r_mean",
        "r_var",
        "Pr(r<0.25)",
        "shell_contrast"
      ],
      "R2": [
        0.0017940838887340327,
        0.001204585593718055,
        0.0008400097786696037,
        0.0003317227370505105
      ],