{
  "system": {
    "N": 6,
    "d": 2,
    "omega": 0.01
  },
  "mcmc": {
    "method": "rw",
    "step_sigma": 2.0490170700740475,
    "burn_in": 100,
    "mix_steps": 30,
    "target_accept": 0.6,
    "acc_noBF": {
      "burn": 0.6076318359375,
      "mix": 0.6101318359375
    },
    "acc_BF": {
      "burn": 0.6073291015625,
      "mix": 0.6184488932291666
    }
  },
  "energy": {
    "noBF": {
      "mean": 0.691776718957155,
      "std": 0.008529945606228023,
      "se": 0.00013328040009731286,
      "nfinite": 4096,
      "ntotal": 4096
    },
    "withBF": {
      "mean": 0.6904088571509827,
      "std": 0.00572015218700324,
      "se": 8.937737792192563e-05,
      "nfinite": 4096,
      "ntotal": 4096
    }
  },
  "pinn": {
    "feature_pca_eff_rank": 1.3955769031597753,
    "rho_in_pca_eff_rank": 1.3955769031597753,
    "rho_in_expvar_top8": [
      0.9333237676535424,
      0.029257769762066763,
      0.021062397231323263,
      0.010881866299026405,
      0.002200273857401471,
      0.001990242539247507,
      0.0010924658460396163,
      0.00011036463278083639
    ],
    "rho_weights": {
      "std": [
        0.13352458585763563,
        0.10267306571043523,
        0.15746951019743777,
        0.08304491760700722,
        0.10652570010488784,
        0.2503243679126737,
        0.2573365409249667,
        0.3575306841209848,
        0.20217223284157357,
        0.19458064595714958,
        0.6004266814186179,
        0.09832804379745848
      ],
      "w_eff": [
        0.1882416270536596,
        3.465472575831818,
        1.785620926846874,
        3.185552015634847,
        2.6740917601649135,
        1.9002580785179122,
        2.9589363462966203,
        1.372116028468492,
        2.480827620433587,
        3.6206644627651774,
        1.5928012222758245,
        1.2443990244062277
      ],
      "importance": [
        0.025134885293507398,
        0.35581069349609146,
        0.2811808527488721,
        0.2645439046712316,
        0.2848594968962792,
        0.47568090237594823,
        0.7614424441731317,
        0.4905735823517086,
        0.501554459318106,
        0.7045112299589442,
        0.9563603520505917,
        0.12235932177333016
      ]
    },
    "branch_ablation": {
      "phi": 16.353434599944784,
      "psi": 113.48252205516457,
      "extras": 7.907627660697791
    },
    "pc_ablation": {
      "k": [
        1,
        2,
        3,
        4,
        6,
        8,
        12
      ],
      "mae_pc": [
        0.3963129858148521,
        0.3944741628427586,
        0.09731029985050016,
        0.08846616390597778,
        0.049551293584734424,
        0.020803312196390287,
        2.42861286636753e-15
      ],
      "mae_rand": [
        2.2265674471191774,
        2.1674412390378803,
        1.8992226953944482,
        1.5663112342060423,
        1.5861797746699975,
        1.129785147908988,
        1.7115938296304496e-15
      ],
      "pca_eff_rank": 1.3955769031597753,
      "rho_in_expvar_top8": [
        0.9333237676535424,
        0.029257769762066763,
        0.021062397231323263,
        0.010881866299026405,
        0.002200273857401471,
        0.001990242539247507,
        0.0010924658460396163,
        0.00011036463278083639
      ]
    },
    "probes": {
      "target_names": [
        "r_mean",
        "r_var",
        "Pr(r<0.25)",
        "shell_contrast"
      ],
      "R2": [
        0.9928335977938897,
        0.7544922231814524,
        0.0,
        0.03363485395490584
      ],
      "U_topk": [
        [
          0.024162720888853073,
          -0.8617024421691895,
          0.07353982329368591
        ],
        [
          0.07904568314552307,
          0.16923263669013977,
          -0.044253259897232056
        ],
        [
          0.16337499022483826,
          -0.4407649040222168,
          -0.09370382875204086
        ],
        [
          0.07642967998981476,
          0.1604633629322052,
          -0.13298523426055908
        ],
        [
          0.10740618407726288,
          -0.033455993980169296,
          -0.1734027862548828
        ],
        [
          -0.2899048924446106,
          -0.0290367528796196,
          -0.31199321150779724
        ],
        [
          -0.2974129021167755,
          -0.04324311017990112,
          -0.3385395407676697
        ],
        [
          -0.4133448004722595,
          -0.040544476360082626,
          -0.4664415717124939
        ],
        [
          -0.23432433605194092,
          -0.029338175430893898,
          -0.25025027990341187
        ],
        [
          -0.2231484055519104,
          -0.04399150237441063,
          -0.19700489938259125
        ],
        [
          0.6984546780586243,
          0.02164606750011444,
          -0.6358310580253601
        ],
        [
          0.11490738391876221,
          0.008139253593981266,
          0.029424093663692474
        ]
      ]
    },
    "pc1_block_power": {
      "phi": 0.050901028161246586,
      "psi": 0.4480563067613178,
      "extras": 0.5010426650764355
    },
    "near_field_grad_share": [
      {
        "q": 0.01,
        "share": 1.3213689039380667,
        "count": 41,
        "frac": 0.010009765625
      },
      {
        "q": 0.05,
        "share": 1.1991012965542833,
        "count": 205,
        "frac": 0.050048828125
      },
      {
        "q": 0.1,
        "share": 1.15667984520248,
        "count": 410,
        "frac": 0.10009765625
      }
    ],
    "energy_feature_corr": {
      "corr_features": [
        0.03201102906390118,
        -0.0213510580836322,
        -0.005006958312369229,
        -0.027601783478079664,
        -0.019716252957382916,
        0.04893690565763942,
        0.05556435661588621,
        0.04893073383168698,
        0.051848910651499096,
        0.05884227379996007,
        -0.021175014799018416,
        -0.0337914844883797
      ],
      "corr_out_base": -0.053025692294424914,
      "corr_cusp": 0.130701399280035,
      "nfinite": 4096
    }
  },
  "winsor_pct": 0.0,
  "backflow": {
    "bf_kind": "ctnn",
    "pca_dx": {
      "eff_rank": 9.511338460370382,
      "expvar_top8": [
        0.1747576913327387,
        0.1577473550082084,
        0.0929754427108544,
        0.09044238359897346,
        0.0857353920042622,
        0.08312920250495252,
        0.08157723653736255,
        0.08014039687835062
      ]
    },
    "pc_ablation_dx": {
      "k": [
        1,
        2,
        3,
        4,
        6,
        8,
        12
      ],
      "rel_err_pc": [
        0.9084284829670828,
        0.8170036436005346,
        0.757970653089864,
        0.6957565144116988,
        0.5614379153894921,
        0.39178425111415754,
        9.090408513849575e-16
      ],
      "rel_err_rand": [
        0.9577656467628552,
        0.912458829524482,
        0.8699546199845631,
        0.819759303800562,
        0.7167260051702937,
        0.5730216064059529,
        5.765673595462864e-16
      ],
      "pca_eff_rank": 9.511338460370382
    },
    "near_field_dx2": {
      "rows": [
        {
          "q": 0.01,
          "share": 1.4639322604036467,
          "count": 41,
          "frac": 0.010009765625
        },
        {
          "q": 0.05,
          "share": 1.4694605316054417,
          "count": 205,
          "frac": 0.050048828125
        },
        {
          "q": 0.1,
          "share": 1.3962496270851519,
          "count": 410,
          "frac": 0.10009765625
        }
      ]
    },
    "probes_dx": {
      "target_names": [
        "r_mean",
        "r_var",
        "Pr(r<0.25)",
        "shell_contrast"
      ],
      "R2": [
        0.0017481155013983063,
        0.0011817760291168433,
        0.0,
        0.0003995493674026074
      ],