{
  "system": {
    "N": 6,
    "d": 2,
    "omega": 1.0
  },
  "mcmc": {
    "method": "rw",
    "step_sigma": 0.19659832985284528,
    "burn_in": 100,
    "mix_steps": 30,
    "target_accept": 0.6,
    "acc_noBF": {
      "burn": 0.6012646484375,
      "mix": 0.6011637369791667
    },
    "acc_BF": {
      "burn": 0.6260791015625,
      "mix": 0.6310628255208334
    }
  },
  "energy": {
    "noBF": {
      "mean": 20.310339918385765,
      "std": 0.8939210036840662,
      "se": 0.013967515682563535,
      "nfinite": 4096,
      "ntotal": 4096
    },
    "withBF": {
      "mean": 20.15553176608362,
      "std": 0.2053476477319607,
      "se": 0.003208556995811886,
      "nfinite": 4096,
      "ntotal": 4096
    }
  },
  "pinn": {
    "feature_pca_eff_rank": 2.6624678638397565,
    "rho_in_pca_eff_rank": 2.6624678638397565,
    "rho_in_expvar_top8": [
      0.667838618490537,
      0.16230199566139158,
      0.1362237926562857,
      0.02596031352126256,
      0.003058854680266937,
      0.0020751714571207967,
      0.001500843494352224,
      0.000812071273006372
    ],
    "rho_weights": {
      "std": [
        0.35339335716056547,
        0.21143241348728617,
        0.051407365252344135,
        0.08777549219299834,
        0.26109005393547424,
        0.30669896249514483,
        0.14793795725195139,
        0.16775745546523507,
        0.10194771551933103,
        0.4275765537753166,
        0.3393337130696041,
        0.27897846845637536
      ],
      "w_eff": [
        0.051837387192097406,
        0.248774379985502,
        0.25911646482055617,
        0.40310578195429814,
        0.06324818598869371,
        0.026959126924536808,
        0.09787362786730044,
        0.9459849273975371,
        0.377391058451615,
        1.2791977132813357,
        0.02239700017770708,
        0.769616825828084
      ],
      "importance": [
        0.018318988286247402,
        0.05259896757413791,
        0.01332049474992651,
        0.03538280841688199,
        0.016513472291108947,
        0.008268336257530364,
        0.014479224575526091,
        0.15869602432867597,
        0.038474156266564474,
        0.546954949842099,
        0.007600057231921926,
        0.21470652336777585
      ]
    },
    "branch_ablation": {
      "phi": 0.28393182884974305,
      "psi": 3.992755769375355,
      "extras": 2.9639605807766225
    },
    "pc_ablation": {
      "k": [
        1,
        2,
        3,
        4,
        6,
        8,
        12
      ],
      "mae_pc": [
        0.07724014241766641,
        0.05717324748076304,
        0.05435740782443064,
        0.037897770465499435,
        0.009011629219427907,
        0.003688190376698608,
        5.935803606450796e-16
      ],
      "mae_rand": [
        0.7316325361030894,
        0.702302288494856,
        0.5641168423118548,
        0.5818232496550506,
        0.3529834426070191,
        0.2971220386770581,
        4.2237241445972534e-16
      ],
      "pca_eff_rank": 2.6624678638397565,
      "rho_in_expvar_top8": [
        0.667838618490537,
        0.16230199566139158,
        0.1362237926562857,
        0.02596031352126256,
        0.003058854680266937,
        0.0020751714571207967,
        0.001500843494352224,
        0.000812071273006372
      ]
    },
    "probes": {
      "target_names": [
        "r_mean",
        "r_var",
        "Pr(r<0.25)",
        "shell_contrast"
      ],
      "R2": [
        0.9695401310136926,
        0.3756041446283359,
        0.038842475705950785,
        0.028488523510410868
      ],
      "U_topk": [
        [
          -0.11552076041698456,
          0.9367237687110901,
          -0.2570592761039734
        ],
        [
          -0.05830324813723564,
          -0.020775174722075462,
          -0.6310448050498962
        ],
        [
          -0.015975145623087883,
          -0.02655142731964588,
          0.08658257871866226
        ],
        [
          0.09623980522155762,
          -0.07829993963241577,
          -0.11551138013601303
        ],
        [
          0.04006538540124893,
          -0.31281816959381104,
          -0.7170707583427429
        ],
        [
          -0.4206383526325226,
          -0.06035786494612694,
          0.010367893613874912
        ],
        [
          -0.18330156803131104,
          -0.03244945779442787,
          0.0034298424143344164
        ],
        [
          0.2297171801328659,
          0.032515399158000946,
          -0.007785516791045666
        ],
        [
          -0.13707135617733002,
          -0.02322164550423622,
          0.004231598228216171
        ],
        [
          0.5889955759048462,
          0.0861288532614708,
          -0.017015350982546806
        ],
        [
          -0.4412529468536377,
          -0.03113391250371933,
          0.00867557618767023
        ],
        [
          -0.38525134325027466,
          -0.0524013414978981,
          0.010511458851397038
        ]
      ]
    },
    "pc1_block_power": {
      "phi": 0.02786685566484138,
      "psi": 0.6290103905344819,
      "extras": 0.3431227537996765
    },
    "near_field_grad_share": [
      {
        "q": 0.01,
        "share": 1.0662154991285024,
        "count": 41,
        "frac": 0.010009765625
      },
      {
        "q": 0.05,
        "share": 1.0613007774380492,
        "count": 205,
        "frac": 0.050048828125
      },
      {
        "q": 0.1,
        "share": 1.0682211702562765,
        "count": 410,
        "frac": 0.10009765625
      }
    ],
    "energy_feature_corr": {
      "corr_features": [
        0.01033138298481236,
        -0.01150909473826973,
        -0.006357309067764796,
        0.021939718698767152,
        -0.012170863339135763,
        -0.03479736596463762,
        -0.027591472438950385,
        0.037233889412286746,
        -0.03576898692082432,
        0.035936283594018494,
        -0.029767979100570014,
        -0.03603584349596698
      ],
      "corr_out_base": -0.03606646620564411,
      "corr_cusp": 0.05862362819763673,
      "nfinite": 4096
    }
  },
  "winsor_pct": 0.0,
  "backflow": {
    "bf_kind": "ctnn",
    "pca_dx": {
      "eff_rank": 9.917447266038398,
      "expvar_top8": [
        0.11559960603510161,
        0.11489551676727347,
        0.10822215796875524,
        0.10635400815769211,
        0.10401212418740317,
        0.1007234155921972,
        0.09907023903040794,
        0.09500481309563585
      ]
    },
    "pc_ablation_dx": {
      "k": [
        1,
        2,
        3,
        4,
        6,
        8,
        12
      ],
      "rel_err_pc": [
        0.9404256450970816,
        0.8772142709627082,
        0.8131929163519548,
        0.7449353737344158,
        0.5917712152935843,
        0.39511785471573185,
        1.117937075841804e-15
      ],
      "rel_err_rand": [
        0.9580515092334753,
        0.9127859695088141,
        0.8729865992475381,
        0.8157181452600956,
        0.710508863921284,
        0.576911818778129,
        5.868932263959249e-16
      ],
      "pca_eff_rank": 9.917447266038398
    },
    "near_field_dx2": {
      "rows": [
        {
          "q": 0.01,
          "share": 1.1277512874916011,
          "count": 41,
          "frac": 0.010009765625
        },
        {
          "q": 0.05,
          "share": 1.2075063183168497,
          "count": 205,
          "frac": 0.050048828125
        },
        {
          "q": 0.1,
          "share": 1.2049759111478753,
          "count": 410,
          "frac": 0.10009765625
        }
      ]
    },
    "probes_dx": {
      "target_names": [
        "r_mean",
        "r_var",
        "Pr(r<0.25)",
        "shell_contrast"
      ],
      "R2": [
        0.0010651155068952534,
        0.000306046970766638,
        6.717526424138143e-05,
        0.0017796004155706813
      ],