{
  "system": {
    "N": 12,
    "d": 2,
    "omega": 0.5
  },
  "mcmc": {
    "method": "rw",
    "step_sigma": 0.15564000776968423,
    "burn_in": 100,
    "mix_steps": 30,
    "target_accept": 0.6,
    "acc_noBF": {
      "burn": 0.6256106841564179,
      "mix": 0.6377862652142843
    },
    "acc_BF": {
      "burn": 0.6058444648981094,
      "mix": 0.6614185730616252
    }
  },
  "energy": {
    "noBF": {
      "mean": 39.45180627585204,
      "std": 0.9909677052295592,
      "se": 0.021645312601978637,
      "nfinite": 2096,
      "ntotal": 2096
    },
    "withBF": {
      "mean": 39.15097925101715,
      "std": 0.31551625288502333,
      "se": 0.00689169575220337,
      "nfinite": 2096,
      "ntotal": 2096
    }
  },
  "pinn": {
    "feature_pca_eff_rank": 1.9856549426093544,
    "rho_in_pca_eff_rank": 1.9856549426093544,
    "rho_in_expvar_top8": [
      0.8099830579498705,
      0.123274087613801,
      0.037205860364292534,
      0.01655847370422559,
      0.009355674801560717,
      0.002761541845062944,
      0.00046542769986790595,
      0.0003307560854772293
    ],
    "rho_weights": {
      "std": [
        0.19307443636496144,
        0.22184646789133997,
        0.10365937383496746,
        0.10765584924825812,
        0.3587459666508531,
        0.37484650796647034,
        0.27252978381912546,
        0.21453958391488984,
        0.24822205701205377,
        0.516883538361845,
        0.29294497101645306,
        0.15193018735837246
      ],
      "w_eff": [
        0.6739505305318018,
        0.07927887968161641,
        0.562356088217632,
        0.2170462796994577,
        0.09234153092007587,
        1.2917793330693166,
        1.110762325635402,
        1.154274963256768,
        1.257675297705353,
        2.568150805144982,
        0.17497035198696761,
        1.3018900856403717
      ],
      "importance": [
        0.13012261882029436,
        0.01758773943574912,
        0.058293479976921456,
        0.023366301567220086,
        0.03312715177194226,
        0.4842189720642893,
        0.30271581647984513,
        0.24763767034048176,
        0.3121827494496698,
        1.3274348752101592,
        0.05125668469156082,
        0.19779640463134923
      ]
    },
    "branch_ablation": {
      "phi": 1.94443709516318,
      "psi": 87.09793938439007,
      "extras": 6.029661440803665
    },
    "pc_ablation": {
      "k": [
        1,
        2,
        3,
        4,
        6,
        8,
        12
      ],
      "mae_pc": [
        0.1989472684404688,
        0.149573822363266,
        0.14016463316451103,
        0.09091426717011157,
        0.013377256171787325,
        0.003431138234364992,
        3.993412894682242e-15
      ],
      "mae_rand": [
        2.0540395374781255,
        2.1331464438023042,
        1.62333417939861,
        1.7177504390295415,
        1.0351091822577874,
        0.6756393266733709,
        2.548145466188018e-15
      ],
      "pca_eff_rank": 1.9856549426093544,
      "rho_in_expvar_top8": [
        0.8099830579498705,
        0.123274087613801,
        0.037205860364292534,
        0.01655847370422559,
        0.009355674801560717,
        0.002761541845062944,
        0.00046542769986790595,
        0.0003307560854772293
      ]
    },
    "probes": {
      "target_names": [
        "r_mean",
        "r_var",
        "Pr(r<0.25)",
        "shell_contrast"
      ],
      "R2": [
        0.9805448346341635,
        0.5999457127265723,
        0.02844837225968111,
        0.013847777970944497
      ],
      "U_topk": [
        [
          0.1912398785352707,
          0.028506940230727196,
          -0.3323073089122772
        ],
        [
          0.15055888891220093,
          -0.1665584295988083,
          0.8653373718261719
        ],
        [
          0.014337634667754173,
          -0.03780559450387955,
          -0.29861772060394287
        ],
        [
          0.09938080608844757,
          -0.06855027377605438,
          0.14231739938259125
        ],
        [
          0.1568974107503891,
          0.9732043147087097,
          0.1415243297815323
        ],
        [
          -0.4292762279510498,
          0.05921914055943489,
          0.044553086161613464
        ],
        [
          0.3111593425273895,
          -0.04884074628353119,
          -0.03914089500904083
        ],
        [
          -0.2448001354932785,
          0.03849634528160095,
          0.03061259165406227
        ],
        [
          0.28263264894485474,
          -0.04626540467143059,
          -0.03788625821471214
        ],
        [
          0.5915772914886475,
          -0.08775969594717026,
          -0.0695638358592987
        ],
        [
          -0.32388970255851746,
          0.020173270255327225,
          0.015061709098517895
        ],
        [
          -0.174027681350708,
          0.023813577368855476,
          0.018753094598650932
        ]
      ]
    },
    "pc1_block_power": {
      "phi": 0.09393958003212322,
      "psi": 0.7708702547750669,
      "extras": 0.1351901651918097
    },
    "near_field_grad_share": [
      {
        "q": 0.01,
        "share": 1.069588344901218,
        "count": 32,
        "frac": 0.015267175572519083
      },
      {
        "q": 0.05,
        "share": 1.0251696621449327,
        "count": 105,
        "frac": 0.050095419847328244
      },
      {
        "q": 0.1,
        "share": 1.0482548172612138,
        "count": 210,
        "frac": 0.10019083969465649
      }
    ],
    "energy_feature_corr": {
      "corr_features": [
        -0.012507030805398377,
        -0.01891956557977899,
        0.024855643015672443,
        -0.009157064095271623,
        -0.014283608443447962,
        0.0441454662664855,
        -0.0493924334415788,
        0.04878242117168614,
        -0.051172425770887146,
        -0.04761983184138616,
        0.0279968535022587,
        0.045261006239152086
      ],
      "corr_out_base": 0.0478646982833436,
      "corr_cusp": -0.02187011329577036,
      "nfinite": 2096
    }
  },
  "winsor_pct": 0.0,
  "backflow": {
    "bf_kind": "ctnn",
    "pca_dx": {
      "eff_rank": 21.852774902108774,
      "expvar_top8": [
        0.05528263583047001,
        0.0536197028448859,
        0.05294575661357799,
        0.05152607544517142,
        0.050421097997347696,
        0.050002393575864834,
        0.0485015511324761,
        0.04790972442760404
      ]
    },
    "pc_ablation_dx": {
      "k": [
        1,
        2,
        3,
        4,
        6,
        8,
        12
      ],
      "rel_err_pc": [
        0.9719657217044303,
        0.9439796932787264,
        0.9155063651925842,
        0.8869192912899005,
        0.8283733081694354,
        0.7679785557724749,
        0.6368878714137334
      ],
      "rel_err_rand": [
        0.980049863062949,
        0.9571569675438895,
        0.9370430554622496,
        0.9127734255816887,
        0.8669231107371642,
        0.8142265671377524,
        0.7083811108635008
      ],
      "pca_eff_rank": 21.852774902108774
    },
    "near_field_dx2": {
      "rows": [
        {
          "q": 0.01,
          "share": 1.1620439118908843,
          "count": 21,
          "frac": 0.010019083969465648
        },
        {
          "q": 0.05,
          "share": 1.0658034528495015,
          "count": 105,
          "frac": 0.050095419847328244
        },
        {
          "q": 0.1,
          "share": 1.1066346942930791,
          "count": 210,
          "frac": 0.10019083969465649
        }
      ]
    },
    "probes_dx": {
      "target_names": [
        "r_mean",
        "r_var",
        "Pr(r<0.25)",
        "shell_contrast"
      ],
      "R2": [
        0.002867033112215478,
        0.0021131157126297317,
        0.0017053514970621908,
        0.004250383696694393
      ],