{
  "system": {
    "N": 2,
    "d": 2,
    "omega": 1.0
  },
  "mcmc": {
    "method": "rw",
    "step_sigma": 0.4393976611161504,
    "burn_in": 100,
    "mix_steps": 30,
    "target_accept": 0.6,
    "acc_noBF": {
      "burn": 0.600208740234375,
      "mix": 0.5996195475260416
    },
    "acc_BF": {
      "burn": 0.60262451171875,
      "mix": 0.6007466634114583
    }
  },
  "energy": {
    "noBF": {
      "mean": 3.0002894510967013,
      "std": 0.046684473780755596,
      "se": 0.0003647224514121531,
      "nfinite": 16384,
      "ntotal": 16384
    },
    "withBF": {
      "mean": 3.0000104644681413,
      "std": 0.015445271535928048,
      "se": 0.00012066618387443788,
      "nfinite": 16384,
      "ntotal": 16384
    }
  },
  "pinn": {
    "feature_pca_eff_rank": 1.5236150233505945,
    "rho_in_pca_eff_rank": 1.5236150233505945,
    "rho_in_expvar_top8": [
      0.8961385887095606,
      0.053273988332627614,
      0.0463194446641147,
      0.004060449991795411,
      0.00014648616728686034,
      3.856630701387451e-05,
      1.8959382457569876e-05,
      2.4628975068511836e-06
    ],
    "rho_weights": {
      "std": [
        0.2584296987486674,
        0.055764450971262675,
        0.07540903555457923,
        0.014059792408375295,
        0.06176688026444071,
        0.2815860056726711,
        0.4215107909804613,
        0.4563242589794705,
        0.0660765567599076,
        0.19163182950099694,
        0.4115254302530601,
        0.9246504257469348
      ],
      "w_eff": [
        0.0027791500891653485,
        0.00718722243146452,
        0.021371015582334906,
        0.05173935571179264,
        0.043302941258606106,
        0.07664488929108107,
        0.0750561248184347,
        0.08915559375412983,
        0.02235049768491577,
        0.1385388755631246,
        0.002833432534493828,
        0.21925139122584536
      ],
      "importance": [
        0.0007182149203203331,
        0.00040079151289896256,
        0.0016115676738857596,
        0.0007274446006508912,
        0.0026746875878184326,
        0.021582128230699604,
        0.03163696654014664,
        0.040683860253728006,
        0.0014768439288895205,
        0.026548458181172525,
        0.0011660295428505912,
        0.20273089224258567
      ]
    },
    "branch_ablation": {
      "phi": 0.004642111531636811,
      "psi": 0.26556364351418726,
      "extras": 0.5885868196717094
    },
    "pc_ablation": {
      "k": [
        1,
        2,
        3,
        4,
        6,
        8,
        12
      ],
      "mae_pc": [
        0.016274420959193892,
        0.006942822058124094,
        0.001240992089034941,
        0.0005764545705718323,
        0.00010625733206839413,
        1.9125587563728964e-05,
        1.2205543599609495e-16
      ],
      "mae_rand": [
        0.23683665766345285,
        0.2044924868597276,
        0.18588176490129205,
        0.18573015952172883,
        0.1280820583800838,
        0.07727176279697706,
        9.138572293477642e-17
      ],
      "pca_eff_rank": 1.5236150233505945,
      "rho_in_expvar_top8": [
        0.8961385887095606,
        0.053273988332627614,
        0.0463194446641147,
        0.004060449991795411,
        0.00014648616728686034,
        3.856630701387451e-05,
        1.8959382457569876e-05,
        2.4628975068511836e-06
      ]
    },
    "probes": {
      "target_names": [
        "r_mean",
        "r_var",
        "Pr(r<0.25)",
        "shell_contrast"
      ],
      "R2": [
        0.964305316471783,
        0.0,
        0.08985983029149935,
        0.007578052106196886
      ],
      "U_topk": [
        [
          0.014622010290622711,
          -0.5765992999076843,
          0.7132449746131897
        ],
        [
          -0.004557538777589798,
          0.1268746703863144,
          -0.14879609644412994
        ],
        [
          0.0028033407870680094,
          -0.16220900416374207,
          0.2087787389755249
        ],
        [
          0.0008848973084241152,
          0.024562038481235504,
          -0.03951330855488777
        ],
        [
          0.000419654359575361,
          -0.1293163150548935,
          0.1781848669052124
        ],
        [
          0.23349501192569733,
          0.01738525740802288,
          0.007770603522658348
        ],
        [
          0.34880757331848145,
          0.014467607252299786,
          0.0016750982031226158
        ],
        [
          0.37860623002052307,
          0.03279132395982742,
          0.0165499709546566
        ],
        [
          -0.050984084606170654,
          -0.03813847154378891,
          -0.031094858422875404
        ],
        [
          -0.15903952717781067,
          -0.010398700833320618,
          -0.004637562204152346
        ],
        [
          0.2564123272895813,
          -0.743277907371521,
          -0.6012184023857117
        ],
        [
          0.7658897042274475,
          0.22844427824020386,
          0.17161740362644196
        ]
      ]
    },
    "pc1_block_power": {
      "phi": 0.00024339221772685655,
      "psi": 0.3474222636858275,
      "extras": 0.6523343440954454
    },
    "near_field_grad_share": [
      {
        "q": 0.01,
        "share": 0.16209015458080958,
        "count": 164,
        "frac": 0.010009765625
      },
      {
        "q": 0.05,
        "share": 0.48103956653922914,
        "count": 820,
        "frac": 0.050048828125
      },
      {
        "q": 0.1,
        "share": 0.6886654971058414,
        "count": 1639,
        "frac": 0.10003662109375
      }
    ],
    "energy_feature_corr": {
      "corr_features": [
        -0.24276033134795097,
        0.22785096952183084,
        -0.24235130391984802,
        0.2824910349169897,
        -0.2637809527053428,
        0.46008549340433097,
        0.4610211112656521,
        0.45916219819705184,
        -0.39147420170001446,
        -0.45713116702838946,
        0.24022073918664422,
        0.44725054619024346
      ],
      "corr_out_base": 0.466803499485052,
      "corr_cusp": -0.37287157859427483,
      "nfinite": 16384
    }
  },
  "winsor_pct": 0.0,
  "backflow": {
    "bf_kind": "ctnn",
    "pca_dx": {
      "eff_rank": 1.9987551184436843,
      "expvar_top8": [
        0.5176426918723103,
        0.48235730648325154,
        5.481461455106822e-10,
        5.481460757593685e-10
      ]
    },
    "pc_ablation_dx": {
      "k": [
        1,
        2,
        3,
        4,
        6,
        8,
        12
      ],
      "rel_err_pc": [
        0.6945194793934439,
        5.527799870943026e-16,
        4.79959440343988e-16,
        4.3542129270200736e-16,
        4.3542129270200736e-16,
        4.3542129270200736e-16,
        4.3542129270200736e-16
      ],
      "rel_err_rand": [
        0.8069103900847129,
        0.7594124838603836,
        0.41183471113748116,
        2.9739488434920483e-16,
        4.16102009222625e-16,
        3.267659081754639e-16,
        3.9053718980925047e-16
      ],
      "pca_eff_rank": 1.9987551184436843
    },
    "near_field_dx2": {
      "rows": [
        {
          "q": 0.01,
          "share": 0.021904728331698275,
          "count": 164,
          "frac": 0.010009765625
        },
        {
          "q": 0.05,
          "share": 0.0860084603430389,
          "count": 820,
          "frac": 0.050048828125
        },
        {
          "q": 0.1,
          "share": 0.15060557169286223,
          "count": 1639,
          "frac": 0.10003662109375
        }
      ]
    },
    "probes_dx": {
      "target_names": [
        "r_mean",
        "r_var",
        "Pr(r<0.25)",
        "shell_contrast"
      ],
      "R2": [
        0.0003169354756292764,
        0.0,
        3.7609863019483214e-06,
        6.833497575087222e-05
      ],