{
  "system": {
    "N": 12,
    "d": 2,
    "omega": 0.001
  },
  "mcmc": {
    "method": "rw",
    "step_sigma": 5.5205714366793135,
    "burn_in": 100,
    "mix_steps": 30,
    "target_accept": 0.6,
    "acc_noBF": {
      "burn": 0.5179522049427032,
      "mix": 0.5047265380620957
    },
    "acc_BF": {
      "burn": 0.5928843873739242,
      "mix": 0.5493109623591105
    }
  },
  "energy": {
    "noBF": {
      "mean": 0.5178852207959794,
      "std": 0.010506047353281894,
      "se": 0.00018881603691850516,
      "nfinite": 3096,
      "ntotal": 3096
    },
    "withBF": {
      "mean": 0.5140582294974263,
      "std": 0.09563084778190255,
      "se": 0.0017186899200197399,
      "nfinite": 3096,
      "ntotal": 3096
    }
  },
  "pinn": {
    "feature_pca_eff_rank": 1.5559306141849665,
    "rho_in_pca_eff_rank": 1.5559306141849665,
    "rho_in_expvar_top8": [
      0.880370218848274,
      0.09823753509660428,
      0.014697816482523373,
      0.004049824604797065,
      0.001845458145549278,
      0.0007221991490570432,
      6.037910768468105e-05,
      1.286196481794555e-05
    ],
    "rho_weights": {
      "std": [
        1.2274028332925713,
        0.4951698428533547,
        0.4433171027398071,
        0.822603364760399,
        0.704007933311873,
        0.31361797807933006,
        0.3745614806349768,
        0.4015909792187989,
        0.3246327177183976,
        0.2050150101802176,
        1.3188775070526453,
        0.045412127516053925
      ],
      "w_eff": [
        1.8057975236152561,
        7.514611925574866,
        10.272727953731367,
        0.6234983258392571,
        3.874015574953324,
        14.158537463451689,
        22.46408040168707,
        30.973137627362007,
        11.988400751000267,
        20.5163805975206,
        6.866663296166251,
        3.5213004398820402
      ],
      "importance": [
        2.2164409968380743,
        3.7210092062908515,
        4.554075993682417,
        0.5128918207578486,
        2.727337698540897,
        4.440371891848165,
        8.414179216359074,
        12.438532669250934,
        3.891827116894495,
        4.206165977061905,
        9.056287769817645,
        0.15990974459826
      ]
    },
    "branch_ablation": {
      "phi": 123.03514810747019,
      "psi": 18.9152060196641,
      "extras": 52.94726454393051
    },
    "pc_ablation": {
      "k": [
        1,
        2,
        3,
        4,
        6,
        8,
        12
      ],
      "mae_pc": [
        5.469854694925183,
        4.851485711633848,
        0.9210627239891458,
        0.5880437173564997,
        0.20921123180654155,
        0.014539847104375543,
        1.0217494378565783e-14
      ],
      "mae_rand": [
        18.331047959383458,
        21.171933222605464,
        19.267638738972206,
        16.37690078086505,
        10.307853502060667,
        9.309575788015852,
        1.6115733496471005e-14
      ],
      "pca_eff_rank": 1.5559306141849665,
      "rho_in_expvar_top8": [
        0.880370218848274,
        0.09823753509660428,
        0.014697816482523373,
        0.004049824604797065,
        0.001845458145549278,
        0.0007221991490570432,
        6.037910768468105e-05,
        1.286196481794555e-05
      ]
    },
    "probes": {
      "target_names": [
        "r_mean",
        "r_var",
        "Pr(r<0.25)",
        "shell_contrast"
      ],
      "R2": [
        0.9953769628304633,
        0.8124042146421494,
        0.028631915451326373,
        0.02199761311802295
      ],
      "U_topk": [
        [
          0.5540850162506104,
          -0.26213958859443665,
          -0.10699379444122314
        ],
        [
          0.187068372964859,
          -0.3623744249343872,
          0.04330302029848099
        ],
        [
          -0.20144085586071014,
          -0.02754913456737995,
          0.09951676428318024
        ],
        [
          0.36018484830856323,
          -0.2928927540779114,
          -0.23638856410980225
        ],
        [
          -0.17602697014808655,
          -0.805258572101593,
          0.15173907577991486
        ],
        [
          -0.13397876918315887,
          -0.040454115718603134,
          -0.38677099347114563
        ],
        [
          -0.15949870645999908,
          -0.04708914831280708,
          -0.473873496055603
        ],
        [
          -0.17098146677017212,
          -0.05037042871117592,
          -0.5086733102798462
        ],
        [
          -0.13779562711715698,
          -0.04006350785493851,
          -0.4197600185871124
        ],
        [
          0.08839482069015503,
          0.027791231870651245,
          0.2333451509475708
        ],
        [
          0.5973736643791199,
          0.23696595430374146,
          -0.18436174094676971
        ],
        [
          0.020414894446730614,
          0.007727041374891996,
          0.018308093771338463
        ]
      ]
    },
    "pc1_block_power": {
      "phi": 0.5433018538185986,
      "psi": 0.09942608928558766,
      "extras": 0.3572720568948137
    },
    "near_field_grad_share": [
      {
        "q": 0.01,
        "share": 0.9886387661987682,
        "count": 32,
        "frac": 0.0103359173126615
      },
      {
        "q": 0.05,
        "share": 1.0332439012049264,
        "count": 155,
        "frac": 0.05006459948320414
      },
      {
        "q": 0.1,
        "share": 1.0446226890376509,
        "count": 310,
        "frac": 0.10012919896640828
      }
    ],
    "energy_feature_corr": {
      "corr_features": [
        -0.039105280721844916,
        -0.0780037778507132,
        0.009066427932456564,
        -0.024638744414300473,
        -0.06133355815516566,
        0.2902941277171969,
        0.2934754434672506,
        0.29349098190401945,
        0.29823830829661935,
        -0.2734298544571256,
        -0.01250439274806915,
        -0.10256229151823007
      ],
      "corr_out_base": -0.16960076529062246,
      "corr_cusp": 0.3561129961411098,
      "nfinite": 3096
    }
  },
  "winsor_pct": 0.0,
  "backflow": {
    "bf_kind": "ctnn",
    "pca_dx": {
      "eff_rank": 21.787610058776355,
      "expvar_top8": [
        0.06165807907490436,
        0.053808645813954975,
        0.05320786110346425,
        0.05231486119533554,
        0.051317150473225256,
        0.049641418330928416,
        0.04920977873814377,
        0.04831285150343175
      ]
    },
    "pc_ablation_dx": {
      "k": [
        1,
        2,
        3,
        4,
        6,
        8,
        12
      ],
      "rel_err_pc": [
        0.9686805050814818,
        0.9404962919176542,
        0.9117704831849378,
        0.8826157447110652,
        0.8234391197942682,
        0.761924769098534,
        0.6293915300352784
      ],
      "rel_err_rand": [
        0.9785830020910948,
        0.9581979709149846,
        0.9356429908396233,
        0.9101103292346757,
        0.8621257731161004,
        0.8156406174606531,
        0.7078705180056237
      ],
      "pca_eff_rank": 21.787610058776355
    },
    "near_field_dx2": {
      "rows": [
        {
          "q": 0.01,
          "share": 0.9271402641574409,
          "count": 31,
          "frac": 0.010012919896640826
        },
        {
          "q": 0.05,
          "share": 0.9663531431500744,
          "count": 155,
          "frac": 0.05006459948320414
        },
        {
          "q": 0.1,
          "share": 0.9925554979452689,
          "count": 310,
          "frac": 0.10012919896640828
        }
      ]
    },
    "probes_dx": {
      "target_names": [
        "r_mean",
        "r_var",
        "Pr(r<0.25)",
        "shell_contrast"
      ],
      "R2": [
        0.0011423117901621094,
        0.002313452035888952,
        0.00012937953982239403,
        0.002133777232430578
      ],