{
  "system": {
    "N": 6,
    "d": 2,
    "omega": 0.1
  },
  "mcmc": {
    "method": "rw",
    "step_sigma": 0.6546224052571302,
    "burn_in": 100,
    "mix_steps": 30,
    "target_accept": 0.6,
    "acc_noBF": {
      "burn": 0.6026806640625,
      "mix": 0.6027425130208334
    },
    "acc_BF": {
      "burn": 0.61583984375,
      "mix": 0.6206705729166667
    }
  },
  "energy": {
    "noBF": {
      "mean": 3.56843052889165,
      "std": 0.09000006788549626,
      "se": 0.001406251060710879,
      "nfinite": 4096,
      "ntotal": 4096
    },
    "withBF": {
      "mean": 3.55264949782286,
      "std": 0.034802817262163145,
      "se": 0.0005437940197212991,
      "nfinite": 4096,
      "ntotal": 4096
    }
  },
  "pinn": {
    "feature_pca_eff_rank": 2.7959710513062275,
    "rho_in_pca_eff_rank": 2.7959710513062275,
    "rho_in_expvar_top8": [
      0.7216156744616092,
      0.10812318094646042,
      0.05994921611002019,
      0.05566446228551578,
      0.0240312920350956,
      0.02056434150907511,
      0.007449666255367092,
      0.002253809341039349
    ],
    "rho_weights": {
      "std": [
        0.42453233506168225,
        0.3433647315279252,
        0.588443307731933,
        0.5565965806818347,
        0.7417202705453876,
        0.1322895138628887,
        0.443434060884169,
        0.10252997389091013,
        0.038199652952890246,
        0.39825420873055717,
        0.43993925173862686,
        0.19092871890790786
      ],
      "w_eff": [
        0.07353901105569999,
        0.07844019514648354,
        0.06002802113940265,
        0.04399127860506266,
        0.04284172068465111,
        0.599935866389958,
        0.7829175931280143,
        6.154033789053283,
        2.749149331506722,
        0.8275212555715497,
        0.2864897390150003,
        3.2186202690920833
      ],
      "importance": [
        0.03121968808160318,
        0.02693359654747038,
        0.03532308731587249,
        0.024485395251399828,
        0.03177657265684935,
        0.07936522411363849,
        0.34717232765841494,
        0.6309729237154119,
        0.10501655037922701,
        0.3295638228453647,
        0.12603808141305373,
        0.6145270446287772
      ]
    },
    "branch_ablation": {
      "phi": 25.659013355884404,
      "psi": 21.386618588132166,
      "extras": 9.153894746112524
    },
    "pc_ablation": {
      "k": [
        1,
        2,
        3,
        4,
        6,
        8,
        12
      ],
      "mae_pc": [
        0.4712041696085134,
        0.44421073479157414,
        0.39306297400456414,
        0.26041269969235736,
        0.08083402793114147,
        0.07436182817421658,
        2.976785484776201e-15
      ],
      "mae_rand": [
        1.7554450469497038,
        1.3951959836255723,
        1.4061040628798218,
        1.4280823404771863,
        1.4250448109357026,
        0.886015061299469,
        3.1498241515048875e-15
      ],
      "pca_eff_rank": 2.7959710513062275,
      "rho_in_expvar_top8": [
        0.7216156744616092,
        0.10812318094646042,
        0.05994921611002019,
        0.05566446228551578,
        0.0240312920350956,
        0.02056434150907511,
        0.007449666255367092,
        0.002253809341039349
      ]
    },
    "probes": {
      "target_names": [
        "r_mean",
        "r_var",
        "Pr(r<0.25)",
        "shell_contrast"
      ],
      "R2": [
        0.9479184803053291,
        0.41763173345883553,
        0.003994640049563403,
        0.007209372415720727
      ],
      "U_topk": [
        [
          -0.12992900609970093,
          0.5651520490646362,
          -0.6025845408439636
        ],
        [
          0.1433311104774475,
          0.08879797160625458,
          0.5081167817115784
        ],
        [
          -0.402059406042099,
          0.4972931146621704,
          0.43102023005485535
        ],
        [
          -0.39224696159362793,
          0.3281954824924469,
          -0.08801400661468506
        ],
        [
          -0.5485531091690063,
          -0.5397118926048279,
          -0.2967875301837921
        ],
        [
          0.08889352530241013,
          0.029128646478056908,
          -0.0683475136756897
        ],
        [
          0.3229544758796692,
          0.09604985266923904,
          -0.2107335329055786
        ],
        [
          0.07923239469528198,
          0.019544610753655434,
          -0.03787925839424133
        ],
        [
          0.026111677289009094,
          0.006419133860617876,
          -0.005814733449369669
        ],
        [
          -0.29866066575050354,
          -0.1005731150507927,
          0.1767553687095642
        ],
        [
          0.34031617641448975,
          0.0644276961684227,
          -0.10184358805418015
        ],
        [
          0.14825697243213654,
          0.04066091030836105,
          -0.07027257233858109
        ]
      ]
    },
    "pc1_block_power": {
      "phi": 0.6538453324204558,
      "psi": 0.2083594417127054,
      "extras": 0.13779522586583878
    },
    "near_field_grad_share": [
      {
        "q": 0.01,
        "share": 1.5639505140579035,
        "count": 41,
        "frac": 0.010009765625
      },
      {
        "q": 0.05,
        "share": 1.5599686872724132,
        "count": 205,
        "frac": 0.050048828125
      },
      {
        "q": 0.1,
        "share": 1.4708292850052753,
        "count": 410,
        "frac": 0.10009765625
      }
    ],
    "energy_feature_corr": {
      "corr_features": [
        -0.01734256238160458,
        0.005835577521361571,
        -0.04347868670650718,
        -0.04602155582270091,
        -0.04118401262665364,
        0.04859075468056332,
        0.05165499201669134,
        0.04638883103635982,
        0.013682988361558852,
        -0.059519562816694654,
        0.034237569145714755,
        0.048252561546753586
      ],
      "corr_out_base": 0.05179003923225313,
      "corr_cusp": -0.032394904251170586,
      "nfinite": 4096
    }
  },
  "winsor_pct": 0.0,
  "backflow": {
    "bf_kind": "ctnn",
    "pca_dx": {
      "eff_rank": 9.873196953120482,
      "expvar_top8": [
        0.138466548834825,
        0.12268649441588189,
        0.10203909789488495,
        0.09692261707164539,
        0.09580121286463301,
        0.0935653279006678,
        0.09181848494130435,
        0.08887616219181305
      ]
    },
    "pc_ablation_dx": {
      "k": [
        1,
        2,
        3,
        4,
        6,
        8,
        12
      ],
      "rel_err_pc": [
        0.928188262780789,
        0.8595620726552016,
        0.7980024178233837,
        0.7347688356074712,
        0.5920461983781472,
        0.41209714131551,
        8.199551391900439e-16
      ],
      "rel_err_rand": [
        0.9584581824231525,
        0.9143312414769836,
        0.872329613308708,
        0.8180127548224887,
        0.7155926717527038,
        0.5749469129539545,
        5.804055425599131e-16
      ],
      "pca_eff_rank": 9.873196953120482
    },
    "near_field_dx2": {
      "rows": [
        {
          "q": 0.01,
          "share": 1.290615941160507,
          "count": 41,
          "frac": 0.010009765625
        },
        {
          "q": 0.05,
          "share": 1.4745078135671785,
          "count": 205,
          "frac": 0.050048828125
        },
        {
          "q": 0.1,
          "share": 1.4336389881084515,
          "count": 410,
          "frac": 0.10009765625
        }
      ]
    },
    "probes_dx": {
      "target_names": [
        "r_mean",
        "r_var",
        "Pr(r<0.25)",
        "shell_contrast"
      ],
      "R2": [
        0.0007549858648242536,
        0.001606185963446194,
        0.00038111090078896126,
        0.0018258238422725892
      ],