{
  "system": {
    "N": 2,
    "d": 2,
    "omega": 0.1
  },
  "mcmc": {
    "method": "rw",
    "step_sigma": 1.393502748963421,
    "burn_in": 100,
    "mix_steps": 30,
    "target_accept": 0.6,
    "acc_noBF": {
      "burn": 0.5982470703125,
      "mix": 0.5993733723958333
    },
    "acc_BF": {
      "burn": 0.6009149169921875,
      "mix": 0.5968587239583333
    }
  },
  "energy": {
    "noBF": {
      "mean": 0.44076294254283804,
      "std": 0.0039897946909656055,
      "se": 3.117027102316879e-05,
      "nfinite": 16384,
      "ntotal": 16384
    },
    "withBF": {
      "mean": 0.44080891839480196,
      "std": 0.0033656139716747653,
      "se": 2.6293859153709104e-05,
      "nfinite": 16384,
      "ntotal": 16384
    }
  },
  "pinn": {
    "feature_pca_eff_rank": 1.2891171438361753,
    "rho_in_pca_eff_rank": 1.2891171438361753,
    "rho_in_expvar_top8": [
      0.9354221016661121,
      0.061278909743684266,
      0.002924991047470512,
      0.00022343026627685952,
      0.00010262420859529976,
      3.632877908130012e-05,
      7.548311645836603e-06,
      2.365724370702183e-06
    ],
    "rho_weights": {
      "std": [
        0.011918351556889136,
        0.02319496889218367,
        0.011874926751594168,
        0.028116674332262923,
        0.047148818866303496,
        0.3233060708759209,
        0.35891780186033023,
        0.4591949872557922,
        0.2130516081371353,
        0.36476376415350414,
        0.4886491136753671,
        0.590290828892041
      ],
      "w_eff": [
        0.17834373021078537,
        0.373023434932624,
        0.2819293076751321,
        0.39065497463417465,
        0.12557535398723618,
        0.08551475782000119,
        0.4114358466419411,
        0.10546127013099249,
        0.04572661466395995,
        0.23848455344862868,
        0.05786603838829421,
        1.118111292492996
      ],
      "importance": [
        0.00212556327461913,
        0.008652266969317713,
        0.0033478898777698487,
        0.010983918698067521,
        0.0059207296192161415,
        0.027647440352690515,
        0.14767164968326943,
        0.04842728659378076,
        0.00974212878882378,
        0.08699052340838935,
        0.028276188370344735,
        0.6600108416392418
      ]
    },
    "branch_ablation": {
      "phi": 0.8974649867660915,
      "psi": 0.40050550029423965,
      "extras": 2.601680032923745
    },
    "pc_ablation": {
      "k": [
        1,
        2,
        3,
        4,
        6,
        8,
        12
      ],
      "mae_pc": [
        0.054999733794214495,
        0.004821374518434122,
        0.0045734047770759215,
        0.004566441579697024,
        0.0012364753795850725,
        0.00010004909757607304,
        5.683387788169014e-16
      ],
      "mae_rand": [
        0.4553335413815017,
        0.44063371790876105,
        0.3344053110743347,
        0.3502722325744461,
        0.30634870668961317,
        0.21160832701006774,
        3.547215870284189e-16
      ],
      "pca_eff_rank": 1.2891171438361753,
      "rho_in_expvar_top8": [
        0.9354221016661121,
        0.061278909743684266,
        0.002924991047470512,
        0.00022343026627685952,
        0.00010262420859529976,
        3.632877908130012e-05,
        7.548311645836603e-06,
        2.365724370702183e-06
      ]
    },
    "probes": {
      "target_names": [
        "r_mean",
        "r_var",
        "Pr(r<0.25)",
        "shell_contrast"
      ],
      "R2": [
        0.9944492605951327,
        0.0,
        0.05005847292610688,
        0.011544958812084394
      ],
      "U_topk": [
        [
          0.0030960305593907833,
          -0.007520733866840601,
          0.0010133815230801702
        ],
        [
          -0.017641590908169746,
          0.03930390626192093,
          0.0033798289950937033
        ],
        [
          -0.009204360656440258,
          0.021786944940686226,
          0.0024696658365428448
        ],
        [
          -0.021233126521110535,
          0.04939410835504532,
          0.006601755972951651
        ],
        [
          -0.03807186335325241,
          0.08682000637054443,
          0.009717720560729504
        ],
        [
          -0.3020302653312683,
          -0.10010457783937454,
          -0.22634848952293396
        ],
        [
          -0.3348689675331116,
          -0.09484780579805374,
          -0.48535385727882385
        ],
        [
          -0.4238464832305908,
          -0.2618291974067688,
          0.7126438021659851
        ],
        [
          -0.19905132055282593,
          -0.06538493186235428,
          -0.10584622621536255
        ],
        [
          -0.3390425443649292,
          -0.17487525939941406,
          0.275143563747406
        ],
        [
          0.3957326412200928,
          -0.9052426218986511,
          -0.09596547484397888
        ],
        [
          0.5509203672409058,
          0.2146022766828537,
          0.3302476108074188
        ]
      ]
    },
    "pc1_block_power": {
      "phi": 0.002305843709207976,
      "psi": 0.5375766160908485,
      "extras": 0.4601175401989433
    },
    "near_field_grad_share": [
      {
        "q": 0.01,
        "share": 5.079987964228702,
        "count": 164,
        "frac": 0.010009765625
      },
      {
        "q": 0.05,
        "share": 3.7889369550905165,
        "count": 820,
        "frac": 0.050048828125
      },
      {
        "q": 0.1,
        "share": 3.0372510795096157,
        "count": 1639,
        "frac": 0.10003662109375
      }
    ],
    "energy_feature_corr": {
      "corr_features": [
        0.004667914945156544,
        -0.048875582573105016,
        -0.05824017121681517,
        -0.05931115988364718,
        -0.058894617787839595,
        -0.10883779319505618,
        -0.09552357016708465,
        -0.13954011476355008,
        -0.11106310884281692,
        -0.12633295837776193,
        0.05786229462645666,
        0.09925889494770783
      ],
      "corr_out_base": 0.13082241537122624,
      "corr_cusp": 0.007633793404078417,
      "nfinite": 16384
    }
  },
  "winsor_pct": 0.0,
  "backflow": {
    "bf_kind": "ctnn",
    "pca_dx": {
      "eff_rank": 3.6311830526828386,
      "expvar_top8": [
        0.22466965462475136,
        0.19383395256108948,
        0.1938321309380531,
        0.1938321309380531
      ]
    },
    "pc_ablation_dx": {
      "k": [
        1,
        2,
        3,
        4,
        6,
        8,
        12
      ],
      "rel_err_pc": [
        0.007685580423385032,
        5.8193932817565164e-11,
        4.1135678140728185e-11,
        1.9674720119699262e-16,
        1.9674720119699262e-16,
        1.9674720119699262e-16,
        1.9674720119699262e-16
      ],
      "rel_err_rand": [
        0.7801493073598462,
        0.7574810950040369,
        0.30325858708479425,
        2.6168102740336893e-16,
        3.66250685515659e-16,
        3.571305543269044e-16,
        3.939963309352412e-16
      ],
      "pca_eff_rank": 3.6311830526828386
    },
    "near_field_dx2": {
      "rows": [
        {
          "q": 0.01,
          "share": 17.528943649199928,
          "count": 164,
          "frac": 0.010009765625
        },
        {
          "q": 0.05,
          "share": 9.202607897066171,
          "count": 820,
          "frac": 0.050048828125
        },
        {
          "q": 0.1,
          "share": 6.492428135279609,
          "count": 1639,
          "frac": 0.10003662109375
        }
      ]
    },
    "probes_dx": {
      "target_names": [
        "r_mean",
        "r_var",
        "Pr(r<0.25)",
        "shell_contrast"
      ],
      "R2": [
        0.21140043179840584,
        0.0,
        0.09742389438765497,
        0.0011145250083255398
      ],