{
  "system": {
    "N": 12,
    "d": 2,
    "omega": 1.0
  },
  "mcmc": {
    "method": "rw",
    "step_sigma": 0.10906499819237504,
    "burn_in": 100,
    "mix_steps": 30,
    "target_accept": 0.6,
    "acc_noBF": {
      "burn": 0.6232251954078675,
      "mix": 0.6334128518899281
    },
    "acc_BF": {
      "burn": 0.6025667959451675,
      "mix": 0.6565362612406412
    }
  },
  "energy": {
    "noBF": {
      "mean": 66.36881977736094,
      "std": 1.6874758414520654,
      "se": 0.0368588622048542,
      "nfinite": 2096,
      "ntotal": 2096
    },
    "withBF": {
      "mean": 65.71226453418528,
      "std": 0.5122137878550823,
      "se": 0.011188081608167541,
      "nfinite": 2096,
      "ntotal": 2096
    }
  },
  "pinn": {
    "feature_pca_eff_rank": 1.7082225272122606,
    "rho_in_pca_eff_rank": 1.7082225272122606,
    "rho_in_expvar_top8": [
      0.8853811124834301,
      0.048171120532719956,
      0.0280153854105035,
      0.015117586983324657,
      0.011212967146793993,
      0.006175530580574292,
      0.00289210989775011,
      0.0023181173846636496
    ],
    "rho_weights": {
      "std": [
        0.1458121592304133,
        0.09554463907302728,
        0.13828235450602824,
        0.23354162799650996,
        0.10325079723263889,
        0.1971133868295183,
        0.4704434679937892,
        0.2837608275631336,
        0.26843887941587874,
        0.29310248592293203,
        0.2716537419319435,
        0.16381271172725673
      ],
      "w_eff": [
        0.10827224814842497,
        0.43648060918055526,
        0.16277710110509452,
        0.47136417671429615,
        0.26533982433500547,
        1.592976355109127,
        2.5682480405669508,
        1.5765777772968124,
        2.3498827316770217,
        1.3722361332094206,
        0.07116511652208786,
        0.24032698946441403
      ],
      "importance": [
        0.015787410287252963,
        0.04170338226653123,
        0.022509200800478284,
        0.11008315720909133,
        0.02739654840015767,
        0.31399696449490144,
        1.2082155148725702,
        0.4473710148033892,
        0.6307998872501037,
        0.40220582191695287,
        0.019332270198247944,
        0.03936861584541352
      ]
    },
    "branch_ablation": {
      "phi": 0.8442039960014247,
      "psi": 33.1511200197155,
      "extras": 1.1931810434581793
    },
    "pc_ablation": {
      "k": [
        1,
        2,
        3,
        4,
        6,
        8,
        12
      ],
      "mae_pc": [
        0.2021696872253412,
        0.1540817216212786,
        0.14331467051565946,
        0.14216093348167802,
        0.04099785337351095,
        0.03723925383175133,
        2.4374056632228627e-15
      ],
      "mae_rand": [
        1.650795592135599,
        1.5820174829011528,
        1.2923634146985052,
        1.2873130083822795,
        1.0218881287429789,
        0.652038067819457,
        1.7240944323886337e-15
      ],
      "pca_eff_rank": 1.7082225272122606,
      "rho_in_expvar_top8": [
        0.8853811124834301,
        0.048171120532719956,
        0.0280153854105035,
        0.015117586983324657,
        0.011212967146793993,
        0.006175530580574292,
        0.00289210989775011,
        0.0023181173846636496
      ]
    },
    "probes": {
      "target_names": [
        "r_mean",
        "r_var",
        "Pr(r<0.25)",
        "shell_contrast"
      ],
      "R2": [
        0.9928489090132453,
        0.6907856883589398,
        0.01583219787207346,
        0.03413156989611932
      ],
      "U_topk": [
        [
          0.09217652678489685,
          -0.30123278498649597,
          0.5941067337989807
        ],
        [
          0.020394224673509598,
          -0.34950634837150574,
          -0.34685075283050537
        ],
        [
          0.054577961564064026,
          -0.47511857748031616,
          0.481228232383728
        ],
        [
          -0.23699475824832916,
          0.6786938905715942,
          0.35646891593933105
        ],
        [
          -0.06962565332651138,
          -0.20955830812454224,
          -0.3386008143424988
        ],
        [
          0.2394578456878662,
          0.019933270290493965,
          0.09014300256967545
        ],
        [
          0.5853778719902039,
          0.18511779606342316,
          -0.13376162946224213
        ],
        [
          -0.3557361364364624,
          -0.07591164857149124,
          -0.010185671038925648
        ],
        [
          0.33640530705451965,
          0.08173690736293793,
          -0.024534322321414948
        ],
        [
          0.36729398369789124,
          0.08153360337018967,
          -0.0029303389601409435
        ],
        [
          0.33228203654289246,
          -0.005445277784019709,
          0.1619553416967392
        ],
        [
          0.20507143437862396,
          0.05513222515583038,
          -0.021652329713106155
        ]
      ]
    },
    "pc1_block_power": {
      "phi": 0.07290543631942199,
      "psi": 0.774628919956843,
      "extras": 0.15246564372273483
    },
    "near_field_grad_share": [
      {
        "q": 0.01,
        "share": 1.031772685265373,
        "count": 32,
        "frac": 0.015267175572519083
      },
      {
        "q": 0.05,
        "share": 0.9878024733880769,
        "count": 105,
        "frac": 0.050095419847328244
      },
      {
        "q": 0.1,
        "share": 1.009053691043621,
        "count": 210,
        "frac": 0.10019083969465649
      }
    ],
    "energy_feature_corr": {
      "corr_features": [
        -0.03573311728240918,
        -0.020944248222494837,
        0.005316897976818343,
        0.04380010056598255,
        -0.002748040919316146,
        -0.036053990294502694,
        -0.03501711682086331,
        0.03564354596272015,
        -0.03320794381120691,
        -0.03418979200272785,
        -0.030502598372493053,
        -0.035810076843474876
      ],
      "corr_out_base": -0.03366037633212262,
      "corr_cusp": 0.033132843754563976,
      "nfinite": 2096
    }
  },
  "winsor_pct": 0.0,
  "backflow": {
    "bf_kind": "ctnn",
    "pca_dx": {
      "eff_rank": 21.657394535222988,
      "expvar_top8": [
        0.05680289861992471,
        0.05565393609491921,
        0.05542012217090233,
        0.0535821432099329,
        0.053125211174086334,
        0.05215780603806837,
        0.05156969000702971,
        0.05045695780152364
      ]
    },
    "pc_ablation_dx": {
      "k": [
        1,
        2,
        3,
        4,
        6,
        8,
        12
      ],
      "rel_err_pc": [
        0.9711833510607611,
        0.9420950935444309,
        0.9122077850508734,
        0.8823496471895814,
        0.8205229324521479,
        0.7557984088817765,
        0.6172431276310655
      ],
      "rel_err_rand": [
        0.9798017390838721,
        0.9559729839420448,
        0.9360911686193095,
        0.9138261023285074,
        0.8655880598988366,
        0.815285308364929,
        0.7074181691099419
      ],
      "pca_eff_rank": 21.657394535222988
    },
    "near_field_dx2": {
      "rows": [
        {
          "q": 0.01,
          "share": 1.0892776855994895,
          "count": 21,
          "frac": 0.010019083969465648
        },
        {
          "q": 0.05,
          "share": 1.0002243515205098,
          "count": 105,
          "frac": 0.050095419847328244
        },
        {
          "q": 0.1,
          "share": 1.0347315828958217,
          "count": 210,
          "frac": 0.10019083969465649
        }
      ]
    },
    "probes_dx": {
      "target_names": [
        "r_mean",
        "r_var",
        "Pr(r<0.25)",
        "shell_contrast"
      ],
      "R2": [
        0.0009063234093930062,
        0.0003975983055812815,
        0.004098583073412154,
        0.0024854671525558203
      ],