{
  "system": {
    "N": 2,
    "d": 2,
    "omega": 0.001
  },
  "mcmc": {
    "method": "rw",
    "step_sigma": 13.651169982505323,
    "burn_in": 100,
    "mix_steps": 30,
    "target_accept": 0.6,
    "acc_noBF": {
      "burn": 0.59885498046875,
      "mix": 0.5999613444010417
    },
    "acc_BF": {
      "burn": 0.6067657470703125,
      "mix": 0.5993550618489584
    }
  },
  "energy": {
    "noBF": {
      "mean": 0.01381218561512107,
      "std": 0.0037935852212627108,
      "se": 2.9637384541114928e-05,
      "nfinite": 16384,
      "ntotal": 16384
    },
    "withBF": {
      "mean": 0.013773720032176112,
      "std": 0.00041800849715262233,
      "se": 3.265691384004862e-06,
      "nfinite": 16384,
      "ntotal": 16384
    }
  },
  "pinn": {
    "feature_pca_eff_rank": 1.0001783791326675,
    "rho_in_pca_eff_rank": 1.0001783791326675,
    "rho_in_expvar_top8": [
      0.9999862425958186,
      1.0586807080030045e-05,
      2.02082848693179e-06,
      7.067887627149041e-07,
      3.011361452409409e-07,
      1.2753065052816295e-07,
      8.944989939516481e-09,
      4.381207072561814e-09
    ],
    "rho_weights": {
      "std": [
        0.2100349194556081,
        0.06778926709042851,
        0.11650914040169733,
        0.07021348891399629,
        0.15427319499830033,
        66.34561781959408,
        68.48169285510224,
        60.612334641142944,
        62.56576033883279,
        72.46850254051154,
        0.8329898803140435,
        0.0642153792916188
      ],
      "w_eff": [
        0.26401108370594195,
        0.35354834443193706,
        0.6219674021858954,
        1.0856986422793669,
        0.45543632152523106,
        0.16058692754503834,
        0.22997100687295552,
        0.17463991791921651,
        0.4554369632519446,
        0.15564039235133814,
        0.03823833953223579,
        1.0177595816076832
      ],
      "importance": [
        0.055451546701565324,
        0.023966783150075395,
        0.07246488738655543,
        0.07623068958362314,
        0.07026161643997057,
        10.654238921725959,
        15.748803858252346,
        10.585333146621288,
        28.494759892266963,
        11.279026168519161,
        0.03185214987036485,
        0.06535581756061663
      ]
    },
    "branch_ablation": {
      "phi": 3.0587470284514477,
      "psi": 8.072831857145296,
      "extras": 0.8115421335015015
    },
    "pc_ablation": {
      "k": [
        1,
        2,
        3,
        4,
        6,
        8,
        12
      ],
      "mae_pc": [
        0.07196516458859913,
        0.038955243304689705,
        0.027107825518157453,
        0.02710792196095398,
        0.0027338886836839227,
        0.0024772833470909266,
        1.8241267871199618e-14
      ],
      "mae_rand": [
        12.87417809818605,
        15.354818158099071,
        19.001067952728512,
        22.991654390739345,
        25.308779914008895,
        22.316668304424056,
        4.868547288045787e-14
      ],
      "pca_eff_rank": 1.0001783791326675,
      "rho_in_expvar_top8": [
        0.9999862425958186,
        1.0586807080030045e-05,
        2.02082848693179e-06,
        7.067887627149041e-07,
        3.011361452409409e-07,
        1.2753065052816295e-07,
        8.944989939516481e-09,
        4.381207072561814e-09
      ]
    },
    "probes": {
      "target_names": [
        "r_mean",
        "r_var",
        "Pr(r<0.25)",
        "shell_contrast"
      ],
      "R2": [
        0.9999585098549285,
        0.0,
        0.0,
        0.021026514895999493
      ],
      "U_topk": [
        [
          0.0013321548467501998,
          -0.10046157240867615,
          0.11957189440727234
        ],
        [
          -0.0004021290224045515,
          0.03423343226313591,
          -0.04601951688528061
        ],
        [
          -0.0004973227041773498,
          0.05933956056833267,
          -0.10713687539100647
        ],
        [
          -0.0004395564610604197,
          0.03797770291566849,
          -0.03857630491256714
        ],
        [
          -0.0007813259144313633,
          0.08431797474622726,
          -0.13935622572898865
        ],
        [
          0.4479904770851135,
          0.5885933637619019,
          0.4942342936992645
        ],
        [
          -0.4624180793762207,
          0.2265005111694336,
          0.1614861935377121
        ],
        [
          0.4092809855937958,
          0.16165687143802643,
          0.10914464294910431
        ],
        [
          -0.4224696159362793,
          0.3808559775352478,
          0.3502046763896942
        ],
        [
          -0.48933935165405273,
          0.12409302592277527,
          0.09720423072576523
        ],
        [
          0.005136019550263882,
          -0.6256285905838013,
          0.7322937250137329
        ],
        [
          0.0004205512232147157,
          -0.03038850985467434,
          -0.024376841261982918
        ]
      ]
    },
    "pc1_block_power": {
      "phi": 2.9873542179109164e-06,
      "psi": 0.9999704570823503,
      "extras": 2.6555562431805528e-05
    },
    "near_field_grad_share": [
      {
        "q": 0.01,
        "share": 1.7397520648398381,
        "count": 164,
        "frac": 0.010009765625
      },
      {
        "q": 0.05,
        "share": 1.689891516250781,
        "count": 820,
        "frac": 0.050048828125
      },
      {
        "q": 0.1,
        "share": 1.5918375949368075,
        "count": 1639,
        "frac": 0.10003662109375
      }
    ],
    "energy_feature_corr": {
      "corr_features": [
        -0.06581268165861923,
        0.05972028104388517,
        0.038031143831987455,
        0.06397298201389359,
        0.0475571373366146,
        -0.09311246038341703,
        0.09241977494859707,
        -0.09309118715145318,
        0.09277755154741738,
        0.09263396183452112,
        -0.05633222248782648,
        -0.062076824537298896
      ],
      "corr_out_base": -0.09250539697164725,
      "corr_cusp": 0.13525973300636698,
      "nfinite": 16384
    }
  },
  "winsor_pct": 0.0,
  "backflow": {
    "bf_kind": "ctnn",
    "pca_dx": {
      "eff_rank": 1.5642403938236509,
      "expvar_top8": [
        0.8352887166470706,
        0.16471128322093753,
        4.399736078907447e-11,
        4.399727760902612e-11
      ]
    },
    "pc_ablation_dx": {
      "k": [
        1,
        2,
        3,
        4,
        6,
        8,
        12
      ],
      "rel_err_pc": [
        0.4058463788345996,
        6.836241936347431e-16,
        4.527942066171937e-16,
        4.479854914986334e-16,
        4.479854914986334e-16,
        4.479854914986334e-16,
        4.479854914986334e-16
      ],
      "rel_err_rand": [
        0.7953327635832128,
        0.7346108490560264,
        0.4377460511398029,
        3.116810517547217e-16,
        4.1691050531925444e-16,
        3.008859913576626e-16,
        3.808281582015179e-16
      ],
      "pca_eff_rank": 1.5642403938236509
    },
    "near_field_dx2": {
      "rows": [
        {
          "q": 0.01,
          "share": 2.9419596672145296,
          "count": 164,
          "frac": 0.010009765625
        },
        {
          "q": 0.05,
          "share": 1.5154303583319266,
          "count": 820,
          "frac": 0.050048828125
        },
        {
          "q": 0.1,
          "share": 1.0385461221916439,
          "count": 1639,
          "frac": 0.10003662109375
        }
      ]
    },
    "probes_dx": {
      "target_names": [
        "r_mean",
        "r_var",
        "Pr(r<0.25)",
        "shell_contrast"
      ],
      "R2": [
        0.00024880355749345995,
        0.0,
        0.0,
        9.277033191634754e-05
      ],