{
  "imaginary_time": [
    {
      "well_separation": 0.0,
      "tau": [
        0.0,
        0.5000000000000001,
        1.0000000000000004,
        1.5000000000000009,
        2.0000000000000013,
        2.5000000000000018,
        3.000000000000002,
        3.5000000000000027,
        4.000000000000003,
        4.499999999999992,
        4.999999999999981,
        5.499999999999971,
        5.99999999999996,
        6.499999999999949,
        6.999999999999939,
        7.499999999999928
      ],
      "energy": [
        7.413700069959769,
        4.622700522394153,
        3.3735322275107076,
        3.070628976607915,
        3.0112257088865126,
        3.004784816203962,
        3.0135466626658447,
        3.0316633460527806,
        3.01485496910754,
        2.999067282319057,
        3.0036228822285604,
        2.9920893645910973,
        3.006908127361194,
        2.997074408477087,
        3.0320862781552758,
        3.0340675733080653
      ]
    },
    {
      "well_separation": 4.0,
      "tau": [
        0.0,
        0.5000000000000001,
        1.0000000000000004,
        1.5000000000000009,
        2.0000000000000013,
        2.5000000000000018,
        3.000000000000002,
        3.5000000000000027,
        4.000000000000003,
        4.499999999999992,
        4.999999999999981,
        5.499999999999971,
        5.99999999999996,
        6.499999999999949,
        6.999999999999939,
        7.499999999999928
      ],
      "energy": [
        2.753765947936309,
        2.6898108460518992,
        2.3881898013578113,
        2.286192932336624,
        2.2932063031573726,
        2.262158150707559,
        1.953188556595042,
        2.286903186633522,
        2.284059573713979,
        2.2369398901678155,
        2.2836442865223594,
        2.281874513587663,
        2.2831469023892206,
        2.276822330639172,
        2.2523477199574753,
        2.2806827891473276
      ]
    },
    {
      "well_separation": 8.0,
      "tau": [
        0.0,
        0.5000000000000001,
        1.0000000000000004,
        1.5000000000000009,
        2.0000000000000013,
        2.5000000000000018,
        3.000000000000002,
        3.5000000000000027,
        4.000000000000003,
        4.499999999999992,
        4.999999999999981,
        5.499999999999971,
        5.99999999999996,
        6.499999999999949,
        6.999999999999939,
        7.499999999999928
      ],
      "energy": [
        4.00505526716951,
        3.081593629162125,
        2.452751046966506,
        2.1626093896054503,
        2.1669875744501645,
        2.1581855973024413,
        2.162831145352659,
        1.8771900958365357,
        2.1476338820091225,
        2.1466309013218647,
        2.1560315709693114,
        2.1520966386284175,
        2.159170295853099,
        2.1467925054006742,
        2.165447469241386,
        2.1548667918215068
      ]
    }
  ],
  "tunneling": [
    {
      "well_separation": 4.0,
      "times": [
        0.0,
        3.0000000000000013,
        5.999999999999995,
        8.999999999999984,
        11.999999999999973,
        14.999999999999963,
        17.999999999999986
      ],
      "p_tunnel": [
        0.0,
        0.0,
        0.0,
        0.0006666666595265269,
        0.0013333333190530539,
        0.0006666666595265269,
        0.0013333333190530539
      ],
      "x0_mean": [
        -1.9964234498755238,
        -2.0163388198374737,
        -2.0331183051613517,
        -2.034307242062859,
        -2.030519079129208,
        -2.037505564141666,
        -2.0438701561773076
      ],
      "final_p_tunnel": 0.0013333333190530539
    },
    {
      "well_separation": 8.0,
      "times": [
        0.0,
        3.0000000000000013,
        5.999999999999995,
        8.999999999999984,
        11.999999999999973,
        14.999999999999963,
        17.999999999999986
      ],
      "p_tunnel": [
        0.0,
        0.0,
        0.0,
        0.0,
        0.0,
        0.0,
        0.0
      ],
      "x0_mean": [
        -3.996561269704727,
        -4.002557609283121,
        -4.018446690124383,
        -4.016139870100889,
        -4.020760401164974,
        -4.026640657521746,
        -4.015371311393453
      ],
      "final_p_tunnel": 0.0
    }
  ]
}