{
  "separations": [
    0.0,
    4.0,
    8.0
  ],
  "measured_energies": [
    3.010628208513614,
    2.2592575441995475,
    2.1258072188869717
  ],
  "expected_energies": [
    3.0,
    2.135335283236613,
    2.018315638888734
  ],
  "energy_conserved": [
    