N,omega_str,omega,run_name,run_dir,f_ckpt,bf_ckpt,layer,view,n,F,eff_rank,pr,idim,expvar_pc1,expvar_pc2,expvar_pc3,expvar_cum3,expvar_cum10,note
2,1,1.0,w_10,../results/models/2p/w_10,../results/models/2p/w_10/f_netCTNN.pt,../results/models/2p/w_10/backflowCTNN.pt,dx_head@dx_head,pooled_BxH,512,2,1.8134991196466972,1.6816598183981168,2.1876287746866927,0.7175437718300951,0.2824562281174991,nan,nan,nan,
2,1,1.0,w_10,../results/models/2p/w_10,../results/models/2p/w_10/f_netCTNN.pt,../results/models/2p/w_10/backflowCTNN.pt,dx_head@dx_head,node_instances,1024,2,1.916974522014233,1.8457121019165528,1.375373801781755,0.6445619347551949,0.35543806521829546,nan,nan,nan,
2,1,1.0,w_10,../results/models/2p/w_10,../results/models/2p/w_10/f_netCTNN.pt,../results/models/2p/w_10/backflowCTNN.pt,dx_head@dx_head,edge_instances,,,,,,,,,,,empty
2,1,1.0,w_10,../results/models/2p/w_10,../results/models/2p/w_10/f_netCTNN.pt,../results/models/2p/w_10/backflowCTNN.pt,edge_embed@edge_embed,pooled_BxH,512,128,1.0505531256503953,1.0136626770395079,2.2110038089900836,0.9932295399819294,0.0034837116852676807,0.0019356644925893726,0.9986489161597866,0.9999798693130159,
2,1,1.0,w_10,../results/models/2p/w_10,../results/models/2p/w_10/f_netCTNN.pt,../results/models/2p/w_10/backflowCTNN.pt,edge_embed@edge_embed,node_instances,,,,,,,,,,,empty
2,1,1.0,w_10,../results/models/2p/w_10,../results/models/2p/w_10/f_netCTNN.pt,../results/models/2p/w_10/backflowCTNN.pt,edge_embed@edge_embed,edge_instances,1024,128,1.6445471405380525,1.2886399963703146,1.2856051172002803,0.8769310084720582,0.07259199858122359,0.041454826136156926,0.9909778331894387,0.9994161916450214,
2,1,1.0,w_10,../results/models/2p/w_10,../results/models/2p/w_10/f_netCTNN.pt,../results/models/2p/w_10/backflowCTNN.pt,edge_update@edge_update,pooled_BxH,512,128,1.083079557341846,1.024028361262333,3.0664340253481654,0.9881722101925225,0.006054566663639122,0.003572752324781904,0.9977995291809436,0.9998717064023488,
2,1,1.0,w_10,../results/models/2p/w_10,../results/models/2p/w_10/f_netCTNN.pt,../results/models/2p/w_10/backflowCTNN.pt,edge_update@edge_update,node_instances,,,,,,,,,,,empty
2,1,1.0,w_10,../results/models/2p/w_10,../results/models/2p/w_10/f_netCTNN.pt,../results/models/2p/w_10/backflowCTNN.pt,edge_update@edge_update,edge_instances,1024,128,1.2691040865213636,1.0862607715015453,2.2736535960835695,0.9592303722186047,0.019077930199661808,0.006765838204342505,0.9850741406226091,0.999159344952766,
2,1,1.0,w_10,../results/models/2p/w_10,../results/models/2p/w_10/f_netCTNN.pt,../results/models/2p/w_10/backflowCTNN.pt,node_embed@node_embed,pooled_BxH,512,128,1.9673252732255497,1.9365521826231016,2.1822281592028574,0.5905031605552302,0.4094968394271029,1.3920363531631826e-13,0.9999999999824724,0.9999999999834464,
2,1,1.0,w_10,../results/models/2p/w_10,../results/models/2p/w_10/f_netCTNN.pt,../results/models/2p/w_10/backflowCTNN.pt,node_embed@node_embed,node_instances,1024,128,2.739508575001722,2.564681188256748,1.3377480238578243,0.49451738790403754,0.34657154802423157,0.1589110640661587,0.9999999999944279,0.9999999999947379,
2,1,1.0,w_10,../results/models/2p/w_10,../results/models/2p/w_10/f_netCTNN.pt,../results/models/2p/w_10/backflowCTNN.pt,node_embed@node_embed,edge_instances,,,,,,,,,,,empty
2,1,1.0,w_10,../results/models/2p/w_10,../results/models/2p/w_10/f_netCTNN.pt,../results/models/2p/w_10/backflowCTNN.pt,node_update@node_update,pooled_BxH,512,128,1.7430800322741387,1.3316758751740994,3.6669188155828643,0.8615190818405991,0.08536753474728603,0.03697664011947344,0.9838632567073585,0.9991362812253278,
2,1,1.0,w_10,../results/models/2p/w_10,../results/models/2p/w_10/f_netCTNN.pt,../results/models/2p/w_10/backflowCTNN.pt,node_update@node_update,node_instances,1024,128,2.056323859090469,1.4816844496526043,1.9311474481396083,0.8134242035685063,0.09803727770899219,0.058422567571517536,0.969884048849016,0.9980800073723181,
2,1,1.0,w_10,../results/models/2p/w_10,../results/models/2p/w_10/f_netCTNN.pt,../results/models/2p/w_10/backflowCTNN.pt,node_update@node_update,edge_instances,,,,,,,,,,,empty
2,1,1.0,w_10,../results/models/2p/w_10,../results/models/2p/w_10/f_netCTNN.pt,../results/models/2p/w_10/backflowCTNN.pt,rho_e_to_v@rho_e_to_v,pooled_BxH,512,128,1.0308927926623928,1.0079164482564902,2.771200749286426,0.9960616264849435,0.002495127619577686,0.0007680663636310995,0.9993248204681523,0.9999655695245232,
2,1,1.0,w_10,../results/models/2p/w_10,../results/models/2p/w_10/f_netCTNN.pt,../results/models/2p/w_10/backflowCTNN.pt,rho_e_to_v@rho_e_to_v,node_instances,,,,,,,,,,,empty
2,1,1.0,w_10,../results/models/2p/w_10,../results/models/2p/w_10/f_netCTNN.pt,../results/models/2p/w_10/backflowCTNN.pt,rho_e_to_v@rho_e_to_v,edge_instances,1024,128,1.1063743000724762,1.0311517127521732,2.3079480557562455,0.9847355240405139,0.008625126101656853,0.0025574743864119893,0.9959181245285827,0.999765535578375,
2,1,1.0,w_10,../results/models/2p/w_10,../results/models/2p/w_10/f_netCTNN.pt,../results/models/2p/w_10/backflowCTNN.pt,rho_v_to_e@rho_v_to_e,pooled_BxH,1024,128,1.9473052943111449,1.8994717345406602,0.890141601984286,0.6150264407403816,0.38497355919935494,4.745899904887106e-13,0.9999999999402112,0.999999999943533,
2,1,1.0,w_10,../results/models/2p/w_10,../results/models/2p/w_10/f_netCTNN.pt,../results/models/2p/w_10/backflowCTNN.pt,rho_v_to_e@rho_v_to_e,node_instances,,,,,,,,,,,empty
2,1,1.0,w_10,../results/models/2p/w_10,../results/models/2p/w_10/f_netCTNN.pt,../results/models/2p/w_10/backflowCTNN.pt,rho_v_to_e@rho_v_to_e,edge_instances,2048,128,2.7408341773036717,2.549453238672036,0.8680252231861318,0.5122945519470015,0.3175648518842175,0.17014059614982396,0.9999999999810429,0.9999999999820964,
2,0p5,0.5,w_05,../results/models/2p/w_05,../results/models/2p/w_05/f_netCTNN.pt,../results/models/2p/w_05/backflowCTNN.pt,dx_head@dx_head,pooled_BxH,512,2,1.3973635858490674,1.2299504494401525,2.1526184323147977,0.8956266442824434,0.10437335570787636,nan,nan,nan,
2,0p5,0.5,w_05,../results/models/2p/w_05,../results/models/2p/w_05/f_netCTNN.pt,../results/models/2p/w_05/backflowCTNN.pt,dx_head@dx_head,node_instances,1024,2,1.8361942342831434,1.7152987040271706,1.3400222166895748,0.7037017905944543,0.2962982094016031,nan,nan,nan,
2,0p5,0.5,w_05,../results/models/2p/w_05,../results/models/2p/w_05/f_netCTNN.pt,../results/models/2p/w_05/backflowCTNN.pt,dx_head@dx_head,edge_instances,,,,,,,,,,,empty
2,0p5,0.5,w_05,../results/models/2p/w_05,../results/models/2p/w_05/f_netCTNN.pt,../results/models/2p/w_05/backflowCTNN.pt,edge_embed@edge_embed,pooled_BxH,512,128,1.3131189319092853,1.1163496791910017,2.208618097531869,0.9458196701415432,0.030418675209172286,0.01579782483734996,0.9920361701880654,0.9999564935434903,
2,0p5,0.5,w_05,../results/models/2p/w_05,../results/models/2p/w_05/f_netCTNN.pt,../results/models/2p/w_05/backflowCTNN.pt,edge_embed@edge_embed,node_instances,,,,,,,,,,,empty
2,0p5,0.5,w_05,../results/models/2p/w_05,../results/models/2p/w_05/f_netCTNN.pt,../results/models/2p/w_05/backflowCTNN.pt,edge_embed@edge_embed,edge_instances,1024,128,3.4004743058910534,2.895031934489497,1.30159185650123,0.44659922680492603,0.3400771417373926,0.17270287979838467,0.9593792483407033,0.9989763188329412,
2,0p5,0.5,w_05,../results/models/2p/w_05,../results/models/2p/w_05/f_netCTNN.pt,../results/models/2p/w_05/backflowCTNN.pt,edge_update@edge_update,pooled_BxH,512,128,1.1653945693354,1.0565512074379306,3.406956776809186,0.9726940320472638,0.016588876661750473,0.007983390390238236,0.9972662990992525,0.9999753023383803,
2,0p5,0.5,w_05,../results/models/2p/w_05,../results/models/2p/w_05/f_netCTNN.pt,../results/models/2p/w_05/backflowCTNN.pt,edge_update@edge_update,node_instances,,,,,,,,,,,empty
2,0p5,0.5,w_05,../results/models/2p/w_05,../results/models/2p/w_05/f_netCTNN.pt,../results/models/2p/w_05/backflowCTNN.pt,edge_update@edge_update,edge_instances,1024,128,2.2744737868245264,1.7087719179160823,1.9174337559873083,0.7417964306675755,0.18037220863126782,0.04375084292523124,0.9659194822240745,0.9997461546932338,
2,0p5,0.5,w_05,../results/models/2p/w_05,../results/models/2p/w_05/f_netCTNN.pt,../results/models/2p/w_05/backflowCTNN.pt,node_embed@node_embed,pooled_BxH,512,128,1.9757754871137134,1.9526039508495021,2.1607126710770252,0.5778993786500424,0.42210062131299037,2.9125112551752334e-13,0.9999999999633239,0.9999999999653619,
2,0p5,0.5,w_05,../results/models/2p/w_05,../results/models/2p/w_05/f_netCTNN.pt,../results/models/2p/w_05/backflowCTNN.pt,node_embed@node_embed,node_instances,1024,128,2.9335470443427623,2.866855224576548,1.303338720616233,0.43377727701462176,0.2962919083029201,0.2699308146726882,0.99999999999023,0.9999999999907732,
2,0p5,0.5,w_05,../results/models/2p/w_05,../results/models/2p/w_05/f_netCTNN.pt,../results/models/2p/w_05/backflowCTNN.pt,node_embed@node_embed,edge_instances,,,,,,,,,,,empty
2,0p5,0.5,w_05,../results/models/2p/w_05,../results/models/2p/w_05/f_netCTNN.pt,../results/models/2p/w_05/backflowCTNN.pt,node_update@node_update,pooled_BxH,512,128,1.3535045697451782,1.1607057045346745,3.139364542611693,0.9262134266505656,0.05882828355046996,0.014583786369373686,0.9996254965704092,0.9999962219455265,
2,0p5,0.5,w_05,../results/models/2p/w_05,../results/models/2p/w_05/f_netCTNN.pt,../results/models/2p/w_05/backflowCTNN.pt,node_update@node_update,node_instances,1024,128,1.9874235230397765,1.5141406063853247,1.7653787419623557,0.801510849485739,0.12276551451111657,0.04637926688180729,0.9706556308786629,0.9999751328085275,
2,0p5,0.5,w_05,../results/models/2p/w_05,../results/models/2p/w_05/f_netCTNN.pt,../results/models/2p/w_05/backflowCTNN.pt,node_update@node_update,edge_instances,,,,,,,,,,,empty
2,0p5,0.5,w_05,../results/models/2p/w_05,../results/models/2p/w_05/f_netCTNN.pt,../results/models/2p/w_05/backflowCTNN.pt,rho_e_to_v@rho_e_to_v,pooled_BxH,512,128,1.0241889658424124,1.0061557731859423,2.5725139335735108,0.9969340917886015,0.0018419376608797093,0.0009382413570621645,0.9997142708065434,0.9999976286893378,
2,0p5,0.5,w_05,../results/models/2p/w_05,../results/models/2p/w_05/f_netCTNN.pt,../results/models/2p/w_05/backflowCTNN.pt,rho_e_to_v@rho_e_to_v,node_instances,,,,,,,,,,,empty
2,0p5,0.5,w_05,../results/models/2p/w_05,../results/models/2p/w_05/f_netCTNN.pt,../results/models/2p/w_05/backflowCTNN.pt,rho_e_to_v@rho_e_to_v,edge_instances,1024,128,1.3050014223834778,1.1247179092050636,1.7611488153175083,0.9417923011694279,0.04539336761483336,0.008401550162941729,0.995587218947203,0.9999676356410829,
2,0p5,0.5,w_05,../results/models/2p/w_05,../results/models/2p/w_05/f_netCTNN.pt,../results/models/2p/w_05/backflowCTNN.pt,rho_v_to_e@rho_v_to_e,pooled_BxH,1024,128,1.9719759615216637,1.9453564303232442,0.9093203846583375,0.5837992138498518,0.41620078605617705,7.400553232133162e-13,0.9999999999067689,0.9999999999119487,
2,0p5,0.5,w_05,../results/models/2p/w_05,../results/models/2p/w_05/f_netCTNN.pt,../results/models/2p/w_05/backflowCTNN.pt,rho_v_to_e@rho_v_to_e,node_instances,,,,,,,,,,,empty
2,0p5,0.5,w_05,../results/models/2p/w_05,../results/models/2p/w_05/f_netCTNN.pt,../results/models/2p/w_05/backflowCTNN.pt,rho_v_to_e@rho_v_to_e,edge_instances,2048,128,2.4688944190412583,2.1368123766254072,0.8640666050818857,0.626205470608378,0.2416345457583887,0.13215998361875939,0.999999999985526,0.9999999999863305,
2,0p1,0.1,w_01,../results/models/2p/w_01,../results/models/2p/w_01/f_netCTNN.pt,../results/models/2p/w_01/backflowCTNN.pt,dx_head@dx_head,pooled_BxH,512,2,1.0688873255082205,1.0250412866449923,2.099205526008124,0.9876322694537478,0.012367730541470416,nan,nan,nan,
2,0p1,0.1,w_01,../results/models/2p/w_01,../results/models/2p/w_01/f_netCTNN.pt,../results/models/2p/w_01/backflowCTNN.pt,dx_head@dx_head,node_instances,1024,2,1.1738935450114565,1.0780757238967997,1.3399497420901474,0.9623735649880194,0.037626435009590946,nan,nan,nan,
2,0p1,0.1,w_01,../results/models/2p/w_01,../results/models/2p/w_01/f_netCTNN.pt,../results/models/2p/w_01/backflowCTNN.pt,dx_head@dx_head,edge_instances,,,,,,,,,,,empty
2,0p1,0.1,w_01,../results/models/2p/w_01,../results/models/2p/w_01/f_netCTNN.pt,../results/models/2p/w_01/backflowCTNN.pt,edge_embed@edge_embed,pooled_BxH,512,128,1.0538760045390005,1.0158966784747123,2.095644621571254,0.9921285635213547,0.005407242917503949,0.0018539422891629715,0.9993897487280217,0.9999999112803823,
2,0p1,0.1,w_01,../results/models/2p/w_01,../results/models/2p/w_01/f_netCTNN.pt,../results/models/2p/w_01/backflowCTNN.pt,edge_embed@edge_embed,node_instances,,,,,,,,,,,empty
2,0p1,0.1,w_01,../results/models/2p/w_01,../results/models/2p/w_01/f_netCTNN.pt,../results/models/2p/w_01/backflowCTNN.pt,edge_embed@edge_embed,edge_instances,1024,128,2.0990259399041404,1.6328511183123229,1.303398563010135,0.7645448559069392,0.1458441069700008,0.08126722394278166,0.9916561868197217,0.9999824949117286,
2,0p1,0.1,w_01,../results/models/2p/w_01,../results/models/2p/w_01/f_netCTNN.pt,../results/models/2p/w_01/backflowCTNN.pt,edge_update@edge_update,pooled_BxH,512,128,1.1383635632896318,1.046801927727479,3.2396315371974285,0.977249649451754,0.015691238624717437,0.005131298950886758,0.9980721870273581,0.9999670832664015,
2,0p1,0.1,w_01,../results/models/2p/w_01,../results/models/2p/w_01/f_netCTNN.pt,../results/models/2p/w_01/backflowCTNN.pt,edge_update@edge_update,node_instances,,,,,,,,,,,empty
2,0p1,0.1,w_01,../results/models/2p/w_01,../results/models/2p/w_01/f_netCTNN.pt,../results/models/2p/w_01/backflowCTNN.pt,edge_update@edge_update,edge_instances,1024,128,2.11388872851283,1.6089904434874522,1.9078290622832308,0.7709937991160494,0.15379955782876797,0.05763761293677227,0.9824309698815896,0.9997161332584658,
2,0p1,0.1,w_01,../results/models/2p/w_01,../results/models/2p/w_01/f_netCTNN.pt,../results/models/2p/w_01/backflowCTNN.pt,node_embed@node_embed,pooled_BxH,512,128,1.9708997383718798,1.9433125006862264,2.1774178705813183,0.5853969448957378,0.41460305492151384,1.4390896028926523e-12,0.9999999998186907,0.9999999998287638,
2,0p1,0.1,w_01,../results/models/2p/w_01,../results/models/2p/w_01/f_netCTNN.pt,../results/models/2p/w_01/backflowCTNN.pt,node_embed@node_embed,node_instances,1024,128,2.412282046242101,2.0426012323135376,1.3069561015965676,0.6551005092831896,0.1940982095702427,0.1508012811249927,0.999999999978425,0.9999999999796242,
2,0p1,0.1,w_01,../results/models/2p/w_01,../results/models/2p/w_01/f_netCTNN.pt,../results/models/2p/w_01/backflowCTNN.pt,node_embed@node_embed,edge_instances,,,,,,,,,,,empty
2,0p1,0.1,w_01,../results/models/2p/w_01,../results/models/2p/w_01/f_netCTNN.pt,../results/models/2p/w_01/backflowCTNN.pt,node_update@node_update,pooled_BxH,512,128,1.0542095447144673,1.0164757747936182,2.7979874880034625,0.991843654002751,0.005574507490680561,0.002523108768085561,0.9999412702615171,0.9999993758466238,
2,0p1,0.1,w_01,../results/models/2p/w_01,../results/models/2p/w_01/f_netCTNN.pt,../results/models/2p/w_01/backflowCTNN.pt,node_update@node_update,node_instances,1024,128,1.4965689859795563,1.2422898757277465,1.6676927963525146,0.8926813698821776,0.08888530688120992,0.012145479041476448,0.9937121558048639,0.9999918534142097,
2,0p1,0.1,w_01,../results/models/2p/w_01,../results/models/2p/w_01/f_netCTNN.pt,../results/models/2p/w_01/backflowCTNN.pt,node_update@node_update,edge_instances,,,,,,,,,,,empty
2,0p1,0.1,w_01,../results/models/2p/w_01,../results/models/2p/w_01/f_netCTNN.pt,../results/models/2p/w_01/backflowCTNN.pt,rho_e_to_v@rho_e_to_v,pooled_BxH,512,128,1.0276645443069456,1.0072546178475585,2.6148195161855425,0.9963890068469563,0.0023749444939159276,0.0009560914911752939,0.9997200428320475,0.9999959912601396,
2,0p1,0.1,w_01,../results/models/2p/w_01,../results/models/2p/w_01/f_netCTNN.pt,../results/models/2p/w_01/backflowCTNN.pt,rho_e_to_v@rho_e_to_v,node_instances,,,,,,,,,,,empty
2,0p1,0.1,w_01,../results/models/2p/w_01,../results/models/2p/w_01/f_netCTNN.pt,../results/models/2p/w_01/backflowCTNN.pt,rho_e_to_v@rho_e_to_v,edge_instances,1024,128,1.2857067326532248,1.1106028153590923,1.7525172231824437,0.9482121570385422,0.03211022099594591,0.01646904752560704,0.9967914255600953,0.9999567839638269,
2,0p1,0.1,w_01,../results/models/2p/w_01,../results/models/2p/w_01/f_netCTNN.pt,../results/models/2p/w_01/backflowCTNN.pt,rho_v_to_e@rho_v_to_e,pooled_BxH,1024,128,1.995616309958247,1.9912676880681621,0.929659903902087,0.5331108113577437,0.4668891884047463,1.8703618058262514e-12,0.9999999997643604,0.9999999997774517,
2,0p1,0.1,w_01,../results/models/2p/w_01,../results/models/2p/w_01/f_netCTNN.pt,../results/models/2p/w_01/backflowCTNN.pt,rho_v_to_e@rho_v_to_e,node_instances,,,,,,,,,,,empty
2,0p1,0.1,w_01,../results/models/2p/w_01,../results/models/2p/w_01/f_netCTNN.pt,../results/models/2p/w_01/backflowCTNN.pt,rho_v_to_e@rho_v_to_e,edge_instances,2048,128,1.8281499012116857,1.4641220969557454,0.8846227657442808,0.8159220260631027,0.10492394468348215,0.07915402923840774,0.9999999999849926,0.9999999999858267,
2,0p01,0.01,w_00,../results/models/2p/w_00,../results/models/2p/w_00/f_netCTNN_01.pt,../results/models/2p/w_00/backflowCTNN_01.pt,dx_head@dx_head,pooled_BxH,512,2,1.0799872779736972,1.029991310909911,2.1934315555002764,0.9852226173507349,0.014777382649148019,nan,nan,nan,
2,0p01,0.01,w_00,../results/models/2p/w_00,../results/models/2p/w_00/f_netCTNN_01.pt,../results/models/2p/w_00/backflowCTNN_01.pt,dx_head@dx_head,node_instances,1024,2,1.2458861680570699,1.1214158378883972,1.3244432388351757,0.9425663061010233,0.05743369389888827,nan,nan,nan,
2,0p01,0.01,w_00,../results/models/2p/w_00,../results/models/2p/w_00/f_netCTNN_01.pt,../results/models/2p/w_00/backflowCTNN_01.pt,dx_head@dx_head,edge_instances,,,,,,,,,,,empty
2,0p01,0.01,w_00,../results/models/2p/w_00,../results/models/2p/w_00/f_netCTNN_01.pt,../results/models/2p/w_00/backflowCTNN_01.pt,edge_embed@edge_embed,pooled_BxH,512,128,1.3632575653475627,1.182718737330867,2.049199091961503,0.9160687253856127,0.07948453438746361,0.0029732195819581896,0.9985264793550345,0.999999765378129,
2,0p01,0.01,w_00,../results/models/2p/w_00,../results/models/2p/w_00/f_netCTNN_01.pt,../results/models/2p/w_00/backflowCTNN_01.pt,edge_embed@edge_embed,node_instances,,,,,,,,,,,empty
2,0p01,0.01,w_00,../results/models/2p/w_00,../results/models/2p/w_00/f_netCTNN_01.pt,../results/models/2p/w_00/backflowCTNN_01.pt,edge_embed@edge_embed,edge_instances,1024,128,2.485881667335707,1.8258527435292962,1.3032408981522074,0.7219385144567116,0.1196300610209212,0.08760564323640528,0.9291742187140382,0.999918714400558,
2,0p01,0.01,w_00,../results/models/2p/w_00,../results/models/2p/w_00/f_netCTNN_01.pt,../results/models/2p/w_00/backflowCTNN_01.pt,edge_update@edge_update,pooled_BxH,512,128,2.1053161905804365,1.6546897431805312,3.118856912188834,0.7519531282870585,0.19319015431790332,0.038388251853809355,0.9835315344587712,0.9997688551298987,
2,0p01,0.01,w_00,../results/models/2p/w_00,../results/models/2p/w_00/f_netCTNN_01.pt,../results/models/2p/w_00/backflowCTNN_01.pt,edge_update@edge_update,node_instances,,,,,,,,,,,empty
2,0p01,0.01,w_00,../results/models/2p/w_00,../results/models/2p/w_00/f_netCTNN_01.pt,../results/models/2p/w_00/backflowCTNN_01.pt,edge_update@edge_update,edge_instances,1024,128,2.7135915854148207,1.911993483192399,2.2020187159857523,0.6953253616160414,0.18847817737289413,0.055883794550409344,0.939687333539345,0.9986507565971905,
2,0p01,0.01,w_00,../results/models/2p/w_00,../results/models/2p/w_00/f_netCTNN_01.pt,../results/models/2p/w_00/backflowCTNN_01.pt,node_embed@node_embed,pooled_BxH,512,128,1.9990229037344678,1.998047540258802,2.246347043401334,0.5156299721183866,0.4843700277307756,1.1877784598292621e-12,0.99999999985035,0.9999999998586642,
2,0p01,0.01,w_00,../results/models/2p/w_00,../results/models/2p/w_00/f_netCTNN_01.pt,../results/models/2p/w_00/backflowCTNN_01.pt,node_embed@node_embed,node_instances,1024,128,2.4602642063227234,2.1007191808622587,1.3660907419194623,0.6414283320991516,0.19174229290995676,0.16682937496133046,0.9999999999704389,0.9999999999720816,
2,0p01,0.01,w_00,../results/models/2p/w_00,../results/models/2p/w_00/f_netCTNN_01.pt,../results/models/2p/w_00/backflowCTNN_01.pt,node_embed@node_embed,edge_instances,,,,,,,,,,,empty
2,0p01,0.01,w_00,../results/models/2p/w_00,../results/models/2p/w_00/f_netCTNN_01.pt,../results/models/2p/w_00/backflowCTNN_01.pt,node_update@node_update,pooled_BxH,512,128,1.1222608941079566,1.0409685947431349,2.8424471773380655,0.9800168202714842,0.013550064308072384,0.005157229652516916,0.9987241142320735,0.9999826930540088,
2,0p01,0.01,w_00,../results/models/2p/w_00,../results/models/2p/w_00/f_netCTNN_01.pt,../results/models/2p/w_00/backflowCTNN_01.pt,node_update@node_update,node_instances,1024,128,1.2859400570002184,1.1039756166960952,1.8713169156036689,0.9511974614265516,0.030337032579738077,0.009293190692623335,0.990827684698913,0.9999089978119713,
2,0p01,0.01,w_00,../results/models/2p/w_00,../results/models/2p/w_00/f_netCTNN_01.pt,../results/models/2p/w_00/backflowCTNN_01.pt,node_update@node_update,edge_instances,,,,,,,,,,,empty
2,0p01,0.01,w_00,../results/models/2p/w_00,../results/models/2p/w_00/f_netCTNN_01.pt,../results/models/2p/w_00/backflowCTNN_01.pt,rho_e_to_v@rho_e_to_v,pooled_BxH,512,128,1.5488663252543802,1.2773250759424501,2.8265814672896887,0.878746823635332,0.10236397935972286,0.014177030255789943,0.9952878332508448,0.9999604550667244,
2,0p01,0.01,w_00,../results/models/2p/w_00,../results/models/2p/w_00/f_netCTNN_01.pt,../results/models/2p/w_00/backflowCTNN_01.pt,rho_e_to_v@rho_e_to_v,node_instances,,,,,,,,,,,empty
2,0p01,0.01,w_00,../results/models/2p/w_00,../results/models/2p/w_00/f_netCTNN_01.pt,../results/models/2p/w_00/backflowCTNN_01.pt,rho_e_to_v@rho_e_to_v,edge_instances,1024,128,1.7998081299215152,1.384037136992851,2.1640296755704034,0.8417071959401016,0.11582958780041122,0.02298179076834707,0.9805185745088598,0.9997480574991334,
2,0p01,0.01,w_00,../results/models/2p/w_00,../results/models/2p/w_00/f_netCTNN_01.pt,../results/models/2p/w_00/backflowCTNN_01.pt,rho_v_to_e@rho_v_to_e,pooled_BxH,1024,128,1.964905436742801,1.931999975465194,0.9397815611509512,0.5938039189564928,0.4061960808352239,1.6401060998529207e-12,0.9999999997933567,0.9999999998048373,
2,0p01,0.01,w_00,../results/models/2p/w_00,../results/models/2p/w_00/f_netCTNN_01.pt,../results/models/2p/w_00/backflowCTNN_01.pt,rho_v_to_e@rho_v_to_e,node_instances,,,,,,,,,,,empty
2,0p01,0.01,w_00,../results/models/2p/w_00,../results/models/2p/w_00/f_netCTNN_01.pt,../results/models/2p/w_00/backflowCTNN_01.pt,rho_v_to_e@rho_v_to_e,edge_instances,2048,128,2.7751133297192982,2.582809722321915,0.9134481884385068,0.5172005462657956,0.28096731917608675,0.20183213450579673,0.9999999999476791,0.9999999999505861,
2,0p001,0.001,w_00,../results/models/2p/w_00,../results/models/2p/w_00/f_netCTNN_001.pt,../results/models/2p/w_00/backflowCTNN_001.pt,dx_head@dx_head,pooled_BxH,512,2,1.0936266389291118,1.0363109666849908,2.3821713701561134,0.9821624838155405,0.017837516184116626,nan,nan,nan,
2,0p001,0.001,w_00,../results/models/2p/w_00,../results/models/2p/w_00/f_netCTNN_001.pt,../results/models/2p/w_00/backflowCTNN_001.pt,dx_head@dx_head,node_instances,1024,2,1.4391216538929232,1.264217882648221,1.3737271342823163,0.8814465172058173,0.11855348279390603,nan,nan,nan,
2,0p001,0.001,w_00,../results/models/2p/w_00,../results/models/2p/w_00/f_netCTNN_001.pt,../results/models/2p/w_00/backflowCTNN_001.pt,dx_head@dx_head,edge_instances,,,,,,,,,,,empty
2,0p001,0.001,w_00,../results/models/2p/w_00,../results/models/2p/w_00/f_netCTNN_001.pt,../results/models/2p/w_00/backflowCTNN_001.pt,edge_embed@edge_embed,pooled_BxH,512,128,1.0646499347945126,1.0196271916468465,1.2694307676283922,0.990301907684957,0.006964348570269077,0.00198948677536639,0.9992557430305924,0.9999967011649674,
2,0p001,0.001,w_00,../results/models/2p/w_00,../results/models/2p/w_00/f_netCTNN_001.pt,../results/models/2p/w_00/backflowCTNN_001.pt,edge_embed@edge_embed,node_instances,,,,,,,,,,,empty
2,0p001,0.001,w_00,../results/models/2p/w_00,../results/models/2p/w_00/f_netCTNN_001.pt,../results/models/2p/w_00/backflowCTNN_001.pt,edge_embed@edge_embed,edge_instances,1024,128,1.2266553631266288,1.0764355885080152,1.3253838312427169,0.9636084602062123,0.018196247768935338,0.009020122480545822,0.9908248304556935,0.9999432210387736,
2,0p001,0.001,w_00,../results/models/2p/w_00,../results/models/2p/w_00/f_netCTNN_001.pt,../results/models/2p/w_00/backflowCTNN_001.pt,edge_update@edge_update,pooled_BxH,512,128,1.295240545270342,1.105038873506603,3.4128958253786448,0.9508509320584101,0.022107800480431743,0.017085180857685005,0.9900439133965268,0.9997649732550142,
2,0p001,0.001,w_00,../results/models/2p/w_00,../results/models/2p/w_00/f_netCTNN_001.pt,../results/models/2p/w_00/backflowCTNN_001.pt,edge_update@edge_update,node_instances,,,,,,,,,,,empty
2,0p001,0.001,w_00,../results/models/2p/w_00,../results/models/2p/w_00/f_netCTNN_001.pt,../results/models/2p/w_00/backflowCTNN_001.pt,edge_update@edge_update,edge_instances,1024,128,1.4540677767579235,1.1563896398439062,2.291010708398803,0.9293031123115462,0.024378996941415192,0.017984367668298296,0.9716664769212596,0.999232067724151,
2,0p001,0.001,w_00,../results/models/2p/w_00,../results/models/2p/w_00/f_netCTNN_001.pt,../results/models/2p/w_00/backflowCTNN_001.pt,node_embed@node_embed,pooled_BxH,512,128,1.9990940898836065,1.9981896796476508,2.3512721583094027,0.5150497532592808,0.48495024670985876,2.4316194264152255e-13,0.9999999999693827,0.999999999971084,
2,0p001,0.001,w_00,../results/models/2p/w_00,../results/models/2p/w_00/f_netCTNN_001.pt,../results/models/2p/w_00/backflowCTNN_001.pt,node_embed@node_embed,node_instances,1024,128,2.982826049538295,2.966230808483328,1.451325203812135,0.374865927355628,0.33713748781075104,0.2879965848214285,0.9999999999878075,0.9999999999884853,
2,0p001,0.001,w_00,../results/models/2p/w_00,../results/models/2p/w_00/f_netCTNN_001.pt,../results/models/2p/w_00/backflowCTNN_001.pt,node_embed@node_embed,edge_instances,,,,,,,,,,,empty
2,0p001,0.001,w_00,../results/models/2p/w_00,../results/models/2p/w_00/f_netCTNN_001.pt,../results/models/2p/w_00/backflowCTNN_001.pt,node_update@node_update,pooled_BxH,512,128,1.151682858578181,1.0448085118271049,3.7883416214215586,0.9782595186502325,0.008063024407976032,0.00661248567765218,0.9929350287358607,0.9995196072788848,
2,0p001,0.001,w_00,../results/models/2p/w_00,../results/models/2p/w_00/f_netCTNN_001.pt,../results/models/2p/w_00/backflowCTNN_001.pt,node_update@node_update,node_instances,1024,128,1.476649913396814,1.174251795851745,2.0692675414667305,0.9216927626467715,0.03703835074892218,0.026100884321699106,0.9848319977173927,0.9983072735005399,
2,0p001,0.001,w_00,../results/models/2p/w_00,../results/models/2p/w_00/f_netCTNN_001.pt,../results/models/2p/w_00/backflowCTNN_001.pt,node_update@node_update,edge_instances,,,,,,,,,,,empty
2,0p001,0.001,w_00,../results/models/2p/w_00,../results/models/2p/w_00/f_netCTNN_001.pt,../results/models/2p/w_00/backflowCTNN_001.pt,rho_e_to_v@rho_e_to_v,pooled_BxH,512,128,1.1287410857156974,1.040788607503976,3.293031878155937,0.9801361387627835,0.009958612285170119,0.005669325391690946,0.9957640764396446,0.999971480621557,
2,0p001,0.001,w_00,../results/models/2p/w_00,../results/models/2p/w_00/f_netCTNN_001.pt,../results/models/2p/w_00/backflowCTNN_001.pt,rho_e_to_v@rho_e_to_v,node_instances,,,,,,,,,,,empty
2,0p001,0.001,w_00,../results/models/2p/w_00,../results/models/2p/w_00/f_netCTNN_001.pt,../results/models/2p/w_00/backflowCTNN_001.pt,rho_e_to_v@rho_e_to_v,edge_instances,1024,128,1.190071103948431,1.0601853019901444,2.3050602541305056,0.9710827539764858,0.011630184241514482,0.007132144304475874,0.9898450825224762,0.9999167165115089,
2,0p001,0.001,w_00,../results/models/2p/w_00,../results/models/2p/w_00/f_netCTNN_001.pt,../results/models/2p/w_00/backflowCTNN_001.pt,rho_v_to_e@rho_v_to_e,pooled_BxH,1024,128,1.98750962246333,1.9753020809467465,1.0074891867970972,0.5559092194426738,0.4440907804289991,1.010607154377728e-12,0.9999999998726835,0.9999999998797567,
2,0p001,0.001,w_00,../results/models/2p/w_00,../results/models/2p/w_00/f_netCTNN_001.pt,../results/models/2p/w_00/backflowCTNN_001.pt,rho_v_to_e@rho_v_to_e,node_instances,,,,,,,,,,,empty
2,0p001,0.001,w_00,../results/models/2p/w_00,../results/models/2p/w_00/f_netCTNN_001.pt,../results/models/2p/w_00/backflowCTNN_001.pt,rho_v_to_e@rho_v_to_e,edge_instances,2048,128,2.1090505501804766,2.038765566313284,1.0093499895079843,0.5244546965703833,0.46401200091337574,0.011533302450695103,0.9999999999344541,0.999999999938096,
6,1,1.0,w_10,../results/models/6p/w_10,../results/models/6p/w_10/f_netCTNN.pt,../results/models/6p/w_10/backflowCTNN.pt,dx_head@dx_head,pooled_BxH,512,2,1.9237151177391985,1.8574166369919625,2.135974598372198,0.6385317923489087,0.3614682074162725,nan,nan,nan,
6,1,1.0,w_10,../results/models/6p/w_10,../results/models/6p/w_10/f_netCTNN.pt,../results/models/6p/w_10/backflowCTNN.pt,dx_head@dx_head,node_instances,3072,2,1.998704266901272,1.9974116079764679,1.6017877347453733,0.5179991179596953,0.48200088203206826,nan,nan,nan,
6,1,1.0,w_10,../results/models/6p/w_10,../results/models/6p/w_10/f_netCTNN.pt,../results/models/6p/w_10/backflowCTNN.pt,dx_head@dx_head,edge_instances,,,,,,,,,,,empty
6,1,1.0,w_10,../results/models/6p/w_10,../results/models/6p/w_10/f_netCTNN.pt,../results/models/6p/w_10/backflowCTNN.pt,edge_embed@edge_embed,pooled_BxH,512,128,1.0803983623949076,1.0223852923864036,3.8411472109904747,0.9889742479766013,0.004299838892447297,0.0036420741226394224,0.996916160991688,0.999913581972383,
6,1,1.0,w_10,../results/models/6p/w_10,../results/models/6p/w_10/f_netCTNN.pt,../results/models/6p/w_10/backflowCTNN.pt,edge_embed@edge_embed,node_instances,,,,,,,,,,,empty
6,1,1.0,w_10,../results/models/6p/w_10,../results/models/6p/w_10/f_netCTNN.pt,../results/models/6p/w_10/backflowCTNN.pt,edge_embed@edge_embed,edge_instances,15360,128,2.527606743337967,1.7761655719150868,2.016340956632211,0.7290170922093291,0.1661286104957948,0.06003521835480588,0.9551809210599298,0.9975061548927833,
6,1,1.0,w_10,../results/models/6p/w_10,../results/models/6p/w_10/f_netCTNN.pt,../results/models/6p/w_10/backflowCTNN.pt,edge_update@edge_update,pooled_BxH,512,128,3.4559135346329852,2.4406850819295496,5.658181040000677,0.5925806218487946,0.19626014622884957,0.13706915201310627,0.9259099200907503,0.9934663002191837,
6,1,1.0,w_10,../results/models/6p/w_10,../results/models/6p/w_10/f_netCTNN.pt,../results/models/6p/w_10/backflowCTNN.pt,edge_update@edge_update,node_instances,,,,,,,,,,,empty
6,1,1.0,w_10,../results/models/6p/w_10,../results/models/6p/w_10/f_netCTNN.pt,../results/models/6p/w_10/backflowCTNN.pt,edge_update@edge_update,edge_instances,15360,128,8.368282948816702,5.525109973915757,4.034248271535035,0.3335431291077458,0.18853477489472534,0.10962669850176975,0.6317046025042409,0.949934971487565,
6,1,1.0,w_10,../results/models/6p/w_10,../results/models/6p/w_10/f_netCTNN.pt,../results/models/6p/w_10/backflowCTNN.pt,node_embed@node_embed,pooled_BxH,512,128,1.98725100793611,1.9747966259974803,2.1645197035414143,0.5564856537773267,0.4435143461687794,4.245429420105226e-13,0.9999999999465307,0.9999999999495015,
6,1,1.0,w_10,../results/models/6p/w_10,../results/models/6p/w_10/f_netCTNN.pt,../results/models/6p/w_10/backflowCTNN.pt,node_embed@node_embed,node_instances,3072,128,2.4533609992489716,2.2812431411360103,1.5370651312808186,0.48954077368300036,0.44019312631234586,0.07026610000174227,0.9999999999970884,0.9999999999972505,
6,1,1.0,w_10,../results/models/6p/w_10,../results/models/6p/w_10/f_netCTNN.pt,../results/models/6p/w_10/backflowCTNN.pt,node_embed@node_embed,edge_instances,,,,,,,,,,,empty
6,1,1.0,w_10,../results/models/6p/w_10,../results/models/6p/w_10/f_netCTNN.pt,../results/models/6p/w_10/backflowCTNN.pt,node_update@node_update,pooled_BxH,512,128,2.8392497423196748,2.2675331143454347,4.839797996022243,0.5741243560239666,0.3266933232805509,0.06640939478520555,0.9672270740897231,0.9958921665915215,
6,1,1.0,w_10,../results/models/6p/w_10,../results/models/6p/w_10/f_netCTNN.pt,../results/models/6p/w_10/backflowCTNN.pt,node_update@node_update,node_instances,3072,128,2.3790964934947243,2.085617455499793,2.8399600858863994,0.5584905233675358,0.4090765363855873,0.0114638013333648,0.9790308610864878,0.9977652346446327,
6,1,1.0,w_10,../results/models/6p/w_10,../results/models/6p/w_10/f_netCTNN.pt,../results/models/6p/w_10/backflowCTNN.pt,node_update@node_update,edge_instances,,,,,,,,,,,empty
6,1,1.0,w_10,../results/models/6p/w_10,../results/models/6p/w_10/f_netCTNN.pt,../results/models/6p/w_10/backflowCTNN.pt,rho_e_to_v@rho_e_to_v,pooled_BxH,512,128,3.2841100760883166,2.492468809365652,5.09287000055184,0.5728674230753704,0.22074827235897865,0.15347279672189149,0.9470884921562406,0.9971076308454813,
6,1,1.0,w_10,../results/models/6p/w_10,../results/models/6p/w_10/f_netCTNN.pt,../results/models/6p/w_10/backflowCTNN.pt,rho_e_to_v@rho_e_to_v,node_instances,,,,,,,,,,,empty
6,1,1.0,w_10,../results/models/6p/w_10,../results/models/6p/w_10/f_netCTNN.pt,../results/models/6p/w_10/backflowCTNN.pt,rho_e_to_v@rho_e_to_v,edge_instances,15360,128,6.252232175093017,4.630950310280178,4.065945102911525,0.3132352986038039,0.2641875437988143,0.1960886128470998,0.773511455249718,0.981775158483785,
6,1,1.0,w_10,../results/models/6p/w_10,../results/models/6p/w_10/f_netCTNN.pt,../results/models/6p/w_10/backflowCTNN.pt,rho_v_to_e@rho_v_to_e,pooled_BxH,1024,128,1.9944128205221867,1.988882578186946,0.8990307001174905,0.5373824257756005,0.4626175741511009,5.772726325789768e-13,0.9999999999272786,0.9999999999313189,
6,1,1.0,w_10,../results/models/6p/w_10,../results/models/6p/w_10/f_netCTNN.pt,../results/models/6p/w_10/backflowCTNN.pt,rho_v_to_e@rho_v_to_e,node_instances,,,,,,,,,,,empty
6,1,1.0,w_10,../results/models/6p/w_10,../results/models/6p/w_10/f_netCTNN.pt,../results/models/6p/w_10/backflowCTNN.pt,rho_v_to_e@rho_v_to_e,edge_instances,30720,128,2.8713481316049236,2.7745091166032387,1.5150131516203418,0.4239629196498224,0.37395514864077634,0.20208193170598862,0.9999999999965874,0.9999999999967772,
6,0p5,0.5,w_05,../results/models/6p/w_05,../results/models/6p/w_05/f_netCTNN.pt,../results/models/6p/w_05/backflowCTNN.pt,dx_head@dx_head,pooled_BxH,512,2,1.932394366203559,1.8726895277706246,2.2334783419254256,0.6303674307132494,0.36963256918118975,nan,nan,nan,
6,0p5,0.5,w_05,../results/models/6p/w_05,../results/models/6p/w_05/f_netCTNN.pt,../results/models/6p/w_05/backflowCTNN.pt,dx_head@dx_head,node_instances,3072,2,1.992101634047362,1.984316834641343,1.6110815069604472,0.5444509816755441,0.45554901832313854,nan,nan,nan,
6,0p5,0.5,w_05,../results/models/6p/w_05,../results/models/6p/w_05/f_netCTNN.pt,../results/models/6p/w_05/backflowCTNN.pt,dx_head@dx_head,edge_instances,,,,,,,,,,,empty
6,0p5,0.5,w_05,../results/models/6p/w_05,../results/models/6p/w_05/f_netCTNN.pt,../results/models/6p/w_05/backflowCTNN.pt,edge_embed@edge_embed,pooled_BxH,512,128,1.208638749741436,1.0681724318032164,4.280387304530455,0.9673922423832994,0.014428658624386251,0.009818253299678174,0.9916391543073638,0.999910410711259,
6,0p5,0.5,w_05,../results/models/6p/w_05,../results/models/6p/w_05/f_netCTNN.pt,../results/models/6p/w_05/backflowCTNN.pt,edge_embed@edge_embed,node_instances,,,,,,,,,,,empty
6,0p5,0.5,w_05,../results/models/6p/w_05,../results/models/6p/w_05/f_netCTNN.pt,../results/models/6p/w_05/backflowCTNN.pt,edge_embed@edge_embed,edge_instances,15360,128,3.633503952100051,2.5892971412059542,1.9876233231512366,0.5656880890242739,0.21900201758048826,0.12917889067248298,0.9138689972772452,0.9960504227780743,
6,0p5,0.5,w_05,../results/models/6p/w_05,../results/models/6p/w_05/f_netCTNN.pt,../results/models/6p/w_05/backflowCTNN.pt,edge_update@edge_update,pooled_BxH,512,128,4.349377539275211,3.016310605074207,6.485109678847417,0.5082406965867419,0.20976711375888707,0.1633905075554795,0.8813983179011083,0.9889139010942332,
6,0p5,0.5,w_05,../results/models/6p/w_05,../results/models/6p/w_05/f_netCTNN.pt,../results/models/6p/w_05/backflowCTNN.pt,edge_update@edge_update,node_instances,,,,,,,,,,,empty
6,0p5,0.5,w_05,../results/models/6p/w_05,../results/models/6p/w_05/f_netCTNN.pt,../results/models/6p/w_05/backflowCTNN.pt,edge_update@edge_update,edge_instances,15360,128,9.58634232389204,6.672081783358079,3.7042908894513342,0.26754086970847635,0.17284070916093028,0.14726283095688686,0.5876444098262935,0.9386162618389784,
6,0p5,0.5,w_05,../results/models/6p/w_05,../results/models/6p/w_05/f_netCTNN.pt,../results/models/6p/w_05/backflowCTNN.pt,node_embed@node_embed,pooled_BxH,512,128,1.9927275404623117,1.9855514041671236,2.1467197313840014,0.5426522812023723,0.45734771869377877,8.179489123682397e-13,0.999999999896969,0.9999999999026933,
6,0p5,0.5,w_05,../results/models/6p/w_05,../results/models/6p/w_05/f_netCTNN.pt,../results/models/6p/w_05/backflowCTNN.pt,node_embed@node_embed,node_instances,3072,128,2.651649806261816,2.4835770561005286,1.5399119531778978,0.4556031081603475,0.4253109318891784,0.11908595994572978,0.9999999999952557,0.9999999999955196,
6,0p5,0.5,w_05,../results/models/6p/w_05,../results/models/6p/w_05/f_netCTNN.pt,../results/models/6p/w_05/backflowCTNN.pt,node_embed@node_embed,edge_instances,,,,,,,,,,,empty
6,0p5,0.5,w_05,../results/models/6p/w_05,../results/models/6p/w_05/f_netCTNN.pt,../results/models/6p/w_05/backflowCTNN.pt,node_update@node_update,pooled_BxH,512,128,3.1041623935185223,2.4624945330956254,5.0545438238149,0.5118313237113084,0.37137982272702985,0.07726110657557811,0.9604722530139163,0.992492973372367,
6,0p5,0.5,w_05,../results/models/6p/w_05,../results/models/6p/w_05/f_netCTNN.pt,../results/models/6p/w_05/backflowCTNN.pt,node_update@node_update,node_instances,3072,128,2.3573862686140714,2.0838688535392578,2.824409291092347,0.5504848212014203,0.42032982269641067,0.010130182134019691,0.9809448260318506,0.9974263263725478,
6,0p5,0.5,w_05,../results/models/6p/w_05,../results/models/6p/w_05/f_netCTNN.pt,../results/models/6p/w_05/backflowCTNN.pt,node_update@node_update,edge_instances,,,,,,,,,,,empty
6,0p5,0.5,w_05,../results/models/6p/w_05,../results/models/6p/w_05/f_netCTNN.pt,../results/models/6p/w_05/backflowCTNN.pt,rho_e_to_v@rho_e_to_v,pooled_BxH,512,128,3.91607357265256,2.943651299716668,5.739330389628789,0.49886820737849075,0.23572394157444776,0.1843068702599709,0.9188990192129094,0.9935274927410417,
6,0p5,0.5,w_05,../results/models/6p/w_05,../results/models/6p/w_05/f_netCTNN.pt,../results/models/6p/w_05/backflowCTNN.pt,rho_e_to_v@rho_e_to_v,node_instances,,,,,,,,,,,empty
6,0p5,0.5,w_05,../results/models/6p/w_05,../results/models/6p/w_05/f_netCTNN.pt,../results/models/6p/w_05/backflowCTNN.pt,rho_e_to_v@rho_e_to_v,edge_instances,15360,128,7.548877205343766,5.702050965204981,3.8185599110903246,0.26983484182686607,0.23059580810044836,0.1661425553826461,0.6665732053099606,0.9753412816216089,
6,0p5,0.5,w_05,../results/models/6p/w_05,../results/models/6p/w_05/f_netCTNN.pt,../results/models/6p/w_05/backflowCTNN.pt,rho_v_to_e@rho_v_to_e,pooled_BxH,1024,128,1.999401258275371,1.9988031607346026,0.9099884433721257,0.5122349722207806,0.48776502766061475,9.341066480107036e-13,0.9999999998823295,0.9999999998888669,
6,0p5,0.5,w_05,../results/models/6p/w_05,../results/models/6p/w_05/f_netCTNN.pt,../results/models/6p/w_05/backflowCTNN.pt,rho_v_to_e@rho_v_to_e,node_instances,,,,,,,,,,,empty
6,0p5,0.5,w_05,../results/models/6p/w_05,../results/models/6p/w_05/f_netCTNN.pt,../results/models/6p/w_05/backflowCTNN.pt,rho_v_to_e@rho_v_to_e,edge_instances,30720,128,2.990251786422597,2.9804310222762576,1.5420406849165529,0.3693957071274429,0.32620776249389094,0.3043965303745803,0.9999999999959142,0.9999999999961414,
6,0p1,0.1,w_01,../results/models/6p/w_01,../results/models/6p/w_01/f_netCTNN.pt,../results/models/6p/w_01/backflowCTNN.pt,dx_head@dx_head,pooled_BxH,512,2,1.3227732530313556,1.173518190188467,2.1589398223902805,0.9196060498674807,0.08039395013203827,nan,nan,nan,
6,0p1,0.1,w_01,../results/models/6p/w_01,../results/models/6p/w_01/f_netCTNN.pt,../results/models/6p/w_01/backflowCTNN.pt,dx_head@dx_head,node_instances,3072,2,1.9940552690201239,1.9881749841191159,1.5678411497208198,0.5385605809339244,0.46143941906598973,nan,nan,nan,
6,0p1,0.1,w_01,../results/models/6p/w_01,../results/models/6p/w_01/f_netCTNN.pt,../results/models/6p/w_01/backflowCTNN.pt,dx_head@dx_head,edge_instances,,,,,,,,,,,empty
6,0p1,0.1,w_01,../results/models/6p/w_01,../results/models/6p/w_01/f_netCTNN.pt,../results/models/6p/w_01/backflowCTNN.pt,edge_embed@edge_embed,pooled_BxH,512,128,1.6133859768310466,1.262011915687027,3.741479844479029,0.887348982612086,0.059950799514158354,0.034719418948579904,0.9820192010748242,0.9999774372300069,
6,0p1,0.1,w_01,../results/models/6p/w_01,../results/models/6p/w_01/f_netCTNN.pt,../results/models/6p/w_01/backflowCTNN.pt,edge_embed@edge_embed,node_instances,,,,,,,,,,,empty
6,0p1,0.1,w_01,../results/models/6p/w_01,../results/models/6p/w_01/f_netCTNN.pt,../results/models/6p/w_01/backflowCTNN.pt,edge_embed@edge_embed,edge_instances,15360,128,3.8141124796198294,3.046158901861926,1.9895154516936417,0.44153284538206683,0.33517192802803986,0.1372840015730495,0.9139887749831562,0.998729458963292,
6,0p1,0.1,w_01,../results/models/6p/w_01,../results/models/6p/w_01/f_netCTNN.pt,../results/models/6p/w_01/backflowCTNN.pt,edge_update@edge_update,pooled_BxH,512,128,2.4869106149448457,1.5901585557949822,6.418987507564077,0.7863750876128852,0.08535604399134954,0.04365050375465839,0.9153816353588932,0.9954634352489842,
6,0p1,0.1,w_01,../results/models/6p/w_01,../results/models/6p/w_01/f_netCTNN.pt,../results/models/6p/w_01/backflowCTNN.pt,edge_update@edge_update,node_instances,,,,,,,,,,,empty
6,0p1,0.1,w_01,../results/models/6p/w_01,../results/models/6p/w_01/f_netCTNN.pt,../results/models/6p/w_01/backflowCTNN.pt,edge_update@edge_update,edge_instances,15360,128,3.2141023875359562,2.102244351757413,2.7405390003823213,0.6646266283446775,0.15669629180978914,0.08465472201478703,0.9059776421692537,0.9928148043754151,
6,0p1,0.1,w_01,../results/models/6p/w_01,../results/models/6p/w_01/f_netCTNN.pt,../results/models/6p/w_01/backflowCTNN.pt,node_embed@node_embed,pooled_BxH,512,128,1.9916176106320977,1.9833630359844765,2.167349626004995,0.5457937231823468,0.4542062763959977,3.320244805688263e-12,0.9999999995816646,0.9999999996049058,
6,0p1,0.1,w_01,../results/models/6p/w_01,../results/models/6p/w_01/f_netCTNN.pt,../results/models/6p/w_01/backflowCTNN.pt,node_embed@node_embed,node_instances,3072,128,2.9548298408178124,2.9146106493642554,1.5296064395304365,0.3909999474603965,0.3533749143803135,0.25562513814527194,0.9999999999859819,0.999999999986761,
6,0p1,0.1,w_01,../results/models/6p/w_01,../results/models/6p/w_01/f_netCTNN.pt,../results/models/6p/w_01/backflowCTNN.pt,node_embed@node_embed,edge_instances,,,,,,,,,,,empty
6,0p1,0.1,w_01,../results/models/6p/w_01,../results/models/6p/w_01/f_netCTNN.pt,../results/models/6p/w_01/backflowCTNN.pt,node_update@node_update,pooled_BxH,512,128,1.7966921020845121,1.3405119775328311,5.706685159036822,0.8573068979155392,0.10365637057275187,0.01371661727133012,0.9746798857596212,0.9937453505622104,
6,0p1,0.1,w_01,../results/models/6p/w_01,../results/models/6p/w_01/f_netCTNN.pt,../results/models/6p/w_01/backflowCTNN.pt,node_update@node_update,node_instances,3072,128,3.5499327209634717,2.6400637613128866,2.6991532761534835,0.5180409626607878,0.31720465434516065,0.09429328382120425,0.9295389008271527,0.992206473232616,
6,0p1,0.1,w_01,../results/models/6p/w_01,../results/models/6p/w_01/f_netCTNN.pt,../results/models/6p/w_01/backflowCTNN.pt,node_update@node_update,edge_instances,,,,,,,,,,,empty
6,0p1,0.1,w_01,../results/models/6p/w_01,../results/models/6p/w_01/f_netCTNN.pt,../results/models/6p/w_01/backflowCTNN.pt,rho_e_to_v@rho_e_to_v,pooled_BxH,512,128,2.089633276145824,1.4131007648619456,6.125152388504402,0.837638634917835,0.06338479728049974,0.03474832479504724,0.9357717569933819,0.9970452764684492,
6,0p1,0.1,w_01,../results/models/6p/w_01,../results/models/6p/w_01/f_netCTNN.pt,../results/models/6p/w_01/backflowCTNN.pt,rho_e_to_v@rho_e_to_v,node_instances,,,,,,,,,,,empty
6,0p1,0.1,w_01,../results/models/6p/w_01,../results/models/6p/w_01/f_netCTNN.pt,../results/models/6p/w_01/backflowCTNN.pt,rho_e_to_v@rho_e_to_v,edge_instances,15360,128,3.8738625647758633,2.889739556695065,2.9096792992244653,0.5150079605304058,0.2291699145411641,0.15825549301660144,0.9024333680881713,0.9948639448722487,
6,0p1,0.1,w_01,../results/models/6p/w_01,../results/models/6p/w_01/f_netCTNN.pt,../results/models/6p/w_01/backflowCTNN.pt,rho_v_to_e@rho_v_to_e,pooled_BxH,1024,128,1.9901920150057126,1.9805587933828022,0.956338338390667,0.5495379197782534,0.4504620796201986,4.7366901620817194e-12,0.9999999994031886,0.9999999994363452,
6,0p1,0.1,w_01,../results/models/6p/w_01,../results/models/6p/w_01/f_netCTNN.pt,../results/models/6p/w_01/backflowCTNN.pt,rho_v_to_e@rho_v_to_e,node_instances,,,,,,,,,,,empty
6,0p1,0.1,w_01,../results/models/6p/w_01,../results/models/6p/w_01/f_netCTNN.pt,../results/models/6p/w_01/backflowCTNN.pt,rho_v_to_e@rho_v_to_e,edge_instances,30720,128,1.9691911425074122,1.5855427464688865,1.5379915349706126,0.7774703682986054,0.13845825473251222,0.08407137696157743,0.9999999999926951,0.9999999999931013,
6,0p01,0.01,w_00,../results/models/6p/w_00,../results/models/6p/w_00/f_netCTNN_01.pt,../results/models/6p/w_00/backflowCTNN_01.pt,dx_head@dx_head,pooled_BxH,512,2,1.1206282915390355,1.0495283157876896,2.101288053214368,0.9758198063049492,0.024180193695036257,nan,nan,nan,
6,0p01,0.01,w_00,../results/models/6p/w_00,../results/models/6p/w_00/f_netCTNN_01.pt,../results/models/6p/w_00/backflowCTNN_01.pt,dx_head@dx_head,node_instances,3072,2,1.5798225786258413,1.3954555960783364,1.5441898537345122,0.829098646548615,0.17090135345137947,nan,nan,nan,
6,0p01,0.01,w_00,../results/models/6p/w_00,../results/models/6p/w_00/f_netCTNN_01.pt,../results/models/6p/w_00/backflowCTNN_01.pt,dx_head@dx_head,edge_instances,,,,,,,,,,,empty
6,0p01,0.01,w_00,../results/models/6p/w_00,../results/models/6p/w_00/f_netCTNN_01.pt,../results/models/6p/w_00/backflowCTNN_01.pt,edge_embed@edge_embed,pooled_BxH,512,128,1.6544865457872542,1.2911204754346195,3.7616826522309053,0.8759920954061599,0.07882850878808613,0.028396166717034522,0.9832167709112805,0.9999536747210938,
6,0p01,0.01,w_00,../results/models/6p/w_00,../results/models/6p/w_00/f_netCTNN_01.pt,../results/models/6p/w_00/backflowCTNN_01.pt,edge_embed@edge_embed,node_instances,,,,,,,,,,,empty
6,0p01,0.01,w_00,../results/models/6p/w_00,../results/models/6p/w_00/f_netCTNN_01.pt,../results/models/6p/w_00/backflowCTNN_01.pt,edge_embed@edge_embed,edge_instances,15360,128,4.191689239990126,3.261756853375827,1.9852607507060842,0.42275753545930195,0.3268471368183361,0.12933222559474047,0.8789368978723785,0.9972226866648282,
6,0p01,0.01,w_00,../results/models/6p/w_00,../results/models/6p/w_00/f_netCTNN_01.pt,../results/models/6p/w_00/backflowCTNN_01.pt,edge_update@edge_update,pooled_BxH,512,128,2.0819155888982066,1.436175836674298,5.621443727499412,0.8297088548016484,0.06904188468224527,0.04910252259889562,0.9478532620827892,0.9969624653198307,
6,0p01,0.01,w_00,../results/models/6p/w_00,../results/models/6p/w_00/f_netCTNN_01.pt,../results/models/6p/w_00/backflowCTNN_01.pt,edge_update@edge_update,node_instances,,,,,,,,,,,empty
6,0p01,0.01,w_00,../results/models/6p/w_00,../results/models/6p/w_00/f_netCTNN_01.pt,../results/models/6p/w_00/backflowCTNN_01.pt,edge_update@edge_update,edge_instances,15360,128,3.7439384409954797,2.581920642122686,2.7641772072857296,0.573826686585105,0.21114677749425784,0.09307448996743664,0.8780479540467995,0.9944675860938099,
6,0p01,0.01,w_00,../results/models/6p/w_00,../results/models/6p/w_00/f_netCTNN_01.pt,../results/models/6p/w_00/backflowCTNN_01.pt,node_embed@node_embed,pooled_BxH,512,128,1.9845155757121244,1.9694646952259203,2.1780686183602413,0.5622582682204659,0.43774173168439795,7.492163599199573e-13,0.9999999999056131,0.9999999999108571,
6,0p01,0.01,w_00,../results/models/6p/w_00,../results/models/6p/w_00/f_netCTNN_01.pt,../results/models/6p/w_00/backflowCTNN_01.pt,node_embed@node_embed,node_instances,3072,128,2.988509171597603,2.977346835500558,1.5743143092527387,0.36640383159119666,0.337960341323863,0.2956358270743562,0.9999999999894158,0.9999999999900042,
6,0p01,0.01,w_00,../results/models/6p/w_00,../results/models/6p/w_00/f_netCTNN_01.pt,../results/models/6p/w_00/backflowCTNN_01.pt,node_embed@node_embed,edge_instances,,,,,,,,,,,empty
6,0p01,0.01,w_00,../results/models/6p/w_00,../results/models/6p/w_00/f_netCTNN_01.pt,../results/models/6p/w_00/backflowCTNN_01.pt,node_update@node_update,pooled_BxH,512,128,1.22658670088253,1.0812223663011318,4.157742515712366,0.9612276278243778,0.03010558082355798,0.0031495788352010855,0.9944827874831368,0.9988172721512025,
6,0p01,0.01,w_00,../results/models/6p/w_00,../results/models/6p/w_00/f_netCTNN_01.pt,../results/models/6p/w_00/backflowCTNN_01.pt,node_update@node_update,node_instances,3072,128,2.258680432045038,1.7088001994718915,2.4432930296254884,0.735685011923132,0.20746726844434357,0.026766714882973438,0.969918995250449,0.9968791291466987,
6,0p01,0.01,w_00,../results/models/6p/w_00,../results/models/6p/w_00/f_netCTNN_01.pt,../results/models/6p/w_00/backflowCTNN_01.pt,node_update@node_update,edge_instances,,,,,,,,,,,empty
6,0p01,0.01,w_00,../results/models/6p/w_00,../results/models/6p/w_00/f_netCTNN_01.pt,../results/models/6p/w_00/backflowCTNN_01.pt,rho_e_to_v@rho_e_to_v,pooled_BxH,512,128,1.8726599086060494,1.3436916400450991,5.372803833009318,0.8595395130254944,0.054267578555289075,0.044832654137916754,0.9586397457187001,0.998247553652039,
6,0p01,0.01,w_00,../results/models/6p/w_00,../results/models/6p/w_00/f_netCTNN_01.pt,../results/models/6p/w_00/backflowCTNN_01.pt,rho_e_to_v@rho_e_to_v,node_instances,,,,,,,,,,,empty
6,0p01,0.01,w_00,../results/models/6p/w_00,../results/models/6p/w_00/f_netCTNN_01.pt,../results/models/6p/w_00/backflowCTNN_01.pt,rho_e_to_v@rho_e_to_v,edge_instances,15360,128,4.249708414741817,3.3983606924756096,2.855437757642776,0.4271947704156149,0.26932691387481483,0.18126108427127696,0.8777827685617067,0.9967358286461531,
6,0p01,0.01,w_00,../results/models/6p/w_00,../results/models/6p/w_00/f_netCTNN_01.pt,../results/models/6p/w_00/backflowCTNN_01.pt,rho_v_to_e@rho_v_to_e,pooled_BxH,1024,128,1.9612020668185908,1.9250710597179808,0.915397657533511,0.5986441689092153,0.40135583095411853,1.0761864098776234e-12,0.99999999986441,0.9999999998719431,
6,0p01,0.01,w_00,../results/models/6p/w_00,../results/models/6p/w_00/f_netCTNN_01.pt,../results/models/6p/w_00/backflowCTNN_01.pt,rho_v_to_e@rho_v_to_e,node_instances,,,,,,,,,,,empty
6,0p01,0.01,w_00,../results/models/6p/w_00,../results/models/6p/w_00/f_netCTNN_01.pt,../results/models/6p/w_00/backflowCTNN_01.pt,rho_v_to_e@rho_v_to_e,edge_instances,30720,128,2.195989595056214,1.7959781605300025,1.5571476670508027,0.7186950529058316,0.15950490136558465,0.12180004572239213,0.9999999999938084,0.9999999999941527,
6,0p001,0.001,w_00,../results/models/6p/w_00,../results/models/6p/w_00/f_netCTNN_001.pt,../results/models/6p/w_00/backflowCTNN_001.pt,dx_head@dx_head,pooled_BxH,512,2,1.0242392914586016,1.007261799167544,2.1741340965032006,0.9963821886302252,0.003617811369773535,nan,nan,nan,
6,0p001,0.001,w_00,../results/models/6p/w_00,../results/models/6p/w_00/f_netCTNN_001.pt,../results/models/6p/w_00/backflowCTNN_001.pt,dx_head@dx_head,node_instances,3072,2,1.1861285457164186,1.0850654615441648,1.534411150355153,0.9591314533306704,0.04086854666932885,nan,nan,nan,
6,0p001,0.001,w_00,../results/models/6p/w_00,../results/models/6p/w_00/f_netCTNN_001.pt,../results/models/6p/w_00/backflowCTNN_001.pt,dx_head@dx_head,edge_instances,,,,,,,,,,,empty
6,0p001,0.001,w_00,../results/models/6p/w_00,../results/models/6p/w_00/f_netCTNN_001.pt,../results/models/6p/w_00/backflowCTNN_001.pt,edge_embed@edge_embed,pooled_BxH,512,128,1.1992880549775027,1.0818410929868938,2.8577298673065465,0.9607811744430066,0.03519449113744608,0.0033104303346171184,0.9992860959150698,0.9999472294169786,
6,0p001,0.001,w_00,../results/models/6p/w_00,../results/models/6p/w_00/f_netCTNN_001.pt,../results/models/6p/w_00/backflowCTNN_001.pt,edge_embed@edge_embed,node_instances,,,,,,,,,,,empty
6,0p001,0.001,w_00,../results/models/6p/w_00,../results/models/6p/w_00/f_netCTNN_001.pt,../results/models/6p/w_00/backflowCTNN_001.pt,edge_embed@edge_embed,edge_instances,15360,128,1.6883462287613222,1.2381244175712507,2.045982218182927,0.8974375485805112,0.0385968126724561,0.020232667100696065,0.9562670283536633,0.9970660682932353,
6,0p001,0.001,w_00,../results/models/6p/w_00,../results/models/6p/w_00/f_netCTNN_001.pt,../results/models/6p/w_00/backflowCTNN_001.pt,edge_update@edge_update,pooled_BxH,512,128,2.007640512778999,1.3818725053825294,4.992592595773377,0.8477120802095609,0.04752766632840429,0.039250273332595446,0.9344900198705607,0.9972133447217796,
6,0p001,0.001,w_00,../results/models/6p/w_00,../results/models/6p/w_00/f_netCTNN_001.pt,../results/models/6p/w_00/backflowCTNN_001.pt,edge_update@edge_update,node_instances,,,,,,,,,,,empty
6,0p001,0.001,w_00,../results/models/6p/w_00,../results/models/6p/w_00/f_netCTNN_001.pt,../results/models/6p/w_00/backflowCTNN_001.pt,edge_update@edge_update,edge_instances,15360,128,5.881599379956153,3.739343060249881,3.9703706449798193,0.4025224839548613,0.30623536694480724,0.07044652140408925,0.7792043723037578,0.9646543276135905,
6,0p001,0.001,w_00,../results/models/6p/w_00,../results/models/6p/w_00/f_netCTNN_001.pt,../results/models/6p/w_00/backflowCTNN_001.pt,node_embed@node_embed,pooled_BxH,512,128,1.987017237004078,1.9743399293880197,2.255042418467934,0.5570017204137249,0.44299827958036253,4.680256676594375e-14,0.9999999999941342,0.9999999999944603,
6,0p001,0.001,w_00,../results/models/6p/w_00,../results/models/6p/w_00/f_netCTNN_001.pt,../results/models/6p/w_00/backflowCTNN_001.pt,node_embed@node_embed,node_instances,3072,128,2.2155373190374186,2.093616456854,1.629739489431522,0.5300303219879401,0.442679944677066,0.027289733334046516,0.9999999999990525,0.9999999999991056,
6,0p001,0.001,w_00,../results/models/6p/w_00,../results/models/6p/w_00/f_netCTNN_001.pt,../results/models/6p/w_00/backflowCTNN_001.pt,node_embed@node_embed,edge_instances,,,,,,,,,,,empty
6,0p001,0.001,w_00,../results/models/6p/w_00,../results/models/6p/w_00/f_netCTNN_001.pt,../results/models/6p/w_00/backflowCTNN_001.pt,node_update@node_update,pooled_BxH,512,128,1.034660660353639,1.009336343487796,4.590855486686674,0.9953574427826285,0.0036439853817503993,0.0005301672874054175,0.9995315954517843,0.9998519161522753,
6,0p001,0.001,w_00,../results/models/6p/w_00,../results/models/6p/w_00/f_netCTNN_001.pt,../results/models/6p/w_00/backflowCTNN_001.pt,node_update@node_update,node_instances,3072,128,1.2266907272601129,1.087163958798522,3.19013456868785,0.9584144119585088,0.0354861379371622,0.0021167864990476863,0.9960173363947187,0.9991555441386707,
6,0p001,0.001,w_00,../results/models/6p/w_00,../results/models/6p/w_00/f_netCTNN_001.pt,../results/models/6p/w_00/backflowCTNN_001.pt,node_update@node_update,edge_instances,,,,,,,,,,,empty
6,0p001,0.001,w_00,../results/models/6p/w_00,../results/models/6p/w_00/f_netCTNN_001.pt,../results/models/6p/w_00/backflowCTNN_001.pt,rho_e_to_v@rho_e_to_v,pooled_BxH,512,128,1.9573772654977906,1.363000916805312,4.92660765138616,0.8538803797309119,0.04460907151027796,0.034178887563724066,0.932668338804914,0.9977402698915813,
6,0p001,0.001,w_00,../results/models/6p/w_00,../results/models/6p/w_00/f_netCTNN_001.pt,../results/models/6p/w_00/backflowCTNN_001.pt,rho_e_to_v@rho_e_to_v,node_instances,,,,,,,,,,,empty
6,0p001,0.001,w_00,../results/models/6p/w_00,../results/models/6p/w_00/f_netCTNN_001.pt,../results/models/6p/w_00/backflowCTNN_001.pt,rho_e_to_v@rho_e_to_v,edge_instances,15360,128,6.206148215190648,4.165555494244859,3.9133026354035447,0.3956183623010725,0.25130972118366257,0.09265343401644417,0.7395815175011793,0.9771087986671101,
6,0p001,0.001,w_00,../results/models/6p/w_00,../results/models/6p/w_00/f_netCTNN_001.pt,../results/models/6p/w_00/backflowCTNN_001.pt,rho_v_to_e@rho_v_to_e,pooled_BxH,1024,128,1.9747841148036187,1.950708166774756,0.8856721169812789,0.5794806368975122,0.4205193630951693,5.776188068048704e-14,0.9999999999927391,0.9999999999931429,
6,0p001,0.001,w_00,../results/models/6p/w_00,../results/models/6p/w_00/f_netCTNN_001.pt,../results/models/6p/w_00/backflowCTNN_001.pt,rho_v_to_e@rho_v_to_e,node_instances,,,,,,,,,,,empty
6,0p001,0.001,w_00,../results/models/6p/w_00,../results/models/6p/w_00/f_netCTNN_001.pt,../results/models/6p/w_00/backflowCTNN_001.pt,rho_v_to_e@rho_v_to_e,edge_instances,30720,128,2.6876117838600755,2.5114408969279327,1.5561343577833469,0.48686646842107684,0.3779871653625475,0.13514636621531287,0.9999999999989372,0.9999999999989967,
12,1,1.0,w_10,../results/models/12p/w_10,../results/models/12p/w_10/f_netCTNN.pt,../results/models/12p/w_10/backflowCTNN.pt,dx_head@dx_head,pooled_BxH,512,2,1.8317302457303521,1.708583456652112,2.220358298964034,0.7064941256248278,0.2935058736593502,nan,nan,nan,
12,1,1.0,w_10,../results/models/12p/w_10,../results/models/12p/w_10/f_netCTNN.pt,../results/models/12p/w_10/backflowCTNN.pt,dx_head@dx_head,node_instances,6144,2,1.9995542712771062,1.9991089065398768,1.8265421422017374,0.5105563402857995,0.48944365970923537,nan,nan,nan,
12,1,1.0,w_10,../results/models/12p/w_10,../results/models/12p/w_10/f_netCTNN.pt,../results/models/12p/w_10/backflowCTNN.pt,dx_head@dx_head,edge_instances,,,,,,,,,,,empty
12,1,1.0,w_10,../results/models/12p/w_10,../results/models/12p/w_10/f_netCTNN.pt,../results/models/12p/w_10/backflowCTNN.pt,edge_embed@edge_embed,pooled_BxH,512,128,1.0521158629614527,1.0137753877530908,3.6000971293098725,0.9931755814513064,0.002785978533787584,0.0023069251934392876,0.9982684851785333,0.9999332131348172,
12,1,1.0,w_10,../results/models/12p/w_10,../results/models/12p/w_10/f_netCTNN.pt,../results/models/12p/w_10/backflowCTNN.pt,edge_embed@edge_embed,node_instances,,,,,,,,,,,empty
12,1,1.0,w_10,../results/models/12p/w_10,../results/models/12p/w_10/f_netCTNN.pt,../results/models/12p/w_10/backflowCTNN.pt,edge_embed@edge_embed,edge_instances,67584,128,2.26193064428911,1.5885214673480221,2.112304602472097,0.7810022621454885,0.13049641230146075,0.04680946531448112,0.9583081397614305,0.9975236875298885,
12,1,1.0,w_10,../results/models/12p/w_10,../results/models/12p/w_10/f_netCTNN.pt,../results/models/12p/w_10/backflowCTNN.pt,edge_update@edge_update,pooled_BxH,512,128,3.2744281708974468,2.405072251702524,5.495459999034308,0.5886400459342377,0.2335200340605801,0.11824543915484709,0.9404055191496649,0.9961547354568091,
12,1,1.0,w_10,../results/models/12p/w_10,../results/models/12p/w_10/f_netCTNN.pt,../results/models/12p/w_10/backflowCTNN.pt,edge_update@edge_update,node_instances,,,,,,,,,,,empty
12,1,1.0,w_10,../results/models/12p/w_10,../results/models/12p/w_10/f_netCTNN.pt,../results/models/12p/w_10/backflowCTNN.pt,edge_update@edge_update,edge_instances,67584,128,7.817516546309682,4.900616221139557,4.255848259194825,0.38000217451222623,0.17085474702012096,0.10567839488136316,0.6565353164137104,0.9507221310670386,
12,1,1.0,w_10,../results/models/12p/w_10,../results/models/12p/w_10/f_netCTNN.pt,../results/models/12p/w_10/backflowCTNN.pt,node_embed@node_embed,pooled_BxH,512,128,1.999908838288433,1.999817681477511,2.1915792791263042,0.5047740904591111,0.49522590944523803,7.533545652597327e-13,0.9999999999051026,0.9999999999103749,
12,1,1.0,w_10,../results/models/12p/w_10,../results/models/12p/w_10/f_netCTNN.pt,../results/models/12p/w_10/backflowCTNN.pt,node_embed@node_embed,node_instances,6144,128,2.3674960310227875,2.2101637193886132,1.8096199495550689,0.494972847285064,0.45242710433260747,0.05260004838022962,0.999999999997901,0.999999999998018,
12,1,1.0,w_10,../results/models/12p/w_10,../results/models/12p/w_10/f_netCTNN.pt,../results/models/12p/w_10/backflowCTNN.pt,node_embed@node_embed,edge_instances,,,,,,,,,,,empty
12,1,1.0,w_10,../results/models/12p/w_10,../results/models/12p/w_10/f_netCTNN.pt,../results/models/12p/w_10/backflowCTNN.pt,node_update@node_update,pooled_BxH,512,128,2.5298791113175056,2.1662549433196894,4.535886203781064,0.5504295699203419,0.3969316537732305,0.031510275418332186,0.9788714991119045,0.9978753218964768,
12,1,1.0,w_10,../results/models/12p/w_10,../results/models/12p/w_10/f_netCTNN.pt,../results/models/12p/w_10/backflowCTNN.pt,node_update@node_update,node_instances,6144,128,2.261809154961005,2.037722146491389,3.2495428217025584,0.5682378338062433,0.40958065646783587,0.006475407388061477,0.9842938976621407,0.9984720707673481,
12,1,1.0,w_10,../results/models/12p/w_10,../results/models/12p/w_10/f_netCTNN.pt,../results/models/12p/w_10/backflowCTNN.pt,node_update@node_update,edge_instances,,,,,,,,,,,empty
12,1,1.0,w_10,../results/models/12p/w_10,../results/models/12p/w_10/f_netCTNN.pt,../results/models/12p/w_10/backflowCTNN.pt,rho_e_to_v@rho_e_to_v,pooled_BxH,512,128,3.1855085764121545,2.5295670427931265,4.959672915189437,0.5449168018976573,0.28558655045808773,0.12810525666056996,0.958608609016315,0.9979784627362602,
12,1,1.0,w_10,../results/models/12p/w_10,../results/models/12p/w_10/f_netCTNN.pt,../results/models/12p/w_10/backflowCTNN.pt,rho_e_to_v@rho_e_to_v,node_instances,,,,,,,,,,,empty
12,1,1.0,w_10,../results/models/12p/w_10,../results/models/12p/w_10/f_netCTNN.pt,../results/models/12p/w_10/backflowCTNN.pt,rho_e_to_v@rho_e_to_v,edge_instances,67584,128,6.550178924156437,4.901663419649621,4.284004471124802,0.30153775975497554,0.24771522613299118,0.19429714798011588,0.7435501338680826,0.9794461732316244,
12,1,1.0,w_10,../results/models/12p/w_10,../results/models/12p/w_10/f_netCTNN.pt,../results/models/12p/w_10/backflowCTNN.pt,rho_v_to_e@rho_v_to_e,pooled_BxH,1024,128,1.9763293373047546,1.9536645306844076,0.9234322097173007,0.5770019624632533,0.42299803739318415,1.1305115618320081e-12,0.999999999857568,0.9999999998654812,
12,1,1.0,w_10,../results/models/12p/w_10,../results/models/12p/w_10/f_netCTNN.pt,../results/models/12p/w_10/backflowCTNN.pt,rho_v_to_e@rho_v_to_e,node_instances,,,,,,,,,,,empty
12,1,1.0,w_10,../results/models/12p/w_10,../results/models/12p/w_10/f_netCTNN.pt,../results/models/12p/w_10/backflowCTNN.pt,rho_v_to_e@rho_v_to_e,edge_instances,135168,128,2.850897185475475,2.7335708479054324,1.832448415251295,0.4540513054281595,0.345875971830413,0.2000727227387617,0.9999999999973344,0.9999999999974829,
12,0p5,0.5,w_05,../results/models/12p/w_05,../results/models/12p/w_05/f_netCTNN.pt,../results/models/12p/w_05/backflowCTNN.pt,dx_head@dx_head,pooled_BxH,512,2,1.9033348237651633,1.8224362247082682,2.2031969291639006,0.6560705512760994,0.34392944861262487,nan,nan,nan,
12,0p5,0.5,w_05,../results/models/12p/w_05,../results/models/12p/w_05/f_netCTNN.pt,../results/models/12p/w_05/backflowCTNN.pt,dx_head@dx_head,node_instances,6144,2,1.9914545480261068,1.9830419565483144,1.8292603837947576,0.5462372423932041,0.453762757606192,nan,nan,nan,
12,0p5,0.5,w_05,../results/models/12p/w_05,../results/models/12p/w_05/f_netCTNN.pt,../results/models/12p/w_05/backflowCTNN.pt,dx_head@dx_head,edge_instances,,,,,,,,,,,empty
12,0p5,0.5,w_05,../results/models/12p/w_05,../results/models/12p/w_05/f_netCTNN.pt,../results/models/12p/w_05/backflowCTNN.pt,edge_embed@edge_embed,pooled_BxH,512,128,1.1151374804207035,1.0339179966138825,4.0496816292618,0.9834201344710622,0.007182065466014762,0.00431137511612421,0.9949135750532012,0.9999037254987021,
12,0p5,0.5,w_05,../results/models/12p/w_05,../results/models/12p/w_05/f_netCTNN.pt,../results/models/12p/w_05/backflowCTNN.pt,edge_embed@edge_embed,node_instances,,,,,,,,,,,empty
12,0p5,0.5,w_05,../results/models/12p/w_05,../results/models/12p/w_05/f_netCTNN.pt,../results/models/12p/w_05/backflowCTNN.pt,edge_embed@edge_embed,edge_instances,67584,128,3.5478279320828547,2.4798653429423156,2.1045626832265016,0.5872935812464183,0.20378573070995312,0.1237432346502542,0.9148225466066255,0.9961900962938692,
12,0p5,0.5,w_05,../results/models/12p/w_05,../results/models/12p/w_05/f_netCTNN.pt,../results/models/12p/w_05/backflowCTNN.pt,edge_update@edge_update,pooled_BxH,512,128,4.347938052285178,3.2197487219585215,6.248625023498014,0.4731861572458985,0.22923748521475554,0.1731889208008399,0.875612563261494,0.9930772229747677,
12,0p5,0.5,w_05,../results/models/12p/w_05,../results/models/12p/w_05/f_netCTNN.pt,../results/models/12p/w_05/backflowCTNN.pt,edge_update@edge_update,node_instances,,,,,,,,,,,empty
12,0p5,0.5,w_05,../results/models/12p/w_05,../results/models/12p/w_05/f_netCTNN.pt,../results/models/12p/w_05/backflowCTNN.pt,edge_update@edge_update,edge_instances,67584,128,9.665207491267482,6.832441779521186,4.024145418756565,0.2578378585529502,0.19147344841884387,0.13026848599065563,0.5795797929624498,0.94397898585884,
12,0p5,0.5,w_05,../results/models/12p/w_05,../results/models/12p/w_05/f_netCTNN.pt,../results/models/12p/w_05/backflowCTNN.pt,node_embed@node_embed,pooled_BxH,512,128,1.9977138995533512,1.995437341939422,2.1658581614038885,0.5239089195225106,0.47609108029622227,1.4274369205573392e-12,0.9999999998201603,0.9999999998301518,
12,0p5,0.5,w_05,../results/models/12p/w_05,../results/models/12p/w_05/f_netCTNN.pt,../results/models/12p/w_05/backflowCTNN.pt,node_embed@node_embed,node_instances,6144,128,2.5335818866959197,2.355035305430728,1.775446045585633,0.48409086912838173,0.4270654744158462,0.08884365645241468,0.9999999999966426,0.9999999999968293,
12,0p5,0.5,w_05,../results/models/12p/w_05,../results/models/12p/w_05/f_netCTNN.pt,../results/models/12p/w_05/backflowCTNN.pt,node_embed@node_embed,edge_instances,,,,,,,,,,,empty
12,0p5,0.5,w_05,../results/models/12p/w_05,../results/models/12p/w_05/f_netCTNN.pt,../results/models/12p/w_05/backflowCTNN.pt,node_update@node_update,pooled_BxH,512,128,2.6223610518566227,2.082780238105188,5.078392489752565,0.6155594812260661,0.31582322694113324,0.03523430329491302,0.9666170114621123,0.996352513685326,
12,0p5,0.5,w_05,../results/models/12p/w_05,../results/models/12p/w_05/f_netCTNN.pt,../results/models/12p/w_05/backflowCTNN.pt,node_update@node_update,node_instances,6144,128,2.1374765541791745,1.9598922333904085,2.9169708562427847,0.6017018807054748,0.38491272808652444,0.003491468664121063,0.9901060774561203,0.9990294911067196,
12,0p5,0.5,w_05,../results/models/12p/w_05,../results/models/12p/w_05/f_netCTNN.pt,../results/models/12p/w_05/backflowCTNN.pt,node_update@node_update,edge_instances,,,,,,,,,,,empty
12,0p5,0.5,w_05,../results/models/12p/w_05,../results/models/12p/w_05/f_netCTNN.pt,../results/models/12p/w_05/backflowCTNN.pt,rho_e_to_v@rho_e_to_v,pooled_BxH,512,128,3.9473402328502876,3.0560103003426473,5.909236188131459,0.4682478585486686,0.28170939027393976,0.16370424701895495,0.9136614958415633,0.9952258128384679,
12,0p5,0.5,w_05,../results/models/12p/w_05,../results/models/12p/w_05/f_netCTNN.pt,../results/models/12p/w_05/backflowCTNN.pt,rho_e_to_v@rho_e_to_v,node_instances,,,,,,,,,,,empty
12,0p5,0.5,w_05,../results/models/12p/w_05,../results/models/12p/w_05/f_netCTNN.pt,../results/models/12p/w_05/backflowCTNN.pt,rho_e_to_v@rho_e_to_v,edge_instances,67584,128,6.515129635640902,4.684580070590218,4.084563144699493,0.3225386850772411,0.27407502622436436,0.14935844939139178,0.7459721606929972,0.9794084535736188,
12,0p5,0.5,w_05,../results/models/12p/w_05,../results/models/12p/w_05/f_netCTNN.pt,../results/models/12p/w_05/backflowCTNN.pt,rho_v_to_e@rho_v_to_e,pooled_BxH,1024,128,1.9933375134928069,1.9867558973739314,0.9354827092248941,0.5408233868188286,0.4591766129321571,1.9608751832728175e-12,0.9999999997529465,0.9999999997666719,
12,0p5,0.5,w_05,../results/models/12p/w_05,../results/models/12p/w_05/f_netCTNN.pt,../results/models/12p/w_05/backflowCTNN.pt,rho_v_to_e@rho_v_to_e,node_instances,,,,,,,,,,,empty
12,0p5,0.5,w_05,../results/models/12p/w_05,../results/models/12p/w_05/f_netCTNN.pt,../results/models/12p/w_05/backflowCTNN.pt,rho_v_to_e@rho_v_to_e,edge_instances,135168,128,2.9687325300512946,2.9371046399884073,1.8376395679825637,0.40046751209924214,0.31350534698049987,0.28602714091681425,0.9999999999965563,0.9999999999967482,
12,0p1,0.1,w_01,../results/models/12p/w_01,../results/models/12p/w_01/f_netCTNN.pt,../results/models/12p/w_01/backflowCTNN.pt,dx_head@dx_head,pooled_BxH,512,2,1.5739297124700289,1.3894261243794854,2.164831541045983,0.831452564333312,0.1685474356659578,nan,nan,nan,
12,0p1,0.1,w_01,../results/models/12p/w_01,../results/models/12p/w_01/f_netCTNN.pt,../results/models/12p/w_01/backflowCTNN.pt,dx_head@dx_head,node_instances,6144,2,1.9543042006341222,1.9122859961009309,1.8043506756904433,0.6070848542484565,0.3929151457515358,nan,nan,nan,
12,0p1,0.1,w_01,../results/models/12p/w_01,../results/models/12p/w_01/f_netCTNN.pt,../results/models/12p/w_01/backflowCTNN.pt,dx_head@dx_head,edge_instances,,,,,,,,,,,empty
12,0p1,0.1,w_01,../results/models/12p/w_01,../results/models/12p/w_01/f_netCTNN.pt,../results/models/12p/w_01/backflowCTNN.pt,edge_embed@edge_embed,pooled_BxH,512,128,2.4357533027694775,1.7878547363619695,4.393406185057047,0.7285737739257726,0.13754461267170465,0.09229823849706473,0.9584166250945421,0.9998313806738697,
12,0p1,0.1,w_01,../results/models/12p/w_01,../results/models/12p/w_01/f_netCTNN.pt,../results/models/12p/w_01/backflowCTNN.pt,edge_embed@edge_embed,node_instances,,,,,,,,,,,empty
12,0p1,0.1,w_01,../results/models/12p/w_01,../results/models/12p/w_01/f_netCTNN.pt,../results/models/12p/w_01/backflowCTNN.pt,edge_embed@edge_embed,edge_instances,67584,128,5.148564060998246,4.143229136850159,2.114291638077076,0.32325170075553317,0.28787063767490373,0.2125626691036685,0.8236850075341055,0.9951096526490077,
12,0p1,0.1,w_01,../results/models/12p/w_01,../results/models/12p/w_01/f_netCTNN.pt,../results/models/12p/w_01/backflowCTNN.pt,edge_update@edge_update,pooled_BxH,512,128,5.127458881038631,3.26325566799276,7.315402411445707,0.5086882003375323,0.1443820261067242,0.11448866636136165,0.7675588928056182,0.988282875962858,
12,0p1,0.1,w_01,../results/models/12p/w_01,../results/models/12p/w_01/f_netCTNN.pt,../results/models/12p/w_01/backflowCTNN.pt,edge_update@edge_update,node_instances,,,,,,,,,,,empty
12,0p1,0.1,w_01,../results/models/12p/w_01,../results/models/12p/w_01/f_netCTNN.pt,../results/models/12p/w_01/backflowCTNN.pt,edge_update@edge_update,edge_instances,67584,128,6.045714157945363,4.340425554223475,3.206426701434161,0.3389898456666449,0.2749381380952085,0.17535838887512775,0.7892863726369812,0.9740360630467642,
12,0p1,0.1,w_01,../results/models/12p/w_01,../results/models/12p/w_01/f_netCTNN.pt,../results/models/12p/w_01/backflowCTNN.pt,node_embed@node_embed,pooled_BxH,512,128,1.9994466198520338,1.9988937677132306,2.160032660266811,0.5117624706107542,0.4882375290681122,2.5287350871768224e-12,0.9999999996813952,0.9999999996990958,
12,0p1,0.1,w_01,../results/models/12p/w_01,../results/models/12p/w_01/f_netCTNN.pt,../results/models/12p/w_01/backflowCTNN.pt,node_embed@node_embed,node_instances,6144,128,2.8877707183159025,2.800733343513922,1.7934520375740224,0.41804189581908024,0.3714548209707646,0.21050328320248612,0.9999999999923309,0.9999999999927572,
12,0p1,0.1,w_01,../results/models/12p/w_01,../results/models/12p/w_01/f_netCTNN.pt,../results/models/12p/w_01/backflowCTNN.pt,node_embed@node_embed,edge_instances,,,,,,,,,,,empty
12,0p1,0.1,w_01,../results/models/12p/w_01,../results/models/12p/w_01/f_netCTNN.pt,../results/models/12p/w_01/backflowCTNN.pt,node_update@node_update,pooled_BxH,512,128,2.101799504175705,1.6121928761017839,5.247176114924043,0.7612650332687484,0.20129859286075236,0.012114687100463107,0.9746783132299639,0.994420653544168,
12,0p1,0.1,w_01,../results/models/12p/w_01,../results/models/12p/w_01/f_netCTNN.pt,../results/models/12p/w_01/backflowCTNN.pt,node_update@node_update,node_instances,6144,128,2.2529975957581168,1.9696967735621598,2.855386635604813,0.6149432239681155,0.35973996352963217,0.008855688520974589,0.9835388760187224,0.9982076022362233,
12,0p1,0.1,w_01,../results/models/12p/w_01,../results/models/12p/w_01/f_netCTNN.pt,../results/models/12p/w_01/backflowCTNN.pt,node_update@node_update,edge_instances,,,,,,,,,,,empty
12,0p1,0.1,w_01,../results/models/12p/w_01,../results/models/12p/w_01/f_netCTNN.pt,../results/models/12p/w_01/backflowCTNN.pt,rho_e_to_v@rho_e_to_v,pooled_BxH,512,128,4.811197585878315,3.461805866105009,6.5516083889389325,0.466099909767799,0.18881505743415458,0.14582382514654701,0.8007387923485006,0.9940894388211068,
12,0p1,0.1,w_01,../results/models/12p/w_01,../results/models/12p/w_01/f_netCTNN.pt,../results/models/12p/w_01/backflowCTNN.pt,rho_e_to_v@rho_e_to_v,node_instances,,,,,,,,,,,empty
12,0p1,0.1,w_01,../results/models/12p/w_01,../results/models/12p/w_01/f_netCTNN.pt,../results/models/12p/w_01/backflowCTNN.pt,rho_e_to_v@rho_e_to_v,edge_instances,67584,128,4.115382793479951,3.1131106686195085,3.48167603162227,0.43333468511742507,0.34030197643512966,0.12168403218441479,0.8953206937369695,0.9922338420935601,
12,0p1,0.1,w_01,../results/models/12p/w_01,../results/models/12p/w_01/f_netCTNN.pt,../results/models/12p/w_01/backflowCTNN.pt,rho_v_to_e@rho_v_to_e,pooled_BxH,1024,128,1.9808776585081045,1.962414354836918,0.9448863982110625,0.5691967443539635,0.4308032551779068,3.686174223260719e-12,0.9999999995355564,0.9999999995613592,
12,0p1,0.1,w_01,../results/models/12p/w_01,../results/models/12p/w_01/f_netCTNN.pt,../results/models/12p/w_01/backflowCTNN.pt,rho_v_to_e@rho_v_to_e,node_instances,,,,,,,,,,,empty
12,0p1,0.1,w_01,../results/models/12p/w_01,../results/models/12p/w_01/f_netCTNN.pt,../results/models/12p/w_01/backflowCTNN.pt,rho_v_to_e@rho_v_to_e,edge_instances,135168,128,2.521744987828833,2.1915366491626993,1.8441973749484424,0.6169177503425061,0.22572677948390685,0.1573554701681599,0.9999999999945728,0.999999999994875,
12,0p01,0.01,w_00,../results/models/12p/w_00,../results/models/12p/w_00/f_netCTNN_01.pt,../results/models/12p/w_00/backflowCTNN_01.pt,dx_head@dx_head,pooled_BxH,512,2,1.2420405599711046,1.1189673874293111,2.1151895560376963,0.9436671584307126,0.056332841569256026,nan,nan,nan,
12,0p01,0.01,w_00,../results/models/12p/w_00,../results/models/12p/w_00/f_netCTNN_01.pt,../results/models/12p/w_00/backflowCTNN_01.pt,dx_head@dx_head,node_instances,6144,2,1.5596062211324686,1.37497764932948,1.7850235050044452,0.8371086985729883,0.16289130142700678,nan,nan,nan,
12,0p01,0.01,w_00,../results/models/12p/w_00,../results/models/12p/w_00/f_netCTNN_01.pt,../results/models/12p/w_00/backflowCTNN_01.pt,dx_head@dx_head,edge_instances,,,,,,,,,,,empty
12,0p01,0.01,w_00,../results/models/12p/w_00,../results/models/12p/w_00/f_netCTNN_01.pt,../results/models/12p/w_00/backflowCTNN_01.pt,edge_embed@edge_embed,pooled_BxH,512,128,1.576522450392997,1.2567050890829745,3.9859800260887868,0.8884535932537428,0.07596902108195383,0.023114842681384314,0.987537457017081,0.9999450673163747,
12,0p01,0.01,w_00,../results/models/12p/w_00,../results/models/12p/w_00/f_netCTNN_01.pt,../results/models/12p/w_00/backflowCTNN_01.pt,edge_embed@edge_embed,node_instances,,,,,,,,,,,empty
12,0p01,0.01,w_00,../results/models/12p/w_00,../results/models/12p/w_00/f_netCTNN_01.pt,../results/models/12p/w_00/backflowCTNN_01.pt,edge_embed@edge_embed,edge_instances,67584,128,4.68926902528215,3.7992197243689283,2.0872041337721066,0.36853188579847346,0.28231594274758764,0.19874858657738376,0.8495964151234447,0.9961809649915419,
12,0p01,0.01,w_00,../results/models/12p/w_00,../results/models/12p/w_00/f_netCTNN_01.pt,../results/models/12p/w_00/backflowCTNN_01.pt,edge_update@edge_update,pooled_BxH,512,128,2.1023519272552185,1.45698428719703,5.874347793182061,0.8227191467936877,0.0848750686192202,0.03866280720435794,0.946257022617266,0.9982055951077708,
12,0p01,0.01,w_00,../results/models/12p/w_00,../results/models/12p/w_00/f_netCTNN_01.pt,../results/models/12p/w_00/backflowCTNN_01.pt,edge_update@edge_update,node_instances,,,,,,,,,,,empty
12,0p01,0.01,w_00,../results/models/12p/w_00,../results/models/12p/w_00/f_netCTNN_01.pt,../results/models/12p/w_00/backflowCTNN_01.pt,edge_update@edge_update,edge_instances,67584,128,4.8910408353429204,4.0339275545308215,2.8790766817643756,0.3350892740877669,0.28055319209629187,0.20552415109465874,0.8211666172787174,0.993739492854783,
12,0p01,0.01,w_00,../results/models/12p/w_00,../results/models/12p/w_00/f_netCTNN_01.pt,../results/models/12p/w_00/backflowCTNN_01.pt,node_embed@node_embed,pooled_BxH,512,128,1.9992342954559368,1.9984696502264179,2.215869788510223,0.5138361943318921,0.4861638055286366,1.0982699866384667e-12,0.9999999998616269,0.9999999998693145,
12,0p01,0.01,w_00,../results/models/12p/w_00,../results/models/12p/w_00/f_netCTNN_01.pt,../results/models/12p/w_00/backflowCTNN_01.pt,node_embed@node_embed,node_instances,6144,128,2.938081983768007,2.8845607351338436,1.7942372495167478,0.401507631442414,0.3556744517126427,0.24281791683626566,0.9999999999913224,0.9999999999918049,
12,0p01,0.01,w_00,../results/models/12p/w_00,../results/models/12p/w_00/f_netCTNN_01.pt,../results/models/12p/w_00/backflowCTNN_01.pt,node_embed@node_embed,edge_instances,,,,,,,,,,,empty
12,0p01,0.01,w_00,../results/models/12p/w_00,../results/models/12p/w_00/f_netCTNN_01.pt,../results/models/12p/w_00/backflowCTNN_01.pt,node_update@node_update,pooled_BxH,512,128,1.4761281790415206,1.19470392927934,4.6290647651998205,0.9124425334116671,0.06607276766039417,0.00923837195036048,0.9877536730224218,0.9978422013582531,
12,0p01,0.01,w_00,../results/models/12p/w_00,../results/models/12p/w_00/f_netCTNN_01.pt,../results/models/12p/w_00/backflowCTNN_01.pt,node_update@node_update,node_instances,6144,128,2.749461067990722,1.8600063347762075,3.0573206721890323,0.7126118411424542,0.15843638050324552,0.05596560331770499,0.9270138249634047,0.9959782580097725,
12,0p01,0.01,w_00,../results/models/12p/w_00,../results/models/12p/w_00/f_netCTNN_01.pt,../results/models/12p/w_00/backflowCTNN_01.pt,node_update@node_update,edge_instances,,,,,,,,,,,empty
12,0p01,0.01,w_00,../results/models/12p/w_00,../results/models/12p/w_00/f_netCTNN_01.pt,../results/models/12p/w_00/backflowCTNN_01.pt,rho_e_to_v@rho_e_to_v,pooled_BxH,512,128,2.554083732525769,1.7604660390204763,5.335299491443274,0.7394321492431962,0.11731208787471706,0.07436032939251164,0.931104566510425,0.9990579157259875,
12,0p01,0.01,w_00,../results/models/12p/w_00,../results/models/12p/w_00/f_netCTNN_01.pt,../results/models/12p/w_00/backflowCTNN_01.pt,rho_e_to_v@rho_e_to_v,node_instances,,,,,,,,,,,empty
12,0p01,0.01,w_00,../results/models/12p/w_00,../results/models/12p/w_00/f_netCTNN_01.pt,../results/models/12p/w_00/backflowCTNN_01.pt,rho_e_to_v@rho_e_to_v,edge_instances,67584,128,3.7104297106107484,3.0755628723244,3.230290767268911,0.42926939514033235,0.3403957674461038,0.14507350839719987,0.914738670983636,0.9984491866651568,
12,0p01,0.01,w_00,../results/models/12p/w_00,../results/models/12p/w_00/f_netCTNN_01.pt,../results/models/12p/w_00/backflowCTNN_01.pt,rho_v_to_e@rho_v_to_e,pooled_BxH,1024,128,1.9665113489008008,1.9350188205874514,0.9375168049558276,0.5916265225952946,0.4083734771934237,1.6637882442140686e-12,0.9999999997903821,0.9999999998020279,
12,0p01,0.01,w_00,../results/models/12p/w_00,../results/models/12p/w_00/f_netCTNN_01.pt,../results/models/12p/w_00/backflowCTNN_01.pt,rho_v_to_e@rho_v_to_e,node_instances,,,,,,,,,,,empty
12,0p01,0.01,w_00,../results/models/12p/w_00,../results/models/12p/w_00/f_netCTNN_01.pt,../results/models/12p/w_00/backflowCTNN_01.pt,rho_v_to_e@rho_v_to_e,edge_instances,135168,128,2.3457235016326012,1.9650261636747173,1.873466210122339,0.6739394388379464,0.19084182954452047,0.13521873161183356,0.9999999999943003,0.9999999999946179,
12,0p001,0.001,w_00,../results/models/12p/w_00,../results/models/12p/w_00/f_netCTNN_001.pt,../results/models/12p/w_00/backflowCTNN_001.pt,dx_head@dx_head,pooled_BxH,512,2,1.0832582863686089,1.0314837364032836,2.0866122681250756,0.9844983149125052,0.015501685087490877,nan,nan,nan,
12,0p001,0.001,w_00,../results/models/12p/w_00,../results/models/12p/w_00/f_netCTNN_001.pt,../results/models/12p/w_00/backflowCTNN_001.pt,dx_head@dx_head,node_instances,6144,2,1.5825220366771424,1.398234435602794,1.7862348777879924,0.8280149767116327,0.1719850232883655,nan,nan,nan,
12,0p001,0.001,w_00,../results/models/12p/w_00,../results/models/12p/w_00/f_netCTNN_001.pt,../results/models/12p/w_00/backflowCTNN_001.pt,dx_head@dx_head,edge_instances,,,,,,,,,,,empty
12,0p001,0.001,w_00,../results/models/12p/w_00,../results/models/12p/w_00/f_netCTNN_001.pt,../results/models/12p/w_00/backflowCTNN_001.pt,edge_embed@edge_embed,pooled_BxH,512,128,1.0038507059453294,1.0008554426658904,1.3603960909560224,0.9995724688159232,0.00040986095309847456,7.536836480308148e-06,0.999989866605502,0.9999998087525375,
12,0p001,0.001,w_00,../results/models/12p/w_00,../results/models/12p/w_00/f_netCTNN_001.pt,../results/models/12p/w_00/backflowCTNN_001.pt,edge_embed@edge_embed,node_instances,,,,,,,,,,,empty
12,0p001,0.001,w_00,../results/models/12p/w_00,../results/models/12p/w_00/f_netCTNN_001.pt,../results/models/12p/w_00/backflowCTNN_001.pt,edge_embed@edge_embed,edge_instances,67584,128,1.0254930101178454,1.0066239859149895,2.2032748978459376,0.9967013974649335,0.0023316696572439266,0.0006755163737964769,0.9997085834959739,0.9999792669780454,
12,0p001,0.001,w_00,../results/models/12p/w_00,../results/models/12p/w_00/f_netCTNN_001.pt,../results/models/12p/w_00/backflowCTNN_001.pt,edge_update@edge_update,pooled_BxH,512,128,1.123388691074361,1.0391321116188572,3.1370585760659875,0.9809197352992504,0.009629087693215972,0.0060840479584523734,0.9966328709509188,0.9999233756068776,
12,0p001,0.001,w_00,../results/models/12p/w_00,../results/models/12p/w_00/f_netCTNN_001.pt,../results/models/12p/w_00/backflowCTNN_001.pt,edge_update@edge_update,node_instances,,,,,,,,,,,empty
12,0p001,0.001,w_00,../results/models/12p/w_00,../results/models/12p/w_00/f_netCTNN_001.pt,../results/models/12p/w_00/backflowCTNN_001.pt,edge_update@edge_update,edge_instances,67584,128,1.2392129696795917,1.072404411360276,4.3263092277926605,0.9655059831794177,0.0140774791537139,0.006759706608218244,0.9863431689413499,0.9984682306689557,
12,0p001,0.001,w_00,../results/models/12p/w_00,../results/models/12p/w_00/f_netCTNN_001.pt,../results/models/12p/w_00/backflowCTNN_001.pt,node_embed@node_embed,pooled_BxH,512,128,1.9995836156071125,1.9991675488713747,2.173838008692935,0.5102029270480196,0.48979707295135405,5.041665590591675e-15,0.9999999999993786,0.9999999999994136,
12,0p001,0.001,w_00,../results/models/12p/w_00,../results/models/12p/w_00/f_netCTNN_001.pt,../results/models/12p/w_00/backflowCTNN_001.pt,node_embed@node_embed,node_instances,6144,128,2.014517595413216,1.9951795282327296,2.093235312542599,0.5356727932139415,0.46288292498049116,0.0014442818055145912,0.9999999999999473,0.9999999999999504,
12,0p001,0.001,w_00,../results/models/12p/w_00,../results/models/12p/w_00/f_netCTNN_001.pt,../results/models/12p/w_00/backflowCTNN_001.pt,node_embed@node_embed,edge_instances,,,,,,,,,,,empty
12,0p001,0.001,w_00,../results/models/12p/w_00,../results/models/12p/w_00/f_netCTNN_001.pt,../results/models/12p/w_00/backflowCTNN_001.pt,node_update@node_update,pooled_BxH,512,128,1.604767927039806,1.2639762490337334,4.362262879642212,0.8856718405207615,0.07835797435849162,0.023776017206935767,0.987805832086189,0.9990477112581185,
12,0p001,0.001,w_00,../results/models/12p/w_00,../results/models/12p/w_00/f_netCTNN_001.pt,../results/models/12p/w_00/backflowCTNN_001.pt,node_update@node_update,node_instances,6144,128,2.7783023191176657,1.8708369703779963,3.8312455124486475,0.711937496326149,0.14020774161001828,0.08315772882283434,0.9353029667590016,0.9947470556628415,
12,0p001,0.001,w_00,../results/models/12p/w_00,../results/models/12p/w_00/f_netCTNN_001.pt,../results/models/12p/w_00/backflowCTNN_001.pt,node_update@node_update,edge_instances,,,,,,,,,,,empty
12,0p001,0.001,w_00,../results/models/12p/w_00,../results/models/12p/w_00/f_netCTNN_001.pt,../results/models/12p/w_00/backflowCTNN_001.pt,rho_e_to_v@rho_e_to_v,pooled_BxH,512,128,1.1597221284866515,1.055112983322538,3.141652955208755,0.9733479074590258,0.017973248166949826,0.005480603553225517,0.9968017591792011,0.9999517690044316,
12,0p001,0.001,w_00,../results/models/12p/w_00,../results/models/12p/w_00/f_netCTNN_001.pt,../results/models/12p/w_00/backflowCTNN_001.pt,rho_e_to_v@rho_e_to_v,node_instances,,,,,,,,,,,empty
12,0p001,0.001,w_00,../results/models/12p/w_00,../results/models/12p/w_00/f_netCTNN_001.pt,../results/models/12p/w_00/backflowCTNN_001.pt,rho_e_to_v@rho_e_to_v,edge_instances,67584,128,1.3151686527550954,1.1031786629641585,4.15496685945156,0.9517448060364825,0.02279052603929381,0.007744523898728286,0.9822798559745045,0.9990994262696098,
12,0p001,0.001,w_00,../results/models/12p/w_00,../results/models/12p/w_00/f_netCTNN_001.pt,../results/models/12p/w_00/backflowCTNN_001.pt,rho_v_to_e@rho_v_to_e,pooled_BxH,1024,128,1.9561879185678208,1.9157619646952748,0.8191134453727156,0.6048463571482088,0.3951536428509042,7.064402805140546e-15,0.99999999999912,0.9999999999991692,
12,0p001,0.001,w_00,../results/models/12p/w_00,../results/models/12p/w_00/f_netCTNN_001.pt,../results/models/12p/w_00/backflowCTNN_001.pt,rho_v_to_e@rho_v_to_e,node_instances,,,,,,,,,,,empty
12,0p001,0.001,w_00,../results/models/12p/w_00,../results/models/12p/w_00/f_netCTNN_001.pt,../results/models/12p/w_00/backflowCTNN_001.pt,rho_v_to_e@rho_v_to_e,edge_instances,135168,128,2.054115059313112,1.9789421805975287,2.0833806668431603,0.57654564972992,0.4157600083179471,0.007694341952057969,0.9999999999999251,0.9999999999999297,
20,1,1.0,w_10,../results/models/20p/w_10,../results/models/20p/w_10/f_netCTNN.pt,../results/models/20p/w_10/backflowCTNN.pt,dx_head@dx_head,pooled_BxH,512,2,1.752281158734167,1.5967067608887984,2.187080225648216,0.7512855074252286,0.24871449206298324,nan,nan,nan,
20,1,1.0,w_10,../results/models/20p/w_10,../results/models/20p/w_10/f_netCTNN.pt,../results/models/20p/w_10/backflowCTNN.pt,dx_head@dx_head,node_instances,10240,2,1.9980621655943716,1.9961312037164105,1.9278988088172762,0.5220121969601516,0.47798780303598154,nan,nan,nan,
20,1,1.0,w_10,../results/models/20p/w_10,../results/models/20p/w_10/f_netCTNN.pt,../results/models/20p/w_10/backflowCTNN.pt,dx_head@dx_head,edge_instances,,,,,,,,,,,empty
20,1,1.0,w_10,../results/models/20p/w_10,../results/models/20p/w_10/f_netCTNN.pt,../results/models/20p/w_10/backflowCTNN.pt,edge_embed@edge_embed,pooled_BxH,512,128,1.0236519891306823,1.0057177397756645,2.9205852891641344,0.9971519204870181,0.0014484691670787846,0.0007360468737490332,0.9993364365278459,0.9999792594186345,
20,1,1.0,w_10,../results/models/20p/w_10,../results/models/20p/w_10/f_netCTNN.pt,../results/models/20p/w_10/backflowCTNN.pt,edge_embed@edge_embed,node_instances,,,,,,,,,,,empty
20,1,1.0,w_10,../results/models/20p/w_10,../results/models/20p/w_10/f_netCTNN.pt,../results/models/20p/w_10/backflowCTNN.pt,edge_embed@edge_embed,edge_instances,96000,128,1.9989635764358193,1.450869580879834,2.1093689717730637,0.821932641830802,0.1095913961778766,0.038524533180492725,0.9700485711891713,0.9980878192894501,
20,1,1.0,w_10,../results/models/20p/w_10,../results/models/20p/w_10/f_netCTNN.pt,../results/models/20p/w_10/backflowCTNN.pt,edge_update@edge_update,pooled_BxH,512,128,2.7714848372145333,1.991980724582643,5.185900480202923,0.6790465294483556,0.17263569826690628,0.10274530899187286,0.9544275367071348,0.997627035958039,
20,1,1.0,w_10,../results/models/20p/w_10,../results/models/20p/w_10/f_netCTNN.pt,../results/models/20p/w_10/backflowCTNN.pt,edge_update@edge_update,node_instances,,,,,,,,,,,empty
20,1,1.0,w_10,../results/models/20p/w_10,../results/models/20p/w_10/f_netCTNN.pt,../results/models/20p/w_10/backflowCTNN.pt,edge_update@edge_update,edge_instances,96000,128,6.910821666865248,4.152834061518514,4.4004382246164155,0.4325454712119748,0.17386771104381568,0.09802402140523396,0.7044372036610244,0.9577689121031137,
20,1,1.0,w_10,../results/models/20p/w_10,../results/models/20p/w_10/f_netCTNN.pt,../results/models/20p/w_10/backflowCTNN.pt,node_embed@node_embed,pooled_BxH,512,128,1.9896915066586018,1.9795760366848036,2.1872420214913886,0.5507871596899422,0.4492128402020388,8.506820184424548e-13,0.9999999998928316,0.9999999998987857,
20,1,1.0,w_10,../results/models/20p/w_10,../results/models/20p/w_10/f_netCTNN.pt,../results/models/20p/w_10/backflowCTNN.pt,node_embed@node_embed,node_instances,10240,128,2.328140167506274,2.1799005439691275,1.9230487686649276,0.49851416564524154,0.45626193143744426,0.04522390291552626,0.999999999998212,0.9999999999983116,
20,1,1.0,w_10,../results/models/20p/w_10,../results/models/20p/w_10/f_netCTNN.pt,../results/models/20p/w_10/backflowCTNN.pt,node_embed@node_embed,edge_instances,,,,,,,,,,,empty
20,1,1.0,w_10,../results/models/20p/w_10,../results/models/20p/w_10/f_netCTNN.pt,../results/models/20p/w_10/backflowCTNN.pt,node_update@node_update,pooled_BxH,512,128,2.5652546263346996,2.1264686287508274,4.3742359411736516,0.6003137514904707,0.3271347686684227,0.05259103304803595,0.9800395532069294,0.9983770568315491,
20,1,1.0,w_10,../results/models/20p/w_10,../results/models/20p/w_10/f_netCTNN.pt,../results/models/20p/w_10/backflowCTNN.pt,node_update@node_update,node_instances,10240,128,2.2675123491242157,2.0215911902427566,3.375602018509637,0.5856167415966836,0.3893076243736638,0.009997502591475846,0.9849218685618233,0.9987400234048163,
20,1,1.0,w_10,../results/models/20p/w_10,../results/models/20p/w_10/f_netCTNN.pt,../results/models/20p/w_10/backflowCTNN.pt,node_update@node_update,edge_instances,,,,,,,,,,,empty
20,1,1.0,w_10,../results/models/20p/w_10,../results/models/20p/w_10/f_netCTNN.pt,../results/models/20p/w_10/backflowCTNN.pt,rho_e_to_v@rho_e_to_v,pooled_BxH,512,128,2.823264014644583,2.1676847012074925,4.698365866508031,0.6342558418007345,0.20535981027223588,0.12868571922289826,0.9683013712958686,0.9988390325883141,
20,1,1.0,w_10,../results/models/20p/w_10,../results/models/20p/w_10/f_netCTNN.pt,../results/models/20p/w_10/backflowCTNN.pt,rho_e_to_v@rho_e_to_v,node_instances,,,,,,,,,,,empty
20,1,1.0,w_10,../results/models/20p/w_10,../results/models/20p/w_10/f_netCTNN.pt,../results/models/20p/w_10/backflowCTNN.pt,rho_e_to_v@rho_e_to_v,edge_instances,96000,128,6.0781121340274025,4.417855313821578,4.376186774670399,0.36215764333470957,0.2318715801004238,0.17433958470677016,0.7683688081419036,0.9827587164018493,
20,1,1.0,w_10,../results/models/20p/w_10,../results/models/20p/w_10/f_netCTNN.pt,../results/models/20p/w_10/backflowCTNN.pt,rho_v_to_e@rho_v_to_e,pooled_BxH,1024,128,1.9883085830558838,1.976865146143922,0.9241444834448864,0.5540897367236112,0.44591026311367266,1.2813435538454242e-12,0.9999999998385651,0.9999999998475341,
20,1,1.0,w_10,../results/models/20p/w_10,../results/models/20p/w_10/f_netCTNN.pt,../results/models/20p/w_10/backflowCTNN.pt,rho_v_to_e@rho_v_to_e,node_instances,,,,,,,,,,,empty
20,1,1.0,w_10,../results/models/20p/w_10,../results/models/20p/w_10/f_netCTNN.pt,../results/models/20p/w_10/backflowCTNN.pt,rho_v_to_e@rho_v_to_e,edge_instances,192000,128,2.8009512688921716,2.6636441574766874,1.8997488044187152,0.45865974120508796,0.36693052250398694,0.17440973628861892,0.9999999999976937,0.9999999999978224,
20,0p5,0.5,w_05,../results/models/20p/w_05,../results/models/20p/w_05/f_netCTNN.pt,../results/models/20p/w_05/backflowCTNN.pt,dx_head@dx_head,pooled_BxH,512,2,1.9785139049887432,1.9578581699403261,2.198719105497709,0.5733560696307859,0.42664393032939,nan,nan,nan,
20,0p5,0.5,w_05,../results/models/20p/w_05,../results/models/20p/w_05/f_netCTNN.pt,../results/models/20p/w_05/backflowCTNN.pt,dx_head@dx_head,node_instances,10240,2,1.997463415880649,1.9949386011257122,1.9161186288878103,0.5251849167437542,0.47481508325609917,nan,nan,nan,
20,0p5,0.5,w_05,../results/models/20p/w_05,../results/models/20p/w_05/f_netCTNN.pt,../results/models/20p/w_05/backflowCTNN.pt,dx_head@dx_head,edge_instances,,,,,,,,,,,empty
20,0p5,0.5,w_05,../results/models/20p/w_05,../results/models/20p/w_05/f_netCTNN.pt,../results/models/20p/w_05/backflowCTNN.pt,edge_embed@edge_embed,pooled_BxH,512,128,1.0779224637808644,1.0223526806531276,3.6969191611265106,0.9889853121844683,0.006020318029214737,0.0021077121727638226,0.9971133423864469,0.9999654385281685,
20,0p5,0.5,w_05,../results/models/20p/w_05,../results/models/20p/w_05/f_netCTNN.pt,../results/models/20p/w_05/backflowCTNN.pt,edge_embed@edge_embed,node_instances,,,,,,,,,,,empty
20,0p5,0.5,w_05,../results/models/20p/w_05,../results/models/20p/w_05/f_netCTNN.pt,../results/models/20p/w_05/backflowCTNN.pt,edge_embed@edge_embed,edge_instances,96000,128,3.602501199512117,2.56556113998548,2.131587049331836,0.5711952625665411,0.20622096624426034,0.1398781527623022,0.9172943815731036,0.9966950166058209,
20,0p5,0.5,w_05,../results/models/20p/w_05,../results/models/20p/w_05/f_netCTNN.pt,../results/models/20p/w_05/backflowCTNN.pt,edge_update@edge_update,pooled_BxH,512,128,3.693039379647878,2.7230049288684706,5.572347574090347,0.5448431676244967,0.21526930823876395,0.1450823453053501,0.9051948211686108,0.9969599172632195,
20,0p5,0.5,w_05,../results/models/20p/w_05,../results/models/20p/w_05/f_netCTNN.pt,../results/models/20p/w_05/backflowCTNN.pt,edge_update@edge_update,node_instances,,,,,,,,,,,empty
20,0p5,0.5,w_05,../results/models/20p/w_05,../results/models/20p/w_05/f_netCTNN.pt,../results/models/20p/w_05/backflowCTNN.pt,edge_update@edge_update,edge_instances,96000,128,8.500685098038826,5.856889524583935,3.9289462631970573,0.29913896604505474,0.20356748475781258,0.14336899498690991,0.6460754457897773,0.953166791838515,
20,0p5,0.5,w_05,../results/models/20p/w_05,../results/models/20p/w_05/f_netCTNN.pt,../results/models/20p/w_05/backflowCTNN.pt,node_embed@node_embed,pooled_BxH,512,128,1.9953857566763622,1.9908103678898834,2.171581929081735,0.5339706717942561,0.46602932802839586,1.3966123978418123e-12,0.9999999998240485,0.999999999833824,
20,0p5,0.5,w_05,../results/models/20p/w_05,../results/models/20p/w_05/f_netCTNN.pt,../results/models/20p/w_05/backflowCTNN.pt,node_embed@node_embed,node_instances,10240,128,2.531045827770965,2.3549791404329254,1.9390660582818973,0.47569636980883073,0.4366482717204853,0.08765535846729619,0.9999999999966123,0.9999999999968008,
20,0p5,0.5,w_05,../results/models/20p/w_05,../results/models/20p/w_05/f_netCTNN.pt,../results/models/20p/w_05/backflowCTNN.pt,node_embed@node_embed,edge_instances,,,,,,,,,,,empty
20,0p5,0.5,w_05,../results/models/20p/w_05,../results/models/20p/w_05/f_netCTNN.pt,../results/models/20p/w_05/backflowCTNN.pt,node_update@node_update,pooled_BxH,512,128,2.4254475293078532,2.060076267908202,4.29575514023335,0.605587681936124,0.34264375422237897,0.03434444221565539,0.9825758783741583,0.9988703032006351,
20,0p5,0.5,w_05,../results/models/20p/w_05,../results/models/20p/w_05/f_netCTNN.pt,../results/models/20p/w_05/backflowCTNN.pt,node_update@node_update,node_instances,10240,128,2.0885841188501706,1.9580164348480091,2.582907391365857,0.5960286086769147,0.39426182887577704,0.004600926808746655,0.9948913643614384,0.9995523572534604,
20,0p5,0.5,w_05,../results/models/20p/w_05,../results/models/20p/w_05/f_netCTNN.pt,../results/models/20p/w_05/backflowCTNN.pt,node_update@node_update,edge_instances,,,,,,,,,,,empty
20,0p5,0.5,w_05,../results/models/20p/w_05,../results/models/20p/w_05/f_netCTNN.pt,../results/models/20p/w_05/backflowCTNN.pt,rho_e_to_v@rho_e_to_v,pooled_BxH,512,128,3.5027150729181122,2.8121747720256436,5.023759523014342,0.5091336766047326,0.24925052587185775,0.1813514112397439,0.9397356137163342,0.9984437901504075,
20,0p5,0.5,w_05,../results/models/20p/w_05,../results/models/20p/w_05/f_netCTNN.pt,../results/models/20p/w_05/backflowCTNN.pt,rho_e_to_v@rho_e_to_v,node_instances,,,,,,,,,,,empty
20,0p5,0.5,w_05,../results/models/20p/w_05,../results/models/20p/w_05/f_netCTNN.pt,../results/models/20p/w_05/backflowCTNN.pt,rho_e_to_v@rho_e_to_v,edge_instances,96000,128,5.221752659172385,3.830671035667474,3.939848031440157,0.3545141627666273,0.3247175304506668,0.1578311465883085,0.8370628398056026,0.986402593951695,
20,0p5,0.5,w_05,../results/models/20p/w_05,../results/models/20p/w_05/f_netCTNN.pt,../results/models/20p/w_05/backflowCTNN.pt,rho_v_to_e@rho_v_to_e,pooled_BxH,1024,128,1.992730559585915,1.9855573469261005,0.9337483070204162,0.5426434457848205,0.45735655395353286,2.0602873851634143e-12,0.9999999997404135,0.9999999997548352,
20,0p5,0.5,w_05,../results/models/20p/w_05,../results/models/20p/w_05/f_netCTNN.pt,../results/models/20p/w_05/backflowCTNN.pt,rho_v_to_e@rho_v_to_e,node_instances,,,,,,,,,,,empty
20,0p5,0.5,w_05,../results/models/20p/w_05,../results/models/20p/w_05/f_netCTNN.pt,../results/models/20p/w_05/backflowCTNN.pt,rho_v_to_e@rho_v_to_e,edge_instances,192000,128,2.968330933787244,2.936902157251335,1.9271167411146568,0.3982545055116524,0.32135882195943083,0.28038667252518235,0.9999999999962655,0.9999999999964737,
20,0p1,0.1,w_01,../results/models/20p/w_01,../results/models/20p/w_01/f_netCTNN.pt,../results/models/20p/w_01/backflowCTNN.pt,dx_head@dx_head,pooled_BxH,512,2,1.767519812053902,1.617104213406697,2.165734627714847,0.7432995432795211,0.2567004567190865,nan,nan,nan,
20,0p1,0.1,w_01,../results/models/20p/w_01,../results/models/20p/w_01/f_netCTNN.pt,../results/models/20p/w_01/backflowCTNN.pt,dx_head@dx_head,node_instances,10240,2,1.997756099516917,1.9955214114898148,1.9225589261489309,0.5236871270306159,0.4763128729693811,nan,nan,nan,
20,0p1,0.1,w_01,../results/models/20p/w_01,../results/models/20p/w_01/f_netCTNN.pt,../results/models/20p/w_01/backflowCTNN.pt,dx_head@dx_head,edge_instances,,,,,,,,,,,empty
20,0p1,0.1,w_01,../results/models/20p/w_01,../results/models/20p/w_01/f_netCTNN.pt,../results/models/20p/w_01/backflowCTNN.pt,edge_embed@edge_embed,pooled_BxH,512,128,1.5136632607067824,1.202683377866646,4.463332775844748,0.9103876630355748,0.04121111952857704,0.027338159982324067,0.9789369425464759,0.9999443970980388,
20,0p1,0.1,w_01,../results/models/20p/w_01,../results/models/20p/w_01/f_netCTNN.pt,../results/models/20p/w_01/backflowCTNN.pt,edge_embed@edge_embed,node_instances,,,,,,,,,,,empty
20,0p1,0.1,w_01,../results/models/20p/w_01,../results/models/20p/w_01/f_netCTNN.pt,../results/models/20p/w_01/backflowCTNN.pt,edge_embed@edge_embed,edge_instances,96000,128,4.774406199929368,3.6253360921219824,2.126586343287791,0.41937830899054124,0.25855239665883356,0.16092671065123243,0.8388574163006073,0.9957660044846173,
20,0p1,0.1,w_01,../results/models/20p/w_01,../results/models/20p/w_01/f_netCTNN.pt,../results/models/20p/w_01/backflowCTNN.pt,edge_update@edge_update,pooled_BxH,512,128,6.111839550131602,4.774394653285715,7.053959253669115,0.3211235382842352,0.22243211167866622,0.19822390906988796,0.7417795590327894,0.9909139606443141,
20,0p1,0.1,w_01,../results/models/20p/w_01,../results/models/20p/w_01/f_netCTNN.pt,../results/models/20p/w_01/backflowCTNN.pt,edge_update@edge_update,node_instances,,,,,,,,,,,empty
20,0p1,0.1,w_01,../results/models/20p/w_01,../results/models/20p/w_01/f_netCTNN.pt,../results/models/20p/w_01/backflowCTNN.pt,edge_update@edge_update,edge_instances,96000,128,6.956098515196243,5.039630945191209,3.3377547803858905,0.29093632795173013,0.25551853161414373,0.19268729886384914,0.739142158429723,0.9728800242457426,
20,0p1,0.1,w_01,../results/models/20p/w_01,../results/models/20p/w_01/f_netCTNN.pt,../results/models/20p/w_01/backflowCTNN.pt,node_embed@node_embed,pooled_BxH,512,128,1.999927024520588,1.9998540231054185,2.2219587811064208,0.5042718392382978,0.4957281604151045,2.7292466072502283e-12,0.9999999996561315,0.9999999996752356,
20,0p1,0.1,w_01,../results/models/20p/w_01,../results/models/20p/w_01/f_netCTNN.pt,../results/models/20p/w_01/backflowCTNN.pt,node_embed@node_embed,node_instances,10240,128,2.823230336940567,2.705064087681513,1.9232934991428516,0.4168727367571503,0.40530770263248095,0.17781956060386275,0.999999999993494,0.9999999999938558,
20,0p1,0.1,w_01,../results/models/20p/w_01,../results/models/20p/w_01/f_netCTNN.pt,../results/models/20p/w_01/backflowCTNN.pt,node_embed@node_embed,edge_instances,,,,,,,,,,,empty
20,0p1,0.1,w_01,../results/models/20p/w_01,../results/models/20p/w_01/f_netCTNN.pt,../results/models/20p/w_01/backflowCTNN.pt,node_update@node_update,pooled_BxH,512,128,1.9770471625255368,1.6657942118944877,3.6824511321070954,0.7354588510432459,0.24334656854983547,0.013563542582854572,0.992368962175936,0.9989547874583795,
20,0p1,0.1,w_01,../results/models/20p/w_01,../results/models/20p/w_01/f_netCTNN.pt,../results/models/20p/w_01/backflowCTNN.pt,node_update@node_update,node_instances,10240,128,2.0268006693886833,1.9381364316618874,2.1964394973787296,0.5996990605904108,0.3953619142333629,0.002835056727176906,0.9978960315509506,0.9998765757044131,
20,0p1,0.1,w_01,../results/models/20p/w_01,../results/models/20p/w_01/f_netCTNN.pt,../results/models/20p/w_01/backflowCTNN.pt,node_update@node_update,edge_instances,,,,,,,,,,,empty
20,0p1,0.1,w_01,../results/models/20p/w_01,../results/models/20p/w_01/f_netCTNN.pt,../results/models/20p/w_01/backflowCTNN.pt,rho_e_to_v@rho_e_to_v,pooled_BxH,512,128,5.008894216626612,3.9465010878722313,6.415150708958376,0.36804521883456826,0.2522676499116976,0.21551834487336963,0.8358312136196354,0.9943911742747655,
20,0p1,0.1,w_01,../results/models/20p/w_01,../results/models/20p/w_01/f_netCTNN.pt,../results/models/20p/w_01/backflowCTNN.pt,rho_e_to_v@rho_e_to_v,node_instances,,,,,,,,,,,empty
20,0p1,0.1,w_01,../results/models/20p/w_01,../results/models/20p/w_01/f_netCTNN.pt,../results/models/20p/w_01/backflowCTNN.pt,rho_e_to_v@rho_e_to_v,edge_instances,96000,128,4.102405567430519,3.01314499642772,3.50628268911988,0.4538513535419848,0.33547102854701244,0.10679369141908511,0.8961160735080823,0.9921977830930342,
20,0p1,0.1,w_01,../results/models/20p/w_01,../results/models/20p/w_01/f_netCTNN.pt,../results/models/20p/w_01/backflowCTNN.pt,rho_v_to_e@rho_v_to_e,pooled_BxH,1024,128,1.9815360633310848,1.9636869088858164,0.9565202421272474,0.567993203301699,0.43200679614943377,4.32190605641602e-12,0.9999999994554547,0.9999999994857075,
20,0p1,0.1,w_01,../results/models/20p/w_01,../results/models/20p/w_01/f_netCTNN.pt,../results/models/20p/w_01/backflowCTNN.pt,rho_v_to_e@rho_v_to_e,node_instances,,,,,,,,,,,empty
20,0p1,0.1,w_01,../results/models/20p/w_01,../results/models/20p/w_01/f_netCTNN.pt,../results/models/20p/w_01/backflowCTNN.pt,rho_v_to_e@rho_v_to_e,edge_instances,192000,128,2.627357617135857,2.338459046524887,1.904687332634937,0.5824118627507177,0.23367911020317128,0.1839090270407991,0.999999999994688,0.9999999999949838,
20,0p01,0.01,w_00,../results/models/20p/w_00,../results/models/20p/w_00/f_netCTNN_01.pt,../results/models/20p/w_00/backflowCTNN_01.pt,dx_head@dx_head,pooled_BxH,512,2,1.074108310233158,1.027347130431506,2.109225550221733,0.9865083902408434,0.01349160975915483,nan,nan,nan,
20,0p01,0.01,w_00,../results/models/20p/w_00,../results/models/20p/w_00/f_netCTNN_01.pt,../results/models/20p/w_00/backflowCTNN_01.pt,dx_head@dx_head,node_instances,10240,2,1.0542214983591824,1.0187917019024675,1.8511244158410225,0.9906907950430773,0.009309204956922678,nan,nan,nan,
20,0p01,0.01,w_00,../results/models/20p/w_00,../results/models/20p/w_00/f_netCTNN_01.pt,../results/models/20p/w_00/backflowCTNN_01.pt,dx_head@dx_head,edge_instances,,,,,,,,,,,empty
20,0p01,0.01,w_00,../results/models/20p/w_00,../results/models/20p/w_00/f_netCTNN_01.pt,../results/models/20p/w_00/backflowCTNN_01.pt,edge_embed@edge_embed,pooled_BxH,512,128,1.4090016023251501,1.1541907408547625,4.263227545237182,0.9299611300962963,0.030731379768277285,0.02169514334186322,0.9823876532064368,0.9999816986857037,
20,0p01,0.01,w_00,../results/models/20p/w_00,../results/models/20p/w_00/f_netCTNN_01.pt,../results/models/20p/w_00/backflowCTNN_01.pt,edge_embed@edge_embed,node_instances,,,,,,,,,,,empty
20,0p01,0.01,w_00,../results/models/20p/w_00,../results/models/20p/w_00/f_netCTNN_01.pt,../results/models/20p/w_00/backflowCTNN_01.pt,edge_embed@edge_embed,edge_instances,96000,128,4.175683373159981,2.963952229363605,2.111765195190037,0.5188449532391447,0.20893103687945305,0.14223480094207622,0.8700107910606739,0.9969729005738895,
20,0p01,0.01,w_00,../results/models/20p/w_00,../results/models/20p/w_00/f_netCTNN_01.pt,../results/models/20p/w_00/backflowCTNN_01.pt,edge_update@edge_update,pooled_BxH,512,128,1.8857641879547136,1.3458002007889251,5.755577254503036,0.8588019059977062,0.06107606854074894,0.03101755666042739,0.9508955311988826,0.9980928153975567,
20,0p01,0.01,w_00,../results/models/20p/w_00,../results/models/20p/w_00/f_netCTNN_01.pt,../results/models/20p/w_00/backflowCTNN_01.pt,edge_update@edge_update,node_instances,,,,,,,,,,,empty
20,0p01,0.01,w_00,../results/models/20p/w_00,../results/models/20p/w_00/f_netCTNN_01.pt,../results/models/20p/w_00/backflowCTNN_01.pt,edge_update@edge_update,edge_instances,96000,128,3.7538694444589473,2.783583170498511,2.794795100173678,0.5186209615259364,0.2727264158192587,0.11744159214980401,0.9087889694949991,0.9952758400629672,
20,0p01,0.01,w_00,../results/models/20p/w_00,../results/models/20p/w_00/f_netCTNN_01.pt,../results/models/20p/w_00/backflowCTNN_01.pt,node_embed@node_embed,pooled_BxH,512,128,1.9984764196062588,1.996957069151909,2.171942167587093,0.5195178390609918,0.4804821607488329,1.497570713226611e-12,0.9999999998113223,0.9999999998218047,
20,0p01,0.01,w_00,../results/models/20p/w_00,../results/models/20p/w_00/f_netCTNN_01.pt,../results/models/20p/w_00/backflowCTNN_01.pt,node_embed@node_embed,node_instances,10240,128,2.89384973291366,2.8116400363533813,1.969457745915112,0.4094693849378033,0.37783625986401215,0.21269435519032126,0.9999999999921367,0.9999999999925738,
20,0p01,0.01,w_00,../results/models/20p/w_00,../results/models/20p/w_00/f_netCTNN_01.pt,../results/models/20p/w_00/backflowCTNN_01.pt,node_embed@node_embed,edge_instances,,,,,,,,,,,empty
20,0p01,0.01,w_00,../results/models/20p/w_00,../results/models/20p/w_00/f_netCTNN_01.pt,../results/models/20p/w_00/backflowCTNN_01.pt,node_update@node_update,pooled_BxH,512,128,1.1953092735637136,1.0755288471956277,3.2785489692183774,0.9637570412844904,0.030495110207989215,0.004126471118700996,0.9983786226111806,0.9998262656359128,
20,0p01,0.01,w_00,../results/models/20p/w_00,../results/models/20p/w_00/f_netCTNN_01.pt,../results/models/20p/w_00/backflowCTNN_01.pt,node_update@node_update,node_instances,10240,128,1.1381263702427358,1.051477128796946,2.6428273718632496,0.9749658979215671,0.021870874204569356,0.002459506899768028,0.9992962790259045,0.9999643979133815,
20,0p01,0.01,w_00,../results/models/20p/w_00,../results/models/20p/w_00/f_netCTNN_01.pt,../results/models/20p/w_00/backflowCTNN_01.pt,node_update@node_update,edge_instances,,,,,,,,,,,empty
20,0p01,0.01,w_00,../results/models/20p/w_00,../results/models/20p/w_00/f_netCTNN_01.pt,../results/models/20p/w_00/backflowCTNN_01.pt,rho_e_to_v@rho_e_to_v,pooled_BxH,512,128,2.4568805961467612,1.7075453612156897,5.173572213674239,0.7528133889417907,0.0985126688767215,0.08252485311958815,0.9338509109381004,0.9988091385777738,
20,0p01,0.01,w_00,../results/models/20p/w_00,../results/models/20p/w_00/f_netCTNN_01.pt,../results/models/20p/w_00/backflowCTNN_01.pt,rho_e_to_v@rho_e_to_v,node_instances,,,,,,,,,,,empty
20,0p01,0.01,w_00,../results/models/20p/w_00,../results/models/20p/w_00/f_netCTNN_01.pt,../results/models/20p/w_00/backflowCTNN_01.pt,rho_e_to_v@rho_e_to_v,edge_instances,96000,128,3.673739760630311,3.115798459989178,2.963649473064189,0.43836703695817775,0.2649660121237626,0.23981608534944543,0.9431491344313857,0.998430273901089,
20,0p01,0.01,w_00,../results/models/20p/w_00,../results/models/20p/w_00/f_netCTNN_01.pt,../results/models/20p/w_00/backflowCTNN_01.pt,rho_v_to_e@rho_v_to_e,pooled_BxH,1024,128,1.9592506384786108,1.9214382477235512,0.9319834175650449,0.6011026112178582,0.39889738841171923,2.916835106204714e-12,0.9999999996324943,0.9999999996529115,
20,0p01,0.01,w_00,../results/models/20p/w_00,../results/models/20p/w_00/f_netCTNN_01.pt,../results/models/20p/w_00/backflowCTNN_01.pt,rho_v_to_e@rho_v_to_e,node_instances,,,,,,,,,,,empty
20,0p01,0.01,w_00,../results/models/20p/w_00,../results/models/20p/w_00/f_netCTNN_01.pt,../results/models/20p/w_00/backflowCTNN_01.pt,rho_v_to_e@rho_v_to_e,edge_instances,192000,128,2.3460940107364427,1.9669405988409843,1.9265021885286546,0.6731426571629409,0.19396441919636725,0.13289292363421354,0.9999999999935216,0.9999999999938824,
20,0p001,0.001,w_00,../results/models/20p/w_00,../results/models/20p/w_00/f_netCTNN_001.pt,../results/models/20p/w_00/backflowCTNN_001.pt,dx_head@dx_head,pooled_BxH,512,2,1.3975397623462429,1.2300908813389542,2.112735701816936,0.895567986299642,0.10443201370035556,nan,nan,nan,
20,0p001,0.001,w_00,../results/models/20p/w_00,../results/models/20p/w_00/f_netCTNN_001.pt,../results/models/20p/w_00/backflowCTNN_001.pt,dx_head@dx_head,node_instances,10240,2,1.3877241611797935,1.2223192255685875,1.8726005405134087,0.8988213178923158,0.10117868210768395,nan,nan,nan,
20,0p001,0.001,w_00,../results/models/20p/w_00,../results/models/20p/w_00/f_netCTNN_001.pt,../results/models/20p/w_00/backflowCTNN_001.pt,dx_head@dx_head,edge_instances,,,,,,,,,,,empty
20,0p001,0.001,w_00,../results/models/20p/w_00,../results/models/20p/w_00/f_netCTNN_001.pt,../results/models/20p/w_00/backflowCTNN_001.pt,edge_embed@edge_embed,pooled_BxH,512,128,1.0003330882574613,1.000055596892678,1.1428194174796253,0.9999722024107509,2.4477085094855864e-05,1.83486196588637e-06,0.9999985143578117,0.9999999880276818,
20,0p001,0.001,w_00,../results/models/20p/w_00,../results/models/20p/w_00/f_netCTNN_001.pt,../results/models/20p/w_00/backflowCTNN_001.pt,edge_embed@edge_embed,node_instances,,,,,,,,,,,empty
20,0p001,0.001,w_00,../results/models/20p/w_00,../results/models/20p/w_00/f_netCTNN_001.pt,../results/models/20p/w_00/backflowCTNN_001.pt,edge_embed@edge_embed,edge_instances,96000,128,1.0088811809086324,1.002064505052888,2.246837976665073,0.9989690272546436,0.0007546732541763525,0.0002466523357159336,0.999970352844536,0.9999991161703314,
20,0p001,0.001,w_00,../results/models/20p/w_00,../results/models/20p/w_00/f_netCTNN_001.pt,../results/models/20p/w_00/backflowCTNN_001.pt,edge_update@edge_update,pooled_BxH,512,128,1.0572562162461911,1.016766731956531,2.980355836713289,0.991703243306223,0.005304497803488251,0.0024976111870372558,0.9995053522967485,0.9999733168518898,
20,0p001,0.001,w_00,../results/models/20p/w_00,../results/models/20p/w_00/f_netCTNN_001.pt,../results/models/20p/w_00/backflowCTNN_001.pt,edge_update@edge_update,node_instances,,,,,,,,,,,empty
20,0p001,0.001,w_00,../results/models/20p/w_00,../results/models/20p/w_00/f_netCTNN_001.pt,../results/models/20p/w_00/backflowCTNN_001.pt,edge_update@edge_update,edge_instances,96000,128,1.0958330053348309,1.027584670871046,3.9534049005373038,0.9864560110988814,0.006181086010236063,0.004463230372666639,0.997100327481784,0.9997178050630902,
20,0p001,0.001,w_00,../results/models/20p/w_00,../results/models/20p/w_00/f_netCTNN_001.pt,../results/models/20p/w_00/backflowCTNN_001.pt,node_embed@node_embed,pooled_BxH,512,128,1.993499239290428,1.9870755059172878,2.179032915365122,0.5403245561090815,0.4596754438906154,2.509353929766394e-15,0.9999999999996995,0.9999999999997166,
20,0p001,0.001,w_00,../results/models/20p/w_00,../results/models/20p/w_00/f_netCTNN_001.pt,../results/models/20p/w_00/backflowCTNN_001.pt,node_embed@node_embed,node_instances,10240,128,2.000418132865292,1.9910079309888802,2.077945366897071,0.5358618869531393,0.46379962656434504,0.00033848648250045223,0.9999999999999848,0.9999999999999861,
20,0p001,0.001,w_00,../results/models/20p/w_00,../results/models/20p/w_00/f_netCTNN_001.pt,../results/models/20p/w_00/backflowCTNN_001.pt,node_embed@node_embed,edge_instances,,,,,,,,,,,empty
20,0p001,0.001,w_00,../results/models/20p/w_00,../results/models/20p/w_00/f_netCTNN_001.pt,../results/models/20p/w_00/backflowCTNN_001.pt,node_update@node_update,pooled_BxH,512,128,2.40756858446655,1.9404931048471872,4.109092349497665,0.6646447085010657,0.2670712102386892,0.044211784849393254,0.9759277035891482,0.9995231584869911,
20,0p001,0.001,w_00,../results/models/20p/w_00,../results/models/20p/w_00/f_netCTNN_001.pt,../results/models/20p/w_00/backflowCTNN_001.pt,node_update@node_update,node_instances,10240,128,2.8165099134221965,2.255344207754506,3.105958030108407,0.603965566023154,0.26244718300111025,0.09172265837743235,0.9581354074016966,0.9992862032077864,
20,0p001,0.001,w_00,../results/models/20p/w_00,../results/models/20p/w_00/f_netCTNN_001.pt,../results/models/20p/w_00/backflowCTNN_001.pt,node_update@node_update,edge_instances,,,,,,,,,,,empty
20,0p001,0.001,w_00,../results/models/20p/w_00,../results/models/20p/w_00/f_netCTNN_001.pt,../results/models/20p/w_00/backflowCTNN_001.pt,rho_e_to_v@rho_e_to_v,pooled_BxH,512,128,1.0466088874521176,1.0131655674247735,2.917008024623267,0.9934707543415572,0.0042890953152214875,0.0016930526158169565,0.9994529022725956,0.9999889936659657,
20,0p001,0.001,w_00,../results/models/20p/w_00,../results/models/20p/w_00/f_netCTNN_001.pt,../results/models/20p/w_00/backflowCTNN_001.pt,rho_e_to_v@rho_e_to_v,node_instances,,,,,,,,,,,empty
20,0p001,0.001,w_00,../results/models/20p/w_00,../results/models/20p/w_00/f_netCTNN_001.pt,../results/models/20p/w_00/backflowCTNN_001.pt,rho_e_to_v@rho_e_to_v,edge_instances,96000,128,1.0877188529369262,1.0250825064453766,3.7734059998190768,0.9876667410678239,0.004892363714832745,0.003999855584027958,0.9965589603666846,0.9998866434534958,
20,0p001,0.001,w_00,../results/models/20p/w_00,../results/models/20p/w_00/f_netCTNN_001.pt,../results/models/20p/w_00/backflowCTNN_001.pt,rho_v_to_e@rho_v_to_e,pooled_BxH,1024,128,1.976733508877256,1.9544391762236517,0.8130654244009567,0.576340448762575,0.4236595512369178,4.1436379450602295e-15,0.9999999999994968,0.9999999999995252,
20,0p001,0.001,w_00,../results/models/20p/w_00,../results/models/20p/w_00/f_netCTNN_001.pt,../results/models/20p/w_00/backflowCTNN_001.pt,rho_v_to_e@rho_v_to_e,node_instances,,,,,,,,,,,empty
20,0p001,0.001,w_00,../results/models/20p/w_00,../results/models/20p/w_00/f_netCTNN_001.pt,../results/models/20p/w_00/backflowCTNN_001.pt,rho_v_to_e@rho_v_to_e,edge_instances,192000,128,1.9863688096966452,1.943329117590079,2.26794350438338,0.5885026143586086,0.4101753298569547,0.001322055784411409,0.9999999999999747,0.9999999999999769,
