{
  "system": {
    "N": 12,
    "d": 2,
    "omega": 0.5
  },
  "mcmc": {
    "method": "rw",
    "step_sigma": 0.282842712474619,
    "burn_in": 100,
    "mix_steps": 30,
    "target_accept": 0.6,
    "acc_noBF": {
      "burn": 0.6310948836803436,
      "mix": 0.6394160568714142
    },
    "acc_BF": {
      "burn": 0.6223722577095032,
      "mix": 0.6439172685146332
    }
  },
  "energy": {
    "noBF": {
      "mean": 39.483521392453625,
      "std": 1.018559244631957,
      "se": 0.03076670715239308,
      "nfinite": 1096,
      "ntotal": 1096
    },
    "withBF": {
      "mean": 39.16589505673602,
      "std": 0.29432813758542453,
      "se": 0.00889050653020395,
      "nfinite": 1096,
      "ntotal": 1096
    }
  },
  "pinn": {
    "feature_pca_eff_rank": 2.0511868036326124,
    "rho_in_pca_eff_rank": 2.0511868036326124,
    "rho_in_expvar_top8": [
      0.7957908464377242,
      0.13148419835932348,
      0.043190446192105506,
      0.01752658723200115,
      0.008315719475336157,
      0.002834817725136881,
      0.0004626565278452965,
      0.0003275533587378061
    ],
    "rho_weights": {
      "std": [
        0.18376319543518665,
        0.217553277321836,
        0.09709994505525404,
        0.10259260907326061,
        0.35351543996338153,
        0.34838261495760137,
        0.2509808892540611,
        0.19734822377481756,
        0.22787445482820098,
        0.4783506862674294,
        0.2806933149403566,
        0.14154548135138517
      ],
      "w_eff": [
        0.6801790070823461,
        0.07621129142428876,
        0.5767531165725904,
        0.2272611920476216,
        0.09316169797134899,
        1.2982285499444577,
        1.1162370471915977,
        1.1632748377827382,
        1.2689184300461875,
        2.564706869253638,
        0.16642610780554587,
        1.2974390305258607
      ],
      "importance": [
        0.12499186780938439,
        0.016580016218283554,
        0.05600269592964506,
        0.023315318633264845,
        0.0329340986460771,
        0.45228025704226515,
        0.28015416672247456,
        0.2295702229983624,
        0.2891540954682317,
        1.226829290982268,
        0.046714695892559825,
        0.1836466320998575
      ]
    },
    "branch_ablation": {
      "phi": 1.9656546516864681,
      "psi": 87.54244743186226,
      "extras": 6.015501103949724
    },
    "pc_ablation": {
      "k": [
        1,
        2,
        3,
        4,
        6,
        8,
        12
      ],
      "mae_pc": [
        0.2054490107975316,
        0.15017895771449172,
        0.13856697866568302,
        0.08155213508074766,
        0.012722572736151143,
        0.003043184149094997,
        5.497629926319023e-15
      ],
      "mae_rand": [
        1.8767558336257935,
        1.9477351903915405,
        1.4788554906845093,
        1.5702041387557983,
        0.9502217769622803,
        0.6220768094062805,
        2.5381155917226714e-15
      ],
      "pca_eff_rank": 2.0511868036326124
    },
    "probes": {
      "names": [
        "r_mean",
        "r_var",
        "Pr(r<0.25)",
        "shell_contrast"
      ],
      "R2": [
        0.981552172219644,
        0.6421088664456969,
        0.022700079334070145,
        0.016965219793650066
      ]
    },
    "pc1_block_power": {
      "phi": 0.10285374062721712,
      "psi": 0.7557615358464217,
      "extras": 0.1413847235253613
    },
    "near_field_grad_share": [
      {
        "q": 0.01,
        "share": 1.056270592481521,
        "count": 32,
        "frac": 0.029197080291970802
      },
      {
        "q": 0.05,
        "share": 1.0355617143588753,
        "count": 55,
        "frac": 0.05018248175182482
      },
      {
        "q": 0.1,
        "share": 1.030884567163148,
        "count": 110,
        "frac": 0.10036496350364964
      }
    ],
    "energy_feature_corr": {
      "corr_features": [
        0.07315958197694886,
        0.0733516704012985,
        -0.0016390437624504838,
        0.005888410598275723,
        0.035240962464974934,
        0.006559564302972571,
        -0.05726189281632127,
        0.054789444110623794,
        -0.07462480555016199,
        -0.03645817047760822,
        -0.08656926617588243,
        0.010330811968079662
      ],
      "corr_out_base": 0.038588989838635714,
      "corr_cusp": 0.14446287476934408
    }
  },
  "backflow": {
    "bf_kind": "ctnn",
    "pca_dx": {
      "eff_rank": 21.64379596833777,
      "expvar_top8": [
        0.06509853573834946,
        0.0598467859681423,
        0.05478055937371019,
        0.054200035337482626,
        0.05270292427420394,
        0.050040453670534404,
        0.04977224425920745,
        0.04892576190124125
      ]
    },
    "pc_ablation_dx": {
      "kind": 1,
      "k": [
        1,
        2,
        3,
        4,
        6,
        8,
        12
      ],
      "rel_err_pc": [
        0.966903027329847,
        0.9354435730122695,
        0.9056898580171474,
        0.8752565815671154,
        0.8144511683520854,
        0.751420454518109,
        0.6191026369289522
      ],
      "rel_err_rand": [
        0.9800969958305359,
        0.9573857188224792,
        0.936513364315033,
        0.912203848361969,
        0.8653625845909119,
        0.8117110133171082,
        0.7075434327125549
      ],
      "pca_eff_rank": 21.64379596833777
    },
    "near_field_dx2": {
      "kind": 1,
      "rows": [
        {
          "q": 0.01,
          "share": 0.937473465198246,
          "count": 11,
          "frac": 0.010036496350364963
        },
        {
          "q": 0.05,
          "share": 1.089599576948385,
          "count": 55,
          "frac": 0.05018248175182482
        },
        {
          "q": 0.1,
          "share": 1.0835964242897294,
          "count": 110,
          "frac": 0.10036496350364964
        }
      ]
    },
    "probes_dx": {
      "kind": 1,
      "target_names": [
        "r_mean",
        "r_var",
        "Pr(r<0.25)",
        "shell_contrast"
      ],
      "R2": [
        0.007854587856846784,
        0.007662896003536868,
        0.0007743537974874704,
        0.002049036392439807
      ],
      "pc1_decomposition": {
        "per_particle_share": [
          0.14685239641447895,
          0.03968519212975756,
          0.09132386898069356,
          0.07090794023296651,
          0.02260816348014379,
          0.12472877349045058,
          0.03491607920438464,
          0.16068548835733434,
          0.07005433320337921,
          0.03264861763986063,
          0.15264238584599754,
          0.052946761019552674
        ],
        "com_energy_frac": 5.090874819658511e-32,
        "rel_energy_frac": 1.0,
        "radial_frac_of_rel": 0.19013153507522632,
        "tangential_frac_of_rel": 0.8098684649247737
      }
    },
    "ctnn_internal": {
      "kind": 1,
      "note": "not_ctnn"
    },
    "ctnn_transport_ablations": {
      "kind": 1,
      "note": "not_ctnn"
    }
  },
  "winsor_pct": 0.0
}