{
  "system": {
    "N": 2,
    "d": 2,
    "omega": 0.1
  },
  "mcmc": {
    "method": "rw",
    "step_sigma": 0.6324555320336759,
    "burn_in": 100,
    "mix_steps": 30,
    "target_accept": 0.6,
    "acc_noBF": {
      "burn": 0.5982470703125,
      "mix": 0.5993733723958333
    },
    "acc_BF": {
      "burn": 0.597623291015625,
      "mix": 0.5979044596354167
    }
  },
  "energy": {
    "noBF": {
      "mean": 0.44076294254283804,
      "std": 0.0039897946909655145,
      "se": 3.117027102316808e-05,
      "nfinite": 16384,
      "ntotal": 16384
    },
    "withBF": {
      "mean": 0.44076370275898397,
      "std": 0.0038407557980079244,
      "se": 3.000590467193691e-05,
      "nfinite": 16384,
      "ntotal": 16384
    }
  },
  "pinn": {
    "feature_pca_eff_rank": 1.2947686852605687,
    "rho_in_pca_eff_rank": 1.2947686852605687,
    "rho_in_expvar_top8": [
      0.933935983304252,
      0.06267649221217293,
      0.002991305771593149,
      0.0002313758099731421,
      0.00011508197022763183,
      3.633400841472586e-05,
      9.097006684429214e-06,
      2.5745667651133257e-06
    ],
    "rho_weights": {
      "std": [
        0.012154033892983949,
        0.0236303539498929,
        0.011968782171772595,
        0.0281565483273632,
        0.0475513694859624,
        0.32141350159313725,
        0.3565802807283519,
        0.45630555074394735,
        0.21188419726919117,
        0.3623961677478781,
        0.49356506531424055,
        0.585903846428991
      ],
      "w_eff": [
        0.1787102037206674,
        0.373594254260062,
        0.28227124101461565,
        0.39108841651575094,
        0.125605708196878,
        0.08601352140093244,
        0.4124737212057261,
        0.10499059592964073,
        0.04608759162178876,
        0.23860879050624248,
        0.057936042699264445,
        1.1181891509363158
      ],
      "importance": [
        0.0021720498730430577,
        0.008828164461811549,
        0.003378442997059857,
        0.01101169989989769,
        0.005972723440015722,
        0.027645907097829943,
        0.14707999530060578,
        0.04790779169860995,
        0.00976523235485301,
        0.08647091127041855,
        0.028595206698911087,
        0.6551513245687549
      ]
    },
    "branch_ablation": {
      "phi": 0.898786769098119,
      "psi": 0.3985236207187677,
      "extras": 2.608972890204909
    },
    "pc_ablation": {
      "k": [
        1,
        2,
        3,
        4,
        6,
        8,
        12
      ],
      "mae_pc": [
        0.05629022490602004,
        0.005076148443229806,
        0.004844124264357398,
        0.0048357823819521195,
        0.0013308972849234754,
        0.00010135541334151006,
        4.163742918159019e-16
      ],
      "mae_rand": [
        0.44898685812950134,
        0.4345777928829193,
        0.3297887146472931,
        0.3457115590572357,
        0.302720844745636,
        0.20895762741565704,
        3.527361506233147e-16
      ],
      "pca_eff_rank": 1.2947686852605687
    },
    "probes": {
      "names": [
        "r_mean",
        "r_var",
        "Pr(r<0.25)",
        "shell_contrast"
      ],
      "R2": [
        0.9939642751737997,
        0.0,
        0.08241550687192956,
        0.011732920352802712
      ]
    },
    "pc1_block_power": {
      "phi": 0.0023783659620132363,
      "psi": 0.5346827307856212,
      "extras": 0.46293890325136544
    },
    "near_field_grad_share": [
      {
        "q": 0.01,
        "share": 5.080942874311413,
        "count": 164,
        "frac": 0.010009765625
      },
      {
        "q": 0.05,
        "share": 3.8099767780725147,
        "count": 820,
        "frac": 0.050048828125
      },
      {
        "q": 0.1,
        "share": 3.0378524270480045,
        "count": 1639,
        "frac": 0.10003662109375
      }
    ],
    "energy_feature_corr": {
      "corr_features": [
        0.013901113910018182,
        -0.051912512661374983,
        -0.060411169440850995,
        -0.059524506590317314,
        -0.06019904844990722,
        -0.13188064303582156,
        -0.11456842264879244,
        -0.17260661059343593,
        -0.13514772873269437,
        -0.15547485132499375,
        0.060024123829527286,
        0.12050891214432241
      ],
      "corr_out_base": 0.16102958403515719,
      "corr_cusp": 0.01674540821524448
    }
  },
  "backflow": {
    "bf_kind": "ctnn",
    "pca_dx": {
      "eff_rank": 3.6311692853803934,
      "expvar_top8": [
        0.22438241042873233,
        0.19390594335580078,
        0.1939038820718223,
        0.19390388207182224
      ]
    },
    "pc_ablation_dx": {
      "kind": 1,
      "k": [
        1,
        2,
        3,
        4,
        6,
        8,
        12
      ],
      "rel_err_pc": [
        0.008223509969130618,
        5.82898280249907e-11,
        4.1156343273990284e-11,
        2.0705102093903137e-16,
        2.0705102093903137e-16,
        2.0705102093903137e-16,
        2.0705102093903137e-16
      ],
      "rel_err_rand": [
        0.7801547050476074,
        0.757498562335968,
        0.30325523018836975,
        2.6008167821266973e-16,
        3.671969088570769e-16,
        3.560694634987768e-16,
        3.9568426799957434e-16
      ],
      "pca_eff_rank": 3.6311692853803934
    },
    "near_field_dx2": {
      "kind": 1,
      "rows": [
        {
          "q": 0.01,
          "share": 17.711467209826647,
          "count": 164,
          "frac": 0.010009765625
        },
        {
          "q": 0.05,
          "share": 9.118251472967442,
          "count": 820,
          "frac": 0.050048828125
        },
        {
          "q": 0.1,
          "share": 6.519963845821828,
          "count": 1639,
          "frac": 0.10003662109375
        }
      ]
    },
    "probes_dx": {
      "kind": 1,
      "target_names": [
        "r_mean",
        "r_var",
        "Pr(r<0.25)",
        "shell_contrast"
      ],
      "R2": [
        0.1985698263297312,
        0.0,
        0.10831923509796493,
        0.001144559363542852
      ],
      "pc1_decomposition": {
        "per_particle_share": [
          0.49999999999896944,
          0.5000000000000305
        ],
        "com_energy_frac": 4.8838628298225735e-25,
        "rel_energy_frac": 1.0,
        "radial_frac_of_rel": 0.589382330766771,
        "tangential_frac_of_rel": 0.41061766923322895
      }
    },
    "ctnn_internal": {
      "kind": 1,
      "note": "not_ctnn"
    },
    "ctnn_transport_ablations": {
      "kind": 1,
      "note": "not_ctnn"
    }
  },
  "winsor_pct": 0.0
}