{
  "system": {
    "N": 12,
    "d": 2,
    "omega": 0.001
  },
  "mcmc": {
    "method": "rw",
    "step_sigma": 6.32455532033676,
    "burn_in": 100,
    "mix_steps": 30,
    "target_accept": 0.6,
    "acc_noBF": {
      "burn": 0.5685583901405334,
      "mix": 0.5693734725316365
    },
    "acc_BF": {
      "burn": 0.5701824784278869,
      "mix": 0.5653588771820068
    }
  },
  "energy": {
    "noBF": {
      "mean": 0.5164068572665935,
      "std": 0.13362700267889038,
      "se": 0.0040363512291904215,
      "nfinite": 1096,
      "ntotal": 1096
    },
    "withBF": {
      "mean": 0.514217688069134,
      "std": 0.10273533429900983,
      "se": 0.003103234260784667,
      "nfinite": 1096,
      "ntotal": 1096
    }
  },
  "pinn": {
    "feature_pca_eff_rank": 1.6694456481001854,
    "rho_in_pca_eff_rank": 1.6694456481001854,
    "rho_in_expvar_top8": [
      0.8521832695306946,
      0.1223842661565369,
      0.016791631783044353,
      0.0040343477406050345,
      0.0031129222547836015,
      0.0013494605228289939,
      0.00012074990487096102,
      1.9260183081817405e-05
    ],
    "rho_weights": {
      "std": [
        0.9931535249106107,
        0.3960623645476722,
        0.33243020103253934,
        0.6277267348967024,
        0.6025112185077601,
        0.2925684258426427,
        0.35993231640359186,
        0.3853464552506685,
        0.31664765016234236,
        0.18955479703790262,
        1.0022161831547656,
        0.03717101858199497
      ],
      "w_eff": [
        2.2022518713609793,
        7.234391518455713,
        10.767858637684334,
        0.8481887535467609,
        4.727477831181181,
        13.068860265974152,
        21.720896877872434,
        30.51938693424778,
        10.22232403100268,
        20.47752300190715,
        6.590388100630514,
        4.776094443637072
      ],
      "importance": [
        2.1871742087831456,
        2.8652702108631942,
        3.5795614116153684,
        0.5324307568400121,
        2.8483584285333965,
        3.8235358755735183,
        7.8180527276161715,
        11.76053757153595,
        3.236874883615042,
        3.8816127164654923,
        6.604993607722498,
        0.17753229531379652
      ]
    },
    "branch_ablation": {
      "phi": 99.17819785220212,
      "psi": 39.8741163829567,
      "extras": 39.75846530701419
    },
    "pc_ablation": {
      "k": [
        1,
        2,
        3,
        4,
        6,
        8,
        12
      ],
      "mae_pc": [
        5.514784887584782,
        4.4206247672903904,
        0.89284849770877,
        0.5047457078176784,
        0.270512731996615,
        0.02000760685203779,
        1.0917463202737305e-14
      ],
      "mae_rand": [
        19.610090255737305,
        17.895294189453125,
        19.457040786743164,
        17.726640701293945,
        14.889653205871582,
        7.8389458656311035,
        1.2281063786637268e-14
      ],
      "pca_eff_rank": 1.6694456481001854
    },
    "probes": {
      "names": [
        "r_mean",
        "r_var",
        "Pr(r<0.25)",
        "shell_contrast"
      ],
      "R2": [
        0.9950907028486394,
        0.8036954737136156,
        0.0785015478977672,
        0.03429890746366726
      ]
    },
    "pc1_block_power": {
      "phi": 0.5281873319915718,
      "psi": 0.14454727602100217,
      "extras": 0.32726539198642585
    },
    "near_field_grad_share": [
      {
        "q": 0.01,
        "share": 0.9893103075574519,
        "count": 32,
        "frac": 0.029197080291970802
      },
      {
        "q": 0.05,
        "share": 0.9980987179393213,
        "count": 55,
        "frac": 0.05018248175182482
      },
      {
        "q": 0.1,
        "share": 1.0041447015694205,
        "count": 110,
        "frac": 0.10036496350364964
      }
    ],
    "energy_feature_corr": {
      "corr_features": [
        -0.016239674858818803,
        0.017576715224544563,
        0.03286544216485498,
        -0.004023081610446833,
        0.05655545438203084,
        0.25528058465813214,
        0.2456918824992145,
        0.24491687288692074,
        0.24585196539964158,
        -0.2561235318029932,
        -0.039009882599004196,
        -0.08811315339873328
      ],
      "corr_out_base": -0.10717784754525615,
      "corr_cusp": 0.19285119829430186
    }
  },
  "backflow": {
    "bf_kind": "ctnn",
    "pca_dx": {
      "eff_rank": 21.553181760195983,
      "expvar_top8": [
        0.06473208104021311,
        0.05950442522315716,
        0.05707311407033742,
        0.055459047063279684,
        0.05418251498083861,
        0.053487465099473566,
        0.05198943132178323,
        0.0509662376391699
      ]
    },
    "pc_ablation_dx": {
      "kind": 1,
      "k": [
        1,
        2,
        3,
        4,
        6,
        8,
        12
      ],
      "rel_err_pc": [
        0.967092507963747,
        0.9358223622762694,
        0.9048151080004679,
        0.8736311192960834,
        0.8096674332848343,
        0.7433745244228935,
        0.6078102971464749
      ],
      "rel_err_rand": [
        0.9801392555236816,
        0.9570713639259338,
        0.9356209635734558,
        0.9130693078041077,
        0.8655708432197571,
        0.812960684299469,
        0.7062121033668518
      ],
      "pca_eff_rank": 21.553181760195983
    },
    "near_field_dx2": {
      "kind": 1,
      "rows": [
        {
          "q": 0.01,
          "share": 0.9792757042260468,
          "count": 11,
          "frac": 0.010036496350364963
        },
        {
          "q": 0.05,
          "share": 1.0063656297581665,
          "count": 55,
          "frac": 0.05018248175182482
        },
        {
          "q": 0.1,
          "share": 0.9698836376784288,
          "count": 110,
          "frac": 0.10036496350364964
        }
      ]
    },
    "probes_dx": {
      "kind": 1,
      "target_names": [
        "r_mean",
        "r_var",
        "Pr(r<0.25)",
        "shell_contrast"
      ],
      "R2": [
        0.0007284753698886259,
        0.0005925612133956815,
        0.0007467974531698562,
        0.0055732431969732765
      ],
      "pc1_decomposition": {
        "per_particle_share": [
          0.027927605658790277,
          0.19478708016054797,
          0.036617207895361485,
          0.032432732861472094,
          0.04585130117542211,
          0.11678734638460597,
          0.14821846367180946,
          0.012214366131695789,
          0.0733555764232825,
          0.24309797232285954,
          0.0648024660340133,
          0.0039078812791393715
        ],
        "com_energy_frac": 2.7801601218012157e-32,
        "rel_energy_frac": 1.0,
        "radial_frac_of_rel": 0.7502007963782877,
        "tangential_frac_of_rel": 0.24979920362171226
      }
    },
    "ctnn_internal": {
      "kind": 1,
      "note": "not_ctnn"
    },
    "ctnn_transport_ablations": {
      "kind": 1,
      "note": "not_ctnn"
    }
  },
  "winsor_pct": 0.0
}