{
  "system": {
    "N": 6,
    "d": 2,
    "omega": 1.0
  },
  "mcmc": {
    "method": "rw",
    "step_sigma": 0.2,
    "burn_in": 100,
    "mix_steps": 30,
    "target_accept": 0.6,
    "acc_noBF": {
      "burn": 0.60713503241539,
      "mix": 0.6080900172392527
    },
    "acc_BF": {
      "burn": 0.5943065667152405,
      "mix": 0.5897506038347881
    }
  },
  "energy": {
    "noBF": {
      "mean": 20.311307751998164,
      "std": 0.9387747838765577,
      "se": 0.028356729380054523,
      "nfinite": 1096,
      "ntotal": 1096
    },
    "withBF": {
      "mean": 20.14428133651581,
      "std": 0.1825920252694307,
      "se": 0.005515393826558252,
      "nfinite": 1096,
      "ntotal": 1096
    }
  },
  "pinn": {
    "feature_pca_eff_rank": 2.65377236168418,
    "rho_in_pca_eff_rank": 2.65377236168418,
    "rho_in_expvar_top8": [
      0.6660148590788427,
      0.16040387956530497,
      0.1430070208035748,
      0.023199091821591137,
      0.00326210663407379,
      0.0019193977220454816,
      0.0012344764601499116,
      0.0007544797021543229
    ],
    "rho_weights": {
      "std": [
        0.3410640663932531,
        0.21172619413720906,
        0.04857525775757773,
        0.08377545101022316,
        0.2621140791646755,
        0.3017348841370231,
        0.14730692830482736,
        0.165158301218939,
        0.10164610829381883,
        0.4214439124221855,
        0.3203964007603816,
        0.27288534045227697
      ],
      "w_eff": [
        0.0540208484084093,
        0.24610972638440448,
        0.26297897862995756,
        0.39295694462600117,
        0.06764833203332968,
        0.03025907314440408,
        0.0920681409615232,
        0.939880465790491,
        0.3773568656101953,
        1.2737886808334922,
        0.02511395984704977,
        0.7659613586132905
      ],
      "importance": [
        0.018424570228185572,
        0.052107875707519825,
        0.012774271671774714,
        0.032920145263642536,
        0.017731580257942428,
        0.009130217929320473,
        0.013562275039777838,
        0.15522906107882262,
        0.03835685682722995,
        0.5368304852495615,
        0.00804642234383549,
        0.20901962611847638
      ]
    },
    "branch_ablation": {
      "phi": 0.2658724502182685,
      "psi": 3.8869540188760654,
      "extras": 2.8983544818504683
    },
    "pc_ablation": {
      "k": [
        1,
        2,
        3,
        4,
        6,
        8,
        12
      ],
      "mae_pc": [
        0.06977885126885269,
        0.05185880559238128,
        0.04918675316222411,
        0.03732689791897015,
        0.008503196688442915,
        0.0033248969535475854,
        5.13275553446685e-16
      ],
      "mae_rand": [
        0.7208611369132996,
        0.6935951113700867,
        0.557637631893158,
        0.572796642780304,
        0.3458693027496338,
        0.29073792695999146,
        4.0071688778590617e-16
      ],
      "pca_eff_rank": 2.65377236168418
    },
    "probes": {
      "names": [
        "r_mean",
        "r_var",
        "Pr(r<0.25)",
        "shell_contrast"
      ],
      "R2": [
        0.9712169945054235,
        0.39324875161720807,
        0.03509500397103149,
        0.014874441511672165
      ]
    },
    "pc1_block_power": {
      "phi": 0.024877019930891975,
      "psi": 0.6432747718108407,
      "extras": 0.3318482082572675
    },
    "near_field_grad_share": [
      {
        "q": 0.01,
        "share": 1.0529097499032547,
        "count": 32,
        "frac": 0.029197080291970802
      },
      {
        "q": 0.05,
        "share": 1.040672209127737,
        "count": 55,
        "frac": 0.05018248175182482
      },
      {
        "q": 0.1,
        "share": 1.0691781163442295,
        "count": 110,
        "frac": 0.10036496350364964
      }
    ],
    "energy_feature_corr": {
      "corr_features": [
        -0.04594528085177464,
        -0.04114529727405153,
        -0.02803517216509055,
        0.24486989891681862,
        0.04188653542556881,
        -0.08840456884520774,
        0.13587163123831467,
        0.22269687480944225,
        -0.08229221483985583,
        0.1348697984300704,
        -0.3093879391027772,
        -0.14598014171362142
      ],
      "corr_out_base": -0.1608060884805804,
      "corr_cusp": 0.4389910584107502
    }
  },
  "backflow": {
    "bf_kind": "ctnn",
    "pca_dx": {
      "eff_rank": 9.867810664056629,
      "expvar_top8": [
        0.12420261307205067,
        0.1168616556522033,
        0.11408514981815567,
        0.1082014970079321,
        0.10343442513800719,
        0.09982791930076956,
        0.09370494478288191,
        0.09062445460579488
      ]
    },
    "pc_ablation_dx": {
      "kind": 1,
      "k": [
        1,
        2,
        3,
        4,
        6,
        8,
        12
      ],
      "rel_err_pc": [
        0.9358404708696773,
        0.8711691748775476,
        0.8030258908844211,
        0.7325633654613742,
        0.5773965188384451,
        0.3860794485226796,
        7.371358175132315e-16
      ],
      "rel_err_rand": [
        0.9576248526573181,
        0.9139871597290039,
        0.872802197933197,
        0.8165221810340881,
        0.7099516987800598,
        0.5740424394607544,
        5.884299768092998e-16
      ],
      "pca_eff_rank": 9.867810664056629
    },
    "near_field_dx2": {
      "kind": 1,
      "rows": [
        {
          "q": 0.01,
          "share": 0.9113680888434089,
          "count": 11,
          "frac": 0.010036496350364963
        },
        {
          "q": 0.05,
          "share": 1.134818814081161,
          "count": 55,
          "frac": 0.05018248175182482
        },
        {
          "q": 0.1,
          "share": 1.1406670009313316,
          "count": 110,
          "frac": 0.10036496350364964
        }
      ]
    },
    "probes_dx": {
      "kind": 1,
      "target_names": [
        "r_mean",
        "r_var",
        "Pr(r<0.25)",
        "shell_contrast"
      ],
      "R2": [
        0.0006017217617347859,
        0.002254425128328741,
        0.013635587415048334,
        0.0022194731952297486
      ],
      "pc1_decomposition": {
        "per_particle_share": [
          0.40020465274879785,
          0.14573764130021374,
          0.14086738559505593,
          0.04381938802621893,
          0.10902603985482222,
          0.16034489247389133
        ],
        "com_energy_frac": 1.9644485432730152e-32,
        "rel_energy_frac": 1.0,
        "radial_frac_of_rel": 0.6074746311822833,
        "tangential_frac_of_rel": 0.3925253688177167
      }
    },
    "ctnn_internal": {
      "kind": 1,
      "note": "not_ctnn"
    },
    "ctnn_transport_ablations": {
      "kind": 1,
      "note": "not_ctnn"
    }
  },
  "winsor_pct": 0.0
}