{
  "system": {
    "N": 2,
    "d": 2,
    "omega": 0.5
  },
  "mcmc": {
    "method": "rw",
    "step_sigma": 0.282842712474619,
    "burn_in": 100,
    "mix_steps": 30,
    "target_accept": 0.6,
    "acc_noBF": {
      "burn": 0.5990478515625,
      "mix": 0.599200439453125
    },
    "acc_BF": {
      "burn": 0.599981689453125,
      "mix": 0.5987141927083334
    }
  },
  "energy": {
    "noBF": {
      "mean": 1.6597719821110402,
      "std": 0.0077040245914998156,
      "se": 6.018769212109231e-05,
      "nfinite": 16384,
      "ntotal": 16384
    },
    "withBF": {
      "mean": 1.6597536801147559,
      "std": 0.00783622872068479,
      "se": 6.122053688034992e-05,
      "nfinite": 16384,
      "ntotal": 16384
    }
  },
  "pinn": {
    "feature_pca_eff_rank": 1.2387981834992554,
    "rho_in_pca_eff_rank": 1.2387981834992554,
    "rho_in_expvar_top8": [
      0.9535318401478844,
      0.03952427019211666,
      0.004056998710865267,
      0.0022987493922807523,
      0.000488355096277593,
      4.631439688538699e-05,
      2.7927012331595006e-05,
      2.051841874839867e-05
    ],
    "rho_weights": {
      "std": [
        0.048964801575102516,
        0.02275073757963818,
        0.03222696663515439,
        0.0599900704071841,
        0.04985509145480767,
        0.5685767511148879,
        0.49590395235479445,
        0.15825877461491766,
        0.19420210954045425,
        0.6848181250163767,
        0.4300774245267609,
        0.8302001996107317
      ],
      "w_eff": [
        0.005381297910282423,
        0.00966239074431087,
        0.05057803995590718,
        0.08259856534542083,
        0.035509570429687436,
        0.015601254564605972,
        0.04829036521809531,
        0.06544929420448373,
        0.02580368266818433,
        0.10284421005713199,
        0.008572917880623783,
        0.422614656485131
      ],
      "importance": [
        0.0002634941843934927,
        0.00021982651621574144,
        0.0016299768061305263,
        0.004955093750604192,
        0.0017703328812930011,
        0.008870510633659979,
        0.023947382972309958,
        0.010357925100212826,
        0.005011129608073854,
        0.07042957910011552,
        0.0036870184427780944,
        0.3508547721723766
      ]
    },
    "branch_ablation": {
      "phi": 0.003750306616531855,
      "psi": 0.3418709246095208,
      "extras": 1.2927168957730273
    },
    "pc_ablation": {
      "k": [
        1,
        2,
        3,
        4,
        6,
        8,
        12
      ],
      "mae_pc": [
        0.027957829813728696,
        0.011976067116897676,
        0.011555618658340448,
        0.0003701544655256959,
        0.00019876360041192455,
        0.00010898443402788384,
        4.4145663144999625e-16
      ],
      "mae_rand": [
        0.3478774130344391,
        0.2934668958187103,
        0.2572796046733856,
        0.26412639021873474,
        0.18323563039302826,
        0.12004407495260239,
        1.529375160991579e-16
      ],
      "pca_eff_rank": 1.2387981834992554
    },
    "probes": {
      "names": [
        "r_mean",
        "r_var",
        "Pr(r<0.25)",
        "shell_contrast"
      ],
      "R2": [
        0.9767523529266186,
        0.0,
        0.037970647226226784,
        0.009954752106405507
      ]
    },
    "pc1_block_power": {
      "phi": 0.00028413452590067,
      "psi": 0.5797822394880814,
      "extras": 0.419933625985018
    },
    "near_field_grad_share": [
      {
        "q": 0.01,
        "share": 0.5280244305425325,
        "count": 164,
        "frac": 0.010009765625
      },
      {
        "q": 0.05,
        "share": 1.059475142833538,
        "count": 820,
        "frac": 0.050048828125
      },
      {
        "q": 0.1,
        "share": 1.2768909554218888,
        "count": 1639,
        "frac": 0.10003662109375
      }
    ],
    "energy_feature_corr": {
      "corr_features": [
        0.41754651614356963,
        -0.3563442098108878,
        -0.10720842872381245,
        -0.32405775549598953,
        -0.37325929398540836,
        -0.349789669546573,
        -0.3469868738293406,
        -0.3552461785847488,
        0.34937386121931896,
        0.3491252578408079,
        -0.44367352546832123,
        -0.3477564690305779
      ],
      "corr_out_base": -0.3363871239905631,
      "corr_cusp": 0.27123917445810114
    }
  },
  "backflow": {
    "bf_kind": "ctnn",
    "pca_dx": {
      "eff_rank": 3.625896674471606,
      "expvar_top8": [
        0.20346288378031988,
        0.19942450560726258,
        0.19903753687080583,
        0.19903753687080583
      ]
    },
    "pc_ablation_dx": {
      "kind": 1,
      "k": [
        1,
        2,
        3,
        4,
        6,
        8,
        12
      ],
      "rel_err_pc": [
        0.28357037995851847,
        1.5061438494246196e-10,
        1.0619988832212307e-10,
        2.370663890741258e-16,
        2.370663890741258e-16,
        2.370663890741258e-16,
        2.370663890741258e-16
      ],
      "rel_err_rand": [
        0.8013582825660706,
        0.7833427786827087,
        0.3281819224357605,
        2.738053324938635e-16,
        4.0411740743177696e-16,
        3.5624207293155944e-16,
        3.938802995801595e-16
      ],
      "pca_eff_rank": 3.625896674471606
    },
    "near_field_dx2": {
      "kind": 1,
      "rows": [
        {
          "q": 0.01,
          "share": 1.687899742073034,
          "count": 164,
          "frac": 0.010009765625
        },
        {
          "q": 0.05,
          "share": 1.5876593767822906,
          "count": 820,
          "frac": 0.050048828125
        },
        {
          "q": 0.1,
          "share": 1.4495342440208812,
          "count": 1639,
          "frac": 0.10003662109375
        }
      ]
    },
    "probes_dx": {
      "kind": 1,
      "target_names": [
        "r_mean",
        "r_var",
        "Pr(r<0.25)",
        "shell_contrast"
      ],
      "R2": [
        0.4310928435529009,
        0.0,
        0.03247741095555068,
        0.0011212650105972832
      ],
      "pc1_decomposition": {
        "per_particle_share": [
          0.49999999999882594,
          0.5000000000001741
        ],
        "com_energy_frac": 7.972323868947553e-25,
        "rel_energy_frac": 1.0,
        "radial_frac_of_rel": 0.5540717536377119,
        "tangential_frac_of_rel": 0.4459282463622881
      }
    },
    "ctnn_internal": {
      "kind": 1,
      "note": "not_ctnn"
    },
    "ctnn_transport_ablations": {
      "kind": 1,
      "note": "not_ctnn"
    }
  },
  "winsor_pct": 0.0
}