{
  "system": {
    "N": 2,
    "d": 2,
    "omega": 0.001
  },
  "mcmc": {
    "method": "rw",
    "step_sigma": 6.32455532033676,
    "burn_in": 100,
    "mix_steps": 30,
    "target_accept": 0.6,
    "acc_noBF": {
      "burn": 0.840946044921875,
      "mix": 0.8434000651041667
    },
    "acc_BF": {
      "burn": 0.840374755859375,
      "mix": 0.8438639322916667
    }
  },
  "energy": {
    "noBF": {
      "mean": 0.013797376173675758,
      "std": 0.0007805372469419431,
      "se": 6.097947241733931e-06,
      "nfinite": 16384,
      "ntotal": 16384
    },
    "withBF": {
      "mean": 0.013817721741711149,
      "std": 0.0034924845183403577,
      "se": 2.7285035299534045e-05,
      "nfinite": 16384,
      "ntotal": 16384
    }
  },
  "pinn": {
    "feature_pca_eff_rank": 1.0001659221142203,
    "rho_in_pca_eff_rank": 1.0001659221142203,
    "rho_in_expvar_top8": [
      0.9999873473147866,
      9.392814191428517e-06,
      2.0529065933647857e-06,
      6.757804350638558e-07,
      3.8922453354945764e-07,
      1.2753054664309748e-07,
      9.152654565616782e-09,
      4.338832594711459e-09
    ],
    "rho_weights": {
      "std": [
        0.20799751242411121,
        0.06755133100536992,
        0.11464060471338668,
        0.06935447699630072,
        0.15200939643505196,
        67.06427192543579,
        69.17284354370163,
        61.25291956591524,
        63.19753269277783,
        73.20982491283276,
        0.8146123685417923,
        0.0629004047127379
      ],
      "w_eff": [
        0.2642650079409822,
        0.35388375995716176,
        0.6220067390645408,
        1.0858338469044755,
        0.45544456956665114,
        0.16060118075040464,
        0.23001164116114148,
        0.17457348968846667,
        0.4555829092503014,
        0.15565984629191018,
        0.03823387189730486,
        1.017680860581128
      ],
      "importance": [
        0.05496646427246229,
        0.023905319006291108,
        0.07130722870216068,
        0.07530743855694116,
        0.06923185412944867,
        10.770601257391201,
        15.910559267269681,
        10.693135922228782,
        28.791715801616757,
        11.395830092989204,
        0.03114578494478698,
        0.06401253799896035
      ]
    },
    "branch_ablation": {
      "phi": 3.0570167553668375,
      "psi": 7.9749579818782985,
      "extras": 0.8089863358344136
    },
    "pc_ablation": {
      "k": [
        1,
        2,
        3,
        4,
        6,
        8,
        12
      ],
      "mae_pc": [
        0.06562276503560283,
        0.041679951625958264,
        0.030949446072410965,
        0.030944256071027024,
        0.002701759208053366,
        0.0024146981544260365,
        3.9958379487170514e-14
      ],
      "mae_rand": [
        12.817959785461426,
        15.324142456054688,
        18.941370010375977,
        22.919416427612305,
        25.20166015625,
        22.194631576538086,
        4.840822092678533e-14
      ],
      "pca_eff_rank": 1.0001659221142203
    },
    "probes": {
      "names": [
        "r_mean",
        "r_var",
        "Pr(r<0.25)",
        "shell_contrast"
      ],
      "R2": [
        0.9998534663955827,
        0.0,
        0.0,
        0.01777406729156339
      ]
    },
    "pc1_block_power": {
      "phi": 2.834194885640231e-06,
      "psi": 0.9999724095661926,
      "extras": 2.4756237921698895e-05
    },
    "near_field_grad_share": [
      {
        "q": 0.01,
        "share": 1.5334280225905168,
        "count": 164,
        "frac": 0.010009765625
      },
      {
        "q": 0.05,
        "share": 1.6505840551001756,
        "count": 820,
        "frac": 0.050048828125
      },
      {
        "q": 0.1,
        "share": 1.5689138387063322,
        "count": 1639,
        "frac": 0.10003662109375
      }
    ],
    "energy_feature_corr": {
      "corr_features": [
        -0.11624436986889126,
        0.10351723405097558,
        0.06921903094346424,
        0.11222798118030586,
        0.08535971427837206,
        -0.1726011090450755,
        0.1713328038530937,
        -0.17255513464757302,
        0.17197887956426386,
        0.1717149419266479,
        -0.0990860803444642,
        -0.11427805132366438
      ],
      "corr_out_base": -0.17140526450642748,
      "corr_cusp": 0.24188335093426236
    }
  },
  "backflow": {
    "bf_kind": "ctnn",
    "pca_dx": {
      "eff_rank": 1.5630634903667637,
      "expvar_top8": [
        0.8357518178088902,
        0.16424818206286643,
        4.274791626869417e-11,
        4.274771524181135e-11
      ]
    },
    "pc_ablation_dx": {
      "kind": 1,
      "k": [
        1,
        2,
        3,
        4,
        6,
        8,
        12
      ],
      "rel_err_pc": [
        0.405275439738468,
        4.175485897711054e-16,
        3.8260481040768185e-16,
        3.3586434733464396e-16,
        3.3586434733464396e-16,
        3.3586434733464396e-16,
        3.3586434733464396e-16
      ],
      "rel_err_rand": [
        0.7954366207122803,
        0.7349477410316467,
        0.43740877509117126,
        3.1286133347748965e-16,
        4.140917233115088e-16,
        2.9924149367189373e-16,
        3.791036774664102e-16
      ],
      "pca_eff_rank": 1.5630634903667637
    },
    "near_field_dx2": {
      "kind": 1,
      "rows": [
        {
          "q": 0.01,
          "share": 4.097472048087322,
          "count": 164,
          "frac": 0.010009765625
        },
        {
          "q": 0.05,
          "share": 1.6927646662531597,
          "count": 820,
          "frac": 0.050048828125
        },
        {
          "q": 0.1,
          "share": 1.1223737704626364,
          "count": 1639,
          "frac": 0.10003662109375
        }
      ]
    },
    "probes_dx": {
      "kind": 1,
      "target_names": [
        "r_mean",
        "r_var",
        "Pr(r<0.25)",
        "shell_contrast"
      ],
      "R2": [
        9.491868074307241e-06,
        0.0,
        1.816425143186251e-06,
        0.00042868296690157237
      ],
      "pc1_decomposition": {
        "per_particle_share": [
          0.49999999999950007,
          0.49999999999949984
        ],
        "com_energy_frac": 6.317050217583818e-32,
        "rel_energy_frac": 1.0,
        "radial_frac_of_rel": 0.6355442546088692,
        "tangential_frac_of_rel": 0.3644557453911308
      }
    },
    "ctnn_internal": {
      "kind": 1,
      "note": "not_ctnn"
    },
    "ctnn_transport_ablations": {
      "kind": 1,
      "note": "not_ctnn"
    }
  },
  "winsor_pct": 0.0
}