{
  "system": {
    "N": 20,
    "d": 2,
    "omega": 1.0
  },
  "mcmc": {
    "method": "rw",
    "step_sigma": 0.2,
    "burn_in": 100,
    "mix_steps": 30,
    "target_accept": 0.6,
    "acc_noBF": {
      "burn": 0.6219890475273132,
      "mix": 0.6420316259066264
    },
    "acc_BF": {
      "burn": 0.6296715271472931,
      "mix": 0.6514598468939463
    }
  },
  "energy": {
    "noBF": {
      "mean": 155.712587199214,
      "std": 3.208509277886533,
      "se": 0.09691656707130535,
      "nfinite": 1096,
      "ntotal": 1096
    },
    "withBF": {
      "mean": 155.54789049379352,
      "std": 1.1399014542299977,
      "se": 0.03443198263597695,
      "nfinite": 1096,
      "ntotal": 1096
    }
  },
  "pinn": {
    "feature_pca_eff_rank": 2.305222525909616,
    "rho_in_pca_eff_rank": 2.305222525909616,
    "rho_in_expvar_top8": [
      0.7093752517889166,
      0.20126832266442113,
      0.07581968912908428,
      0.006849504072872965,
      0.004550456665994231,
      0.0016677231713477024,
      0.0002671669944644597,
      0.00016367278838750577
    ],
    "rho_weights": {
      "std": [
        0.16703523547680457,
        0.5697306498389072,
        0.28343517823868275,
        0.3502568493860089,
        0.13108383209260874,
        0.34767168037001067,
        0.22202661400473525,
        0.5426508287534643,
        0.16814602527456704,
        0.6546042313078132,
        0.2632391783137807,
        0.12740783081975185
      ],
      "w_eff": [
        0.35920171168050846,
        0.05111053365280371,
        0.2338346101535627,
        0.1775190887752553,
        0.20582406865054484,
        1.4302509707538573,
        2.3721499565733803,
        3.8965734079984817,
        1.7577761999491421,
        2.513792108680185,
        0.7536137864291634,
        0.9400709135459843
      ],
      "importance": [
        0.05999934249422499,
        0.029119237551625193,
        0.06627695440724794,
        0.062177276740296133,
        0.026980207655605593,
        0.4972577583528326,
        0.5266804227694674,
        2.1144787891490866,
        0.29556308134368087,
        1.6455389509702392,
        0.19838067390554998,
        0.11977239591163633
      ]
    },
    "branch_ablation": {
      "phi": 0.1429283434376796,
      "psi": 139.13600872166117,
      "extras": 3.4694659711227613
    },
    "pc_ablation": {
      "k": [
        1,
        2,
        3,
        4,
        6,
        8,
        12
      ],
      "mae_pc": [
        0.4750776017150579,
        0.2622142077977427,
        0.16106009444684916,
        0.1610775352448298,
        0.02308271611730053,
        0.0028957037423018354,
        3.734239195235563e-15
      ],
      "mae_rand": [
        3.4691944122314453,
        3.573380470275879,
        3.332045793533325,
        3.125804901123047,
        1.6519775390625,
        1.010693073272705,
        2.8190482564814266e-15
      ],
      "pca_eff_rank": 2.305222525909616
    },
    "probes": {
      "names": [
        "r_mean",
        "r_var",
        "Pr(r<0.25)",
        "shell_contrast"
      ],
      "R2": [
        0.990555562435738,
        0.753402957177497,
        0.029608118095582503,
        0.05674706136369967
      ]
    },
    "pc1_block_power": {
      "phi": 0.11796992958221257,
      "psi": 0.8096582342055878,
      "extras": 0.07237183621119928
    },
    "near_field_grad_share": [
      {
        "q": 0.01,
        "share": 1.0027921147728804,
        "count": 32,
        "frac": 0.029197080291970802
      },
      {
        "q": 0.05,
        "share": 1.0167278212843598,
        "count": 55,
        "frac": 0.05018248175182482
      },
      {
        "q": 0.1,
        "share": 1.0002691953928666,
        "count": 110,
        "frac": 0.10036496350364964
      }
    ],
    "energy_feature_corr": {
      "corr_features": [
        0.3065303272776086,
        0.11873901881753991,
        -0.0006810084979468936,
        -0.16547995555945066,
        -0.2661462165721773,
        0.3894605008137468,
        0.4067960277138185,
        0.38186637187488753,
        -0.39531678575098794,
        -0.3825952420856732,
        0.2852662635827458,
        0.38991476293317373
      ],
      "corr_out_base": 0.3895622054601211,
      "corr_cusp": -0.2759352449275964
    }
  },
  "backflow": {
    "bf_kind": "ctnn",
    "pca_dx": {
      "eff_rank": 36.987230355107506,
      "expvar_top8": [
        0.03711007149987686,
        0.036185836629433116,
        0.03609686011254543,
        0.0344570479850494,
        0.033694314703106784,
        0.03282980864153277,
        0.03214112878096188,
        0.031540826699898994
      ]
    },
    "pc_ablation_dx": {
      "kind": 1,
      "k": [
        1,
        2,
        3,
        4,
        6,
        8,
        12
      ],
      "rel_err_pc": [
        0.9812695493589367,
        0.9626547106147542,
        0.9437198905159072,
        0.9252838395700825,
        0.8886090593864039,
        0.8520235354387908,
        0.7772062966834745
      ],
      "rel_err_rand": [
        0.9873743653297424,
        0.9747200012207031,
        0.9612053036689758,
        0.9485014081001282,
        0.922494649887085,
        0.8927304148674011,
        0.8352788090705872
      ],
      "pca_eff_rank": 36.987230355107506
    },
    "near_field_dx2": {
      "kind": 1,
      "rows": [
        {
          "q": 0.01,
          "share": 1.1156029875031739,
          "count": 11,
          "frac": 0.010036496350364963
        },
        {
          "q": 0.05,
          "share": 1.0238607396685533,
          "count": 55,
          "frac": 0.05018248175182482
        },
        {
          "q": 0.1,
          "share": 1.0452462768313677,
          "count": 110,
          "frac": 0.10036496350364964
        }
      ]
    },
    "probes_dx": {
      "kind": 1,
      "target_names": [
        "r_mean",
        "r_var",
        "Pr(r<0.25)",
        "shell_contrast"
      ],
      "R2": [
        0.006953515513898889,
        0.0036086755886345356,
        0.0014417390796717111,
        0.0038840059587540443
      ],
      "pc1_decomposition": {
        "per_particle_share": [
          0.14282732218067204,
          0.07576534082792505,
          0.015032296572088122,
          0.06432913515670291,
          0.010119466497996433,
          0.04206633319491718,
          0.024744830655630726,
          0.1152482276844343,
          0.016951147883547773,
          0.06698104671156259,
          0.03760940989311723,
          0.007918330270861975,
          0.06454746947687993,
          0.00998625835254214,
          0.018393640263880764,
          0.1526386966232748,
          0.06040774921625632,
          0.06353855196951565,
          0.005807371397024288,
          0.005087375170169616
        ],
        "com_energy_frac": 1.0554096095231484e-31,
        "rel_energy_frac": 1.0,
        "radial_frac_of_rel": 0.30790803689907026,
        "tangential_frac_of_rel": 0.6920919631009297
      }
    },
    "ctnn_internal": {
      "kind": 1,
      "note": "not_ctnn"
    },
    "ctnn_transport_ablations": {
      "kind": 1,
      "note": "not_ctnn"
    }
  },
  "winsor_pct": 0.0
}