{
  "system": {
    "N": 12,
    "d": 2,
    "omega": 1.0
  },
  "mcmc": {
    "method": "rw",
    "step_sigma": 0.2,
    "burn_in": 100,
    "mix_steps": 30,
    "target_accept": 0.6,
    "acc_noBF": {
      "burn": 0.6294707989692688,
      "mix": 0.639598532517751
    },
    "acc_BF": {
      "burn": 0.6228832054138184,
      "mix": 0.6447688519954682
    }
  },
  "energy": {
    "noBF": {
      "mean": 66.35372513571207,
      "std": 1.680392848231382,
      "se": 0.05075812225453004,
      "nfinite": 1096,
      "ntotal": 1096
    },
    "withBF": {
      "mean": 65.7041381933559,
      "std": 0.49636228266017596,
      "se": 0.014993171062540524,
      "nfinite": 1096,
      "ntotal": 1096
    }
  },
  "pinn": {
    "feature_pca_eff_rank": 2.133628478953388,
    "rho_in_pca_eff_rank": 2.133628478953388,
    "rho_in_expvar_top8": [
      0.8165790686884696,
      0.07785881395664276,
      0.04830237472519807,
      0.02074818939056998,
      0.01808117652523808,
      0.009822567334544686,
      0.004744543973295288,
      0.003133647012428758
    ],
    "rho_weights": {
      "std": [
        0.14702460207297505,
        0.140582771003645,
        0.17076985283336552,
        0.25172669441280837,
        0.11466456061526892,
        0.18401162667865154,
        0.3867226905014387,
        0.23757605430925022,
        0.236813529884086,
        0.27749872040114215,
        0.24374848375028207,
        0.14160881322801258
      ],
      "w_eff": [
        0.1322010784991595,
        0.2115195157493432,
        0.24468790845336189,
        0.3546155843988022,
        0.28706523025755093,
        1.753286941088466,
        2.4554389749144554,
        1.8133282633936278,
        2.585552060295036,
        1.6642386589227363,
        0.2886835010905381,
        0.1784587475401227
      ],
      "importance": [
        0.01943681095995706,
        0.029735999645391795,
        0.04178531811668462,
        0.08926620884797673,
        0.032916208495403075,
        0.3226251820641257,
        0.9495739667410128,
        0.4308033739845029,
        0.6122937100975386,
        0.46182409829317217,
        0.07036616567454156,
        0.025271331449314285
      ]
    },
    "branch_ablation": {
      "phi": 0.7963632622427511,
      "psi": 32.54437253368249,
      "extras": 1.5756646658581992
    },
    "pc_ablation": {
      "k": [
        1,
        2,
        3,
        4,
        6,
        8,
        12
      ],
      "mae_pc": [
        0.21188096852443458,
        0.15455122167983013,
        0.15474613050844435,
        0.15408866327825854,
        0.046088797351944925,
        0.03386504670453755,
        1.7050432436579046e-15
      ],
      "mae_rand": [
        1.438846468925476,
        1.3852046728134155,
        1.1560767889022827,
        1.1430343389511108,
        0.9182007908821106,
        0.5788595080375671,
        1.7109861187838342e-15
      ],
      "pca_eff_rank": 2.133628478953388
    },
    "probes": {
      "names": [
        "r_mean",
        "r_var",
        "Pr(r<0.25)",
        "shell_contrast"
      ],
      "R2": [
        0.9919254613209012,
        0.6784813260609699,
        0.015198963805275523,
        0.025503987857875554
      ]
    },
    "pc1_block_power": {
      "phi": 0.09943926808146139,
      "psi": 0.7458004907038259,
      "extras": 0.1547602412137125
    },
    "near_field_grad_share": [
      {
        "q": 0.01,
        "share": 0.9880087521188896,
        "count": 32,
        "frac": 0.029197080291970802
      },
      {
        "q": 0.05,
        "share": 1.0112641559673552,
        "count": 55,
        "frac": 0.05018248175182482
      },
      {
        "q": 0.1,
        "share": 1.00001341115843,
        "count": 110,
        "frac": 0.10036496350364964
      }
    ],
    "energy_feature_corr": {
      "corr_features": [
        -0.09072482714298223,
        -0.047420934904830424,
        -0.09543349669227344,
        0.10717595635647748,
        0.038548031596458664,
        -0.20825842944687156,
        0.0014714860341331975,
        0.10164090262344297,
        -0.08856619682015354,
        -0.1012249367858804,
        -0.17522385146121558,
        -0.0345078695215714
      ],
      "corr_out_base": -0.032833489033921553,
      "corr_cusp": 0.22237795585397355
    }
  },
  "backflow": {
    "bf_kind": "ctnn",
    "pca_dx": {
      "eff_rank": 21.65636181257537,
      "expvar_top8": [
        0.05831361104510618,
        0.056776547050726926,
        0.05590998234901728,
        0.054683296944929016,
        0.05368503438368827,
        0.051550672065923106,
        0.050085972434794485,
        0.04951189275259707
      ]
    },
    "pc_ablation_dx": {
      "kind": 1,
      "k": [
        1,
        2,
        3,
        4,
        6,
        8,
        12
      ],
      "rel_err_pc": [
        0.970405270468216,
        0.9406964664011913,
        0.9104942940780578,
        0.8799525911104272,
        0.8179736280279588,
        0.7546409682487482,
        0.6169227801509443
      ],
      "rel_err_rand": [
        0.9799221158027649,
        0.9572534561157227,
        0.9363958239555359,
        0.9134831428527832,
        0.8653413653373718,
        0.8148630261421204,
        0.7081716656684875
      ],
      "pca_eff_rank": 21.65636181257537
    },
    "near_field_dx2": {
      "kind": 1,
      "rows": [
        {
          "q": 0.01,
          "share": 0.9300637325225929,
          "count": 11,
          "frac": 0.010036496350364963
        },
        {
          "q": 0.05,
          "share": 1.0993315507196828,
          "count": 55,
          "frac": 0.05018248175182482
        },
        {
          "q": 0.1,
          "share": 1.1151425625726277,
          "count": 110,
          "frac": 0.10036496350364964
        }
      ]
    },
    "probes_dx": {
      "kind": 1,
      "target_names": [
        "r_mean",
        "r_var",
        "Pr(r<0.25)",
        "shell_contrast"
      ],
      "R2": [
        0.0021683677847813554,
        0.0010209534455489777,
        0.001568121712816617,
        0.0014879288993533413
      ],
      "pc1_decomposition": {
        "per_particle_share": [
          0.08247046665215906,
          0.2360139526761094,
          0.009176054898077905,
          0.022147146211136864,
          0.05370304067734363,
          0.2098194981884615,
          0.027242637081230286,
          0.12951319535054567,
          0.020409508763502945,
          0.16010008637122947,
          0.0017117368117401865,
          0.0476926763174631
        ],
        "com_energy_frac": 4.365441207273372e-32,
        "rel_energy_frac": 1.0,
        "radial_frac_of_rel": 0.34221572629667885,
        "tangential_frac_of_rel": 0.6577842737033212
      }
    },
    "ctnn_internal": {
      "kind": 1,
      "note": "not_ctnn"
    },
    "ctnn_transport_ablations": {
      "kind": 1,
      "note": "not_ctnn"
    }
  },
  "winsor_pct": 0.0
}