{
  "system": {
    "N": 6,
    "d": 2,
    "omega": 0.01
  },
  "mcmc": {
    "method": "rw",
    "step_sigma": 2.0,
    "burn_in": 100,
    "mix_steps": 30,
    "target_accept": 0.6,
    "acc_noBF": {
      "burn": 0.6124999940395355,
      "mix": 0.6124999980131786
    },
    "acc_BF": {
      "burn": 0.6138503587245941,
      "mix": 0.6173661748568217
    }
  },
  "energy": {
    "noBF": {
      "mean": 0.692246147127107,
      "std": 0.011038050514737677,
      "se": 0.0003334165091623781,
      "nfinite": 1096,
      "ntotal": 1096
    },
    "withBF": {
      "mean": 0.6903141614673337,
      "std": 0.00629558439628808,
      "se": 0.00019016508121111767,
      "nfinite": 1096,
      "ntotal": 1096
    }
  },
  "pinn": {
    "feature_pca_eff_rank": 1.3573100517688899,
    "rho_in_pca_eff_rank": 1.3573100517688899,
    "rho_in_expvar_top8": [
      0.9405930091543786,
      0.025258432143843743,
      0.018873394655435038,
      0.009993840360595163,
      0.002103881476145941,
      0.0019046825589072638,
      0.0010985414187445887,
      0.00010868373988896917
    ],
    "rho_weights": {
      "std": [
        0.12908542173723625,
        0.10668336445740971,
        0.16490281016517494,
        0.08133755511374258,
        0.10842230031371324,
        0.2575970287675645,
        0.2650060949376713,
        0.3676086785437841,
        0.20818570925235014,
        0.2011508709418182,
        0.6253789164432868,
        0.10187882166441292
      ],
      "w_eff": [
        0.18763915763882458,
        3.4667683995535548,
        1.786668926100191,
        3.185701402442494,
        2.674289182025987,
        1.9005505606681035,
        2.9588562353869126,
        1.3720058411223313,
        2.480945834119045,
        3.61995594275515,
        1.5928466464567441,
        1.2453097790072463
      ],
      "importance": [
        0.024221479798227426,
        0.36984651665900287,
        0.29462672674871676,
        0.25911716339709334,
        0.2899525848193361,
        0.4895761774506323,
        0.7841149364218648,
        0.5043612542093332,
        0.5164974680927368,
        0.7281572906562089,
        0.9961327098214418,
        0.12687069289242872
      ]
    },
    "branch_ablation": {
      "phi": 16.345143886777183,
      "psi": 113.45170981411945,
      "extras": 7.918191730528977
    },
    "pc_ablation": {
      "k": [
        1,
        2,
        3,
        4,
        6,
        8,
        12
      ],
      "mae_pc": [
        0.39196967415859635,
        0.3840753882837686,
        0.09329369915639138,
        0.08675775022600973,
        0.04974811215830189,
        0.02045853980827877,
        1.918984030884942e-15
      ],
      "mae_rand": [
        2.290442705154419,
        2.22623610496521,
        1.9548972845077515,
        1.6059945821762085,
        1.6353129148483276,
        1.1620813608169556,
        1.7180092924659932e-15
      ],
      "pca_eff_rank": 1.3573100517688899
    },
    "probes": {
      "names": [
        "r_mean",
        "r_var",
        "Pr(r<0.25)",
        "shell_contrast"
      ],
      "R2": [
        0.9935891695590751,
        0.7698139726732758,
        0.013195666471639944,
        0.023235323672574637
      ]
    },
    "pc1_block_power": {
      "phi": 0.052694109950183386,
      "psi": 0.4417573013349007,
      "extras": 0.5055485887139158
    },
    "near_field_grad_share": [
      {
        "q": 0.01,
        "share": 1.256987758845369,
        "count": 32,
        "frac": 0.029197080291970802
      },
      {
        "q": 0.05,
        "share": 1.2097003387931384,
        "count": 55,
        "frac": 0.05018248175182482
      },
      {
        "q": 0.1,
        "share": 1.1488131271145314,
        "count": 110,
        "frac": 0.10036496350364964
      }
    ],
    "energy_feature_corr": {
      "corr_features": [
        -0.002183131660657722,
        -0.05653355933687601,
        -0.023886110725776625,
        0.0023849723025242834,
        -0.00649664695706437,
        0.06544821865351284,
        0.06613585318569204,
        0.06573178304246488,
        0.0650649440181455,
        0.06253050399679444,
        -0.027358984674310555,
        -0.03745055362255221
      ],
      "corr_out_base": -0.06345418960606147,
      "corr_cusp": 0.12438259549269363
    }
  },
  "backflow": {
    "bf_kind": "ctnn",
    "pca_dx": {
      "eff_rank": 9.47645319237049,
      "expvar_top8": [
        0.18119242994438536,
        0.15376369716053856,
        0.09619046476486681,
        0.09106414968291728,
        0.08782903248212864,
        0.08255161828751773,
        0.08013660201491957,
        0.07904183787723669
      ]
    },
    "pc_ablation_dx": {
      "kind": 1,
      "k": [
        1,
        2,
        3,
        4,
        6,
        8,
        12
      ],
      "rel_err_pc": [
        0.9048798649843658,
        0.8155022212676887,
        0.7542237122547973,
        0.6912230164312388,
        0.5544444135117933,
        0.38500671134697967,
        7.076666640136282e-16
      ],
      "rel_err_rand": [
        0.9581298828125,
        0.9131402969360352,
        0.8687255382537842,
        0.8180795311927795,
        0.7150766253471375,
        0.5731768608093262,
        5.780721932324782e-16
      ],
      "pca_eff_rank": 9.47645319237049
    },
    "near_field_dx2": {
      "kind": 1,
      "rows": [
        {
          "q": 0.01,
          "share": 1.6325082980114927,
          "count": 11,
          "frac": 0.010036496350364963
        },
        {
          "q": 0.05,
          "share": 1.3800979580187203,
          "count": 55,
          "frac": 0.05018248175182482
        },
        {
          "q": 0.1,
          "share": 1.3180618067411887,
          "count": 110,
          "frac": 0.10036496350364964
        }
      ]
    },
    "probes_dx": {
      "kind": 1,
      "target_names": [
        "r_mean",
        "r_var",
        "Pr(r<0.25)",
        "shell_contrast"
      ],
      "R2": [
        0.00446534425698919,
        0.001839453842004568,
        0.0,
        0.00035788952565163346
      ],
      "pc1_decomposition": {
        "per_particle_share": [
          0.15392610935987108,
          0.159169469571414,
          0.1868347816285659,
          0.1317175207498072,
          0.17420945210168132,
          0.1941426665876605
        ],
        "com_energy_frac": 3.062228611572643e-31,
        "rel_energy_frac": 1.0,
        "radial_frac_of_rel": 0.5203777134244005,
        "tangential_frac_of_rel": 0.47962228657559947
      }
    },
    "ctnn_internal": {
      "kind": 1,
      "note": "not_ctnn"
    },
    "ctnn_transport_ablations": {
      "kind": 1,
      "note": "not_ctnn"
    }
  },
  "winsor_pct": 0.0
}