{
  "system": {
    "N": 12,
    "d": 2,
    "omega": 0.01
  },
  "mcmc": {
    "method": "rw",
    "step_sigma": 2.0,
    "burn_in": 100,
    "mix_steps": 30,
    "target_accept": 0.6,
    "acc_noBF": {
      "burn": 0.5913868594169617,
      "mix": 0.6005474368731181
    },
    "acc_BF": {
      "burn": 0.5865875864028931,
      "mix": 0.6080900152524312
    }
  },
  "energy": {
    "noBF": {
      "mean": 2.476866937487775,
      "std": 0.03594355438133124,
      "se": 0.001085714765728844,
      "nfinite": 1096,
      "ntotal": 1096
    },
    "withBF": {
      "mean": 2.4771277096593085,
      "std": 0.050027916753593256,
      "se": 0.0015111484897064294,
      "nfinite": 1096,
      "ntotal": 1096
    }
  },
  "pinn": {
    "feature_pca_eff_rank": 1.6483151817325432,
    "rho_in_pca_eff_rank": 1.6483151817325432,
    "rho_in_expvar_top8": [
      0.836617346377154,
      0.15196961298452352,
      0.0059688446301349425,
      0.0032891991904889905,
      0.0016838247596115982,
      0.0003107285246996622,
      9.09267133220904e-05,
      5.571043963874202e-05
    ],
    "rho_weights": {
      "std": [
        0.42216368198786275,
        0.3617723001225551,
        0.18442522028555713,
        0.32016600953986457,
        0.3098215815683941,
        0.12284858836381603,
        0.1580801122340442,
        0.16955886404988746,
        0.14621757956996653,
        0.11805790814771698,
        0.6412979291140222,
        0.07037166250409144
      ],
      "w_eff": [
        0.5071452886374459,
        3.5664736939345882,
        4.26657105056206,
        1.124325597318116,
        2.8460315431669043,
        8.742950068436356,
        11.698464754563355,
        10.503170912538792,
        9.08179016883852,
        9.263913532951099,
        3.2212582025481433,
        3.4151388451261733
      ],
      "importance": [
        0.21409832235398157,
        1.2902513915813016,
        0.7868633058638889,
        0.3599708399168659,
        0.8817619938975076,
        1.074059074042735,
        1.8492946213673855,
        1.7809057288518975,
        1.327917376649886,
        1.0936782529615332,
        2.065786214435682,
        0.24032899821383166
      ]
    },
    "branch_ablation": {
      "phi": 54.44198424614416,
      "psi": 101.10713836062766,
      "extras": 14.807657173058388
    },
    "pc_ablation": {
      "k": [
        1,
        2,
        3,
        4,
        6,
        8,
        12
      ],
      "mae_pc": [
        1.508190733044564,
        1.3097910034126834,
        0.08151864408355694,
        0.056818080240420274,
        0.04087310612686362,
        0.0015864630982280082,
        3.4749170288997597e-15
      ],
      "mae_rand": [
        5.390710353851318,
        4.9685282707214355,
        5.484410762786865,
        4.656246185302734,
        3.8433713912963867,
        2.1860289573669434,
        3.176696483514767e-15
      ],
      "pca_eff_rank": 1.6483151817325432
    },
    "probes": {
      "names": [
        "r_mean",
        "r_var",
        "Pr(r<0.25)",
        "shell_contrast"
      ],
      "R2": [
        0.9930239756324251,
        0.8586986487393055,
        0.01637353562121535,
        0.029008316552251556
      ]
    },
    "pc1_block_power": {
      "phi": 0.43326627355997355,
      "psi": 0.10862859631514225,
      "extras": 0.45810513012388404
    },
    "near_field_grad_share": [
      {
        "q": 0.01,
        "share": 1.066156641493303,
        "count": 32,
        "frac": 0.029197080291970802
      },
      {
        "q": 0.05,
        "share": 1.0803419560282985,
        "count": 55,
        "frac": 0.05018248175182482
      },
      {
        "q": 0.1,
        "share": 1.0749373581514348,
        "count": 110,
        "frac": 0.10036496350364964
      }
    ],
    "energy_feature_corr": {
      "corr_features": [
        0.08046991227101187,
        0.08303620002798501,
        -0.06452327195167976,
        0.08203204262836056,
        0.010339563092559362,
        -0.0719454582607705,
        -0.0736678552890761,
        -0.07436965807667974,
        -0.0717233342061917,
        0.07224682045002438,
        0.07100261351928441,
        0.07899840033729871
      ],
      "corr_out_base": 0.07328398780995812,
      "corr_cusp": -0.01735781602353091
    }
  },
  "backflow": {
    "bf_kind": "ctnn",
    "pca_dx": {
      "eff_rank": 21.57387395199155,
      "expvar_top8": [
        0.07050623206902516,
        0.0627721282019639,
        0.05559975283378649,
        0.05246348710088101,
        0.05183678848806091,
        0.0505471613831874,
        0.049276955448515,
        0.048671267117600274
      ]
    },
    "pc_ablation_dx": {
      "kind": 1,
      "k": [
        1,
        2,
        3,
        4,
        6,
        8,
        12
      ],
      "rel_err_pc": [
        0.9641025712704708,
        0.9309788610532095,
        0.9006230548314009,
        0.8710099883426854,
        0.8101076779793212,
        0.7472123040706632,
        0.6130961456489191
      ],
      "rel_err_rand": [
        0.9798696637153625,
        0.95797199010849,
        0.9355592727661133,
        0.9126269221305847,
        0.8650698661804199,
        0.8120362162590027,
        0.7067041397094727
      ],
      "pca_eff_rank": 21.57387395199155
    },
    "near_field_dx2": {
      "kind": 1,
      "rows": [
        {
          "q": 0.01,
          "share": 1.2592845934653014,
          "count": 11,
          "frac": 0.010036496350364963
        },
        {
          "q": 0.05,
          "share": 1.178980456714726,
          "count": 55,
          "frac": 0.05018248175182482
        },
        {
          "q": 0.1,
          "share": 1.1808155369931466,
          "count": 110,
          "frac": 0.10036496350364964
        }
      ]
    },
    "probes_dx": {
      "kind": 1,
      "target_names": [
        "r_mean",
        "r_var",
        "Pr(r<0.25)",
        "shell_contrast"
      ],
      "R2": [
        0.0032577002479078354,
        0.000709497436894746,
        0.0011101467824786715,
        0.00380796628332003
      ],
      "pc1_decomposition": {
        "per_particle_share": [
          0.08435121947748889,
          0.035015070309648545,
          0.1121053566550374,
          0.08830788701492205,
          0.06482196448220676,
          0.09702523585976601,
          0.02253249046829887,
          0.07912811871848273,
          0.10660446067640635,
          0.052959878096523805,
          0.18511128610318556,
          0.07203703213703305
        ],
        "com_energy_frac": 1.701238117540357e-32,
        "rel_energy_frac": 1.0,
        "radial_frac_of_rel": 0.5512401736534173,
        "tangential_frac_of_rel": 0.44875982634658274
      }
    },
    "ctnn_internal": {
      "kind": 1,
      "note": "not_ctnn"
    },
    "ctnn_transport_ablations": {
      "kind": 1,
      "note": "not_ctnn"
    }
  },
  "winsor_pct": 0.0
}