{
  "system": {
    "N": 2,
    "d": 2,
    "omega": 1.0
  },
  "mcmc": {
    "method": "rw",
    "step_sigma": 0.2,
    "burn_in": 100,
    "mix_steps": 30,
    "target_accept": 0.6,
    "acc_noBF": {
      "burn": 0.600208740234375,
      "mix": 0.5996195475260416
    },
    "acc_BF": {
      "burn": 0.599222412109375,
      "mix": 0.5979695638020833
    }
  },
  "energy": {
    "noBF": {
      "mean": 3.0002894510967013,
      "std": 0.046684473780756214,
      "se": 0.0003647224514121579,
      "nfinite": 16384,
      "ntotal": 16384
    },
    "withBF": {
      "mean": 3.000097161923409,
      "std": 0.015384519335372267,
      "se": 0.00012019155730759584,
      "nfinite": 16384,
      "ntotal": 16384
    }
  },
  "pinn": {
    "feature_pca_eff_rank": 1.523634121446164,
    "rho_in_pca_eff_rank": 1.523634121446164,
    "rho_in_expvar_top8": [
      0.8961962020603363,
      0.05284558055804928,
      0.04662941973476157,
      0.004126896286135703,
      0.00014189389912398022,
      3.865061352887368e-05,
      1.801496813559861e-05,
      2.404571355426435e-06
    ],
    "rho_weights": {
      "std": [
        0.2612429673915679,
        0.05631470719158935,
        0.07603283429703529,
        0.014238069320494649,
        0.06252093418314164,
        0.28338216795002924,
        0.42354358722895047,
        0.45951732508416365,
        0.06839476830556102,
        0.19289159885177698,
        0.4115849672174206,
        0.9396373792611539
      ],
      "w_eff": [
        0.002789492077921129,
        0.007284424915199934,
        0.021008433801497774,
        0.05164656807878705,
        0.04321718537331205,
        0.07648099183480159,
        0.07400568969822076,
        0.08779651619386265,
        0.021987688581859215,
        0.1376575106506811,
        0.0027637971038735488,
        0.21705786972390412
      ],
      "importance": [
        0.0007287351879513864,
        0.00041022025615860234,
        0.0015973307660695154,
        0.0007353474164714162,
        0.0027019788023054745,
        0.021673349273114557,
        0.03134463529013701,
        0.04034402027311222,
        0.0015038428661310905,
        0.026552977323365395,
        0.0011375373403933965,
        0.2039556878553782
      ]
    },
    "branch_ablation": {
      "phi": 0.004624307481049736,
      "psi": 0.2601244719570296,
      "extras": 0.578368533593165
    },
    "pc_ablation": {
      "k": [
        1,
        2,
        3,
        4,
        6,
        8,
        12
      ],
      "mae_pc": [
        0.015890766230329128,
        0.006652856677646718,
        0.0013227472696646005,
        0.0005784363119925452,
        0.00010820235688578146,
        1.9174581319547888e-05,
        2.279906703356381e-16
      ],
      "mae_rand": [
        0.23628728091716766,
        0.20390121638774872,
        0.18534047901630402,
        0.1851690411567688,
        0.12756550312042236,
        0.07711606472730637,
        9.081688075369105e-17
      ],
      "pca_eff_rank": 1.523634121446164
    },
    "probes": {
      "names": [
        "r_mean",
        "r_var",
        "Pr(r<0.25)",
        "shell_contrast"
      ],
      "R2": [
        0.9634024505162128,
        0.0,
        0.08791556735332728,
        0.008907230585506576
      ]
    },
    "pc1_block_power": {
      "phi": 0.00022520303805747822,
      "psi": 0.34402705699715624,
      "extras": 0.6557477399637862
    },
    "near_field_grad_share": [
      {
        "q": 0.01,
        "share": 0.15755764948159595,
        "count": 164,
        "frac": 0.010009765625
      },
      {
        "q": 0.05,
        "share": 0.44396393447551735,
        "count": 820,
        "frac": 0.050048828125
      },
      {
        "q": 0.1,
        "share": 0.6476724004102203,
        "count": 1639,
        "frac": 0.10003662109375
      }
    ],
    "energy_feature_corr": {
      "corr_features": [
        -0.12745861210427578,
        0.15047959446617698,
        -0.10781133413139872,
        0.00799163852389974,
        -0.0796786182293432,
        -0.8748914549135792,
        -0.8774332313996686,
        -0.8743549121569003,
        0.7612909419181596,
        0.8649499752235954,
        -0.6047814329252418,
        -0.856968111501064
      ],
      "corr_out_base": -0.8669281586684267,
      "corr_cusp": 0.6585142637474193
    }
  },
  "backflow": {
    "bf_kind": "ctnn",
    "pca_dx": {
      "eff_rank": 1.9983592229336546,
      "expvar_top8": [
        0.5202549317254007,
        0.47974506662758853,
        5.490037324315014e-10,
        5.490035182711503e-10
      ]
    },
    "pc_ablation_dx": {
      "kind": 1,
      "k": [
        1,
        2,
        3,
        4,
        6,
        8,
        12
      ],
      "rel_err_pc": [
        0.6926363168325194,
        4.096283070032968e-16,
        3.13537004712151e-16,
        2.6351979771512575e-16,
        2.6351979771512575e-16,
        2.6351979771512575e-16,
        2.6351979771512575e-16
      ],
      "rel_err_rand": [
        0.8068135380744934,
        0.7590975165367126,
        0.4123172461986542,
        2.96397342323471e-16,
        4.176099275974887e-16,
        3.2723434439187226e-16,
        3.906231137908319e-16
      ],
      "pca_eff_rank": 1.9983592229336546
    },
    "near_field_dx2": {
      "kind": 1,
      "rows": [
        {
          "q": 0.01,
          "share": 0.020265301159890614,
          "count": 164,
          "frac": 0.010009765625
        },
        {
          "q": 0.05,
          "share": 0.08250858707507712,
          "count": 820,
          "frac": 0.050048828125
        },
        {
          "q": 0.1,
          "share": 0.14555943217110476,
          "count": 1639,
          "frac": 0.10003662109375
        }
      ]
    },
    "probes_dx": {
      "kind": 1,
      "target_names": [
        "r_mean",
        "r_var",
        "Pr(r<0.25)",
        "shell_contrast"
      ],
      "R2": [
        0.00038663422627305266,
        0.0,
        2.162787223314311e-06,
        0.00020113822043688057
      ],
      "pc1_decomposition": {
        "per_particle_share": [
          0.4999999999995002,
          0.4999999999994998
        ],
        "com_energy_frac": 3.0814879110164956e-32,
        "rel_energy_frac": 1.0,
        "radial_frac_of_rel": 0.49979736393307655,
        "tangential_frac_of_rel": 0.5002026360669234
      }
    },
    "ctnn_internal": {
      "kind": 1,
      "note": "not_ctnn"
    },
    "ctnn_transport_ablations": {
      "kind": 1,
      "note": "not_ctnn"
    }
  },
  "winsor_pct": 0.0
}