{
  "system": {
    "N": 6,
    "d": 2,
    "omega": 0.1
  },
  "mcmc": {
    "method": "rw",
    "step_sigma": 0.6324555320336759,
    "burn_in": 100,
    "mix_steps": 30,
    "target_accept": 0.6,
    "acc_noBF": {
      "burn": 0.6081386828422546,
      "mix": 0.6073600927988688
    },
    "acc_BF": {
      "burn": 0.5936131322383881,
      "mix": 0.5933698256810506
    }
  },
  "energy": {
    "noBF": {
      "mean": 3.5683526882010486,
      "std": 0.08880039576292052,
      "se": 0.0026823140488421863,
      "nfinite": 1096,
      "ntotal": 1096
    },
    "withBF": {
      "mean": 3.55330221420048,
      "std": 0.03003557193582441,
      "se": 0.000907257629611968,
      "nfinite": 1096,
      "ntotal": 1096
    }
  },
  "pinn": {
    "feature_pca_eff_rank": 2.802109243304956,
    "rho_in_pca_eff_rank": 2.802109243304956,
    "rho_in_expvar_top8": [
      0.7209048169089981,
      0.10619224311856063,
      0.062287760419393136,
      0.055542778754207225,
      0.025358565220439635,
      0.02028545267711589,
      0.0069321380016095415,
      0.0021760343793238205
    ],
    "rho_weights": {
      "std": [
        0.42251217269114305,
        0.34582123437198886,
        0.5865794223638262,
        0.5502465182733816,
        0.7479476758475343,
        0.13209943789848372,
        0.4410160036374082,
        0.10151987299360957,
        0.03896301826567728,
        0.40244741312623156,
        0.43670246416810865,
        0.19079322031977267
      ],
      "w_eff": [
        0.07296027106564441,
        0.07818537000103892,
        0.060593552087117634,
        0.04489865007435302,
        0.043297116777485975,
        0.5873940583891784,
        0.7935204333440979,
        6.119520215059664,
        2.766300941824191,
        0.8194255353834016,
        0.2775044169553739,
        3.2104274234559886
      ],
      "importance": [
        0.03082660264808016,
        0.02703816116358995,
        0.035542930782233875,
        0.024705325878587654,
        0.03238397786461992,
        0.07759442493811959,
        0.34995521031803845,
        0.6212529150146834,
        0.10778343412465621,
        0.3297756869646273,
        0.12118686270194606,
        0.6125277867240785
      ]
    },
    "branch_ablation": {
      "phi": 25.55904418104182,
      "psi": 21.306151509128952,
      "extras": 9.08265279908238
    },
    "pc_ablation": {
      "k": [
        1,
        2,
        3,
        4,
        6,
        8,
        12
      ],
      "mae_pc": [
        0.4776025623553983,
        0.4495158590844719,
        0.4296293160559726,
        0.2523074868761253,
        0.07511519986204285,
        0.06981008116439973,
        4.2982649070159345e-15
      ],
      "mae_rand": [
        1.753583312034607,
        1.3985753059387207,
        1.4014695882797241,
        1.427132487297058,
        1.4088085889816284,
        0.8809583187103271,
        3.2869081754467603e-15
      ],
      "pca_eff_rank": 2.802109243304956
    },
    "probes": {
      "names": [
        "r_mean",
        "r_var",
        "Pr(r<0.25)",
        "shell_contrast"
      ],
      "R2": [
        0.9428255853587686,
        0.4404177678177299,
        0.005577072377392134,
        0.005594234591884906
      ]
    },
    "pc1_block_power": {
      "phi": 0.6561965933794683,
      "psi": 0.20672492963236377,
      "extras": 0.13707847698716774
    },
    "near_field_grad_share": [
      {
        "q": 0.01,
        "share": 1.5322245833681656,
        "count": 32,
        "frac": 0.029197080291970802
      },
      {
        "q": 0.05,
        "share": 1.5354536509128829,
        "count": 55,
        "frac": 0.05018248175182482
      },
      {
        "q": 0.1,
        "share": 1.4492951241936003,
        "count": 110,
        "frac": 0.10036496350364964
      }
    ],
    "energy_feature_corr": {
      "corr_features": [
        0.0020759810768644603,
        -0.05505224490433359,
        0.11135086272586214,
        0.10199237123256961,
        0.12203368831744502,
        -0.012099252820860473,
        -0.03827980761978014,
        -0.09884086356693654,
        -0.29955922083242503,
        0.09703816516268517,
        -0.1627035992233954,
        -0.13078496308045787
      ],
      "corr_out_base": -0.07918460255638124,
      "corr_cusp": 0.23324727657882183
    }
  },
  "backflow": {
    "bf_kind": "ctnn",
    "pca_dx": {
      "eff_rank": 9.804943562991504,
      "expvar_top8": [
        0.14397010979977015,
        0.12708351651106323,
        0.11176726890449043,
        0.09849730145107233,
        0.09453021003801984,
        0.09282428540073756,
        0.0891214527362037,
        0.08374313533991565
      ]
    },
    "pc_ablation_dx": {
      "kind": 1,
      "k": [
        1,
        2,
        3,
        4,
        6,
        8,
        12
      ],
      "rel_err_pc": [
        0.9252188336815023,
        0.853783563725023,
        0.7856074750038273,
        0.7201956701691803,
        0.5756103785470569,
        0.39807376177617637,
        9.383900521343003e-16
      ],
      "rel_err_rand": [
        0.9587730765342712,
        0.914010226726532,
        0.8712493777275085,
        0.8194160461425781,
        0.7161240577697754,
        0.5759677290916443,
        5.783200562486685e-16
      ],
      "pca_eff_rank": 9.804943562991504
    },
    "near_field_dx2": {
      "kind": 1,
      "rows": [
        {
          "q": 0.01,
          "share": 1.2166973070122997,
          "count": 11,
          "frac": 0.010036496350364963
        },
        {
          "q": 0.05,
          "share": 1.3399121875914137,
          "count": 55,
          "frac": 0.05018248175182482
        },
        {
          "q": 0.1,
          "share": 1.407667300058068,
          "count": 110,
          "frac": 0.10036496350364964
        }
      ]
    },
    "probes_dx": {
      "kind": 1,
      "target_names": [
        "r_mean",
        "r_var",
        "Pr(r<0.25)",
        "shell_contrast"
      ],
      "R2": [
        0.002327572621580787,
        0.0017855268470788888,
        0.002821696685141206,
        0.000360612164205798
      ],
      "pc1_decomposition": {
        "per_particle_share": [
          0.20682078267229675,
          0.13819715972117866,
          0.13200451343960365,
          0.18267599101225387,
          0.19736020274142954,
          0.14294135041223738
        ],
        "com_energy_frac": 3.749143625070071e-32,
        "rel_energy_frac": 1.0,
        "radial_frac_of_rel": 0.5986388336199034,
        "tangential_frac_of_rel": 0.40136116638009656
      }
    },
    "ctnn_internal": {
      "kind": 1,
      "note": "not_ctnn"
    },
    "ctnn_transport_ablations": {
      "kind": 1,
      "note": "not_ctnn"
    }
  },
  "winsor_pct": 0.0
}