{
  "system": {
    "N": 6,
    "d": 2,
    "omega": 0.5
  },
  "mcmc": {
    "method": "rw",
    "step_sigma": 0.282842712474619,
    "burn_in": 100,
    "mix_steps": 30,
    "target_accept": 0.6,
    "acc_noBF": {
      "burn": 0.6136131358146667,
      "mix": 0.6020072917143504
    },
    "acc_BF": {
      "burn": 0.5921715319156646,
      "mix": 0.593826029698054
    }
  },
  "energy": {
    "noBF": {
      "mean": 11.863588585228905,
      "std": 0.550778975193328,
      "se": 0.016636887372802146,
      "nfinite": 1096,
      "ntotal": 1096
    },
    "withBF": {
      "mean": 11.783132334708075,
      "std": 0.12189376203054335,
      "se": 0.0036819357340891145,
      "nfinite": 1096,
      "ntotal": 1096
    }
  },
  "pinn": {
    "feature_pca_eff_rank": 2.5768145502569864,
    "rho_in_pca_eff_rank": 2.5768145502569864,
    "rho_in_expvar_top8": [
      0.7650767288018234,
      0.07420311294938424,
      0.057884963040509343,
      0.036656775491618075,
      0.029546272486890807,
      0.01675265054890711,
      0.01609831264020793,
      0.0028967312186533568
    ],
    "rho_weights": {
      "std": [
        0.28410674944501924,
        0.2822683795073444,
        0.2521015807675187,
        0.19389342671944373,
        0.3027874279223779,
        0.15524237682742653,
        0.6349814773428284,
        0.21564957185885153,
        0.30534552259643954,
        0.07417724687596612,
        0.369111726731816,
        0.2625347459824869
      ],
      "w_eff": [
        0.10694303273627877,
        0.09871933935499211,
        0.08762010446490637,
        0.1226870611683353,
        0.059778159269521056,
        0.3102306893651186,
        0.8885722268154471,
        0.7741913241176925,
        1.1511737388472556,
        1.06316942511602,
        0.05378806494823089,
        1.1380383080800494
      ],
      "importance": [
        0.03038323740649644,
        0.027865347945769232,
        0.022089166842618017,
        0.023788214704066533,
        0.018100075091152534,
        0.04816094958185205,
        0.5642269053090794,
        0.16695402758281774,
        0.3515057468876125,
        0.07886298091781,
        0.019853805530604573,
        0.2987745981301349
      ]
    },
    "branch_ablation": {
      "phi": 0.3182083561012667,
      "psi": 12.646053675135025,
      "extras": 6.196120963574791
    },
    "pc_ablation": {
      "k": [
        1,
        2,
        3,
        4,
        6,
        8,
        12
      ],
      "mae_pc": [
        0.1960880469269066,
        0.14889780973630934,
        0.14684771789266443,
        0.146649282993637,
        0.10364541488414093,
        0.017019965723586453,
        1.212331127619879e-15
      ],
      "mae_rand": [
        0.9681016802787781,
        0.9369421005249023,
        0.7965784668922424,
        0.6925268173217773,
        0.6121505498886108,
        0.3793468177318573,
        1.0440419052364547e-15
      ],
      "pca_eff_rank": 2.5768145502569864
    },
    "probes": {
      "names": [
        "r_mean",
        "r_var",
        "Pr(r<0.25)",
        "shell_contrast"
      ],
      "R2": [
        0.9858527946459247,
        0.4894884697987236,
        0.014518880538854972,
        0.011743238586863991
      ]
    },
    "pc1_block_power": {
      "phi": 0.1388292432953616,
      "psi": 0.639280161837504,
      "extras": 0.2218905948661345
    },
    "near_field_grad_share": [
      {
        "q": 0.01,
        "share": 1.002003144124319,
        "count": 32,
        "frac": 0.029197080291970802
      },
      {
        "q": 0.05,
        "share": 1.0123625614075125,
        "count": 55,
        "frac": 0.05018248175182482
      },
      {
        "q": 0.1,
        "share": 1.0643911267886943,
        "count": 110,
        "frac": 0.10036496350364964
      }
    ],
    "energy_feature_corr": {
      "corr_features": [
        0.11850725322734841,
        0.126413962543896,
        -0.08464040427557545,
        0.04555086007305458,
        0.06068999143156876,
        -0.10845844284150284,
        -0.12168834977978946,
        0.11421214255959813,
        -0.008156617530421666,
        -0.4668896197466581,
        -0.17230037708198598,
        -0.08709221595004715
      ],
      "corr_out_base": -0.05902642852068728,
      "corr_cusp": 0.29184207832986403
    }
  },
  "backflow": {
    "bf_kind": "ctnn",
    "pca_dx": {
      "eff_rank": 9.945831456428676,
      "expvar_top8": [
        0.11546533962534689,
        0.11216361611235447,
        0.10806731016635683,
        0.10643414890134772,
        0.10250454828502663,
        0.09908343575598902,
        0.09473893554279965,
        0.0913131006046865
      ]
    },
    "pc_ablation_dx": {
      "kind": 1,
      "k": [
        1,
        2,
        3,
        4,
        6,
        8,
        12
      ],
      "rel_err_pc": [
        0.9404970283689108,
        0.878846428140311,
        0.8150483016886851,
        0.7469066776923372,
        0.5968932912470802,
        0.41258885707830134,
        6.313864361596691e-16
      ],
      "rel_err_rand": [
        0.9586279988288879,
        0.9133160710334778,
        0.8720875382423401,
        0.8178253173828125,
        0.7115275859832764,
        0.5739041566848755,
        5.864783070197075e-16
      ],
      "pca_eff_rank": 9.945831456428676
    },
    "near_field_dx2": {
      "kind": 1,
      "rows": [
        {
          "q": 0.01,
          "share": 0.9117546192523486,
          "count": 11,
          "frac": 0.010036496350364963
        },
        {
          "q": 0.05,
          "share": 0.9674509915735994,
          "count": 55,
          "frac": 0.05018248175182482
        },
        {
          "q": 0.1,
          "share": 1.1256575249974792,
          "count": 110,
          "frac": 0.10036496350364964
        }
      ]
    },
    "probes_dx": {
      "kind": 1,
      "target_names": [
        "r_mean",
        "r_var",
        "Pr(r<0.25)",
        "shell_contrast"
      ],
      "R2": [
        0.0024958328006777775,
        0.000564645347049253,
        0.0027691856851668195,
        0.0032436937581331593
      ],
      "pc1_decomposition": {
        "per_particle_share": [
          0.1301552514246646,
          0.012737160960324378,
          0.39469611538210825,
          0.25971458301401734,
          0.11918419764751045,
          0.08351269157037483
        ],
        "com_energy_frac": 3.4923529658186945e-32,
        "rel_energy_frac": 1.0,
        "radial_frac_of_rel": 0.5052268993664809,
        "tangential_frac_of_rel": 0.4947731006335191
      }
    },
    "ctnn_internal": {
      "kind": 1,
      "note": "not_ctnn"
    },
    "ctnn_transport_ablations": {
      "kind": 1,
      "note": "not_ctnn"
    }
  },
  "winsor_pct": 0.0
}