{
  "system": {
    "N": 2,
    "d": 2,
    "omega": 0.01
  },
  "mcmc": {
    "method": "rw",
    "step_sigma": 2.0,
    "burn_in": 100,
    "mix_steps": 30,
    "target_accept": 0.6,
    "acc_noBF": {
      "burn": 0.60060302734375,
      "mix": 0.5999308268229167
    },
    "acc_BF": {
      "burn": 0.600740966796875,
      "mix": 0.5995747884114583
    }
  },
  "energy": {
    "noBF": {
      "mean": 0.07490832089462265,
      "std": 0.13966353658605604,
      "se": 0.0010911213795785628,
      "nfinite": 16384,
      "ntotal": 16384
    },
    "withBF": {
      "mean": 0.07470644324254562,
      "std": 0.13995141270313996,
      "se": 0.001093370411743281,
      "nfinite": 16384,
      "ntotal": 16384
    }
  },
  "pinn": {
    "feature_pca_eff_rank": 1.0356192021369732,
    "rho_in_pca_eff_rank": 1.0356192021369732,
    "rho_in_expvar_top8": [
      0.9949951045547211,
      0.0029619881687778277,
      0.0020260856551375358,
      1.2384025551309009e-05,
      2.9613824668043275e-06,
      1.4301833907454847e-06,
      2.596409783537038e-08,
      1.072367522041065e-08
    ],
    "rho_weights": {
      "std": [
        0.24946850912245824,
        0.056774922673345406,
        0.052519641164197516,
        0.0762465536853918,
        0.29816063388913405,
        41.71805574497217,
        39.08715067912542,
        37.59738242590455,
        30.844155784068626,
        39.06484081824053,
        0.6276369669176858,
        0.2576008523605132
      ],
      "w_eff": [
        0.2093774859424431,
        0.14331740485161376,
        0.37859827595643536,
        0.23172307942023646,
        0.12839909378825395,
        0.018180346990997208,
        0.2315704909190801,
        0.026411354541298566,
        0.18868791566324844,
        0.11270828756613893,
        0.1591881914018634,
        0.13322350713046477
      ],
      "importance": [
        0.05223308926186974,
        0.00813683457819491,
        0.019883845598615814,
        0.017668086215159366,
        0.03828355519469617,
        0.7584487292333586,
        9.05143067139313,
        0.992997797075353,
        5.819919465288438,
        4.402931312667696,
        0.09991239362057758,
        0.034318488991264634
      ]
    },
    "branch_ablation": {
      "phi": 2.739420132214202,
      "psi": 5.814649229373686,
      "extras": 0.4050108949071898
    },
    "pc_ablation": {
      "k": [
        1,
        2,
        3,
        4,
        6,
        8,
        12
      ],
      "mae_pc": [
        0.43439471822816655,
        0.1775791189445332,
        0.016873260503002113,
        0.016427867138057023,
        0.0009559804204724999,
        0.00032144578521256875,
        4.870667129168449e-14
      ],
      "mae_rand": [
        4.287682056427002,
        4.143059730529785,
        5.0361857414245605,
        4.575258731842041,
        4.350377082824707,
        3.948516607284546,
        3.159943484719145e-14
      ],
      "pca_eff_rank": 1.0356192021369732
    },
    "probes": {
      "names": [
        "r_mean",
        "r_var",
        "Pr(r<0.25)",
        "shell_contrast"
      ],
      "R2": [
        0.9978374640173931,
        0.0,
        0.015881114199335133,
        2.6187262882171325e-05
      ]
    },
    "pc1_block_power": {
      "phi": 1.3063869321653691e-05,
      "psi": 0.9999498635874667,
      "extras": 3.707254221154287e-05
    },
    "near_field_grad_share": [
      {
        "q": 0.01,
        "share": 3.567131397992724,
        "count": 164,
        "frac": 0.010009765625
      },
      {
        "q": 0.05,
        "share": 2.39016187330537,
        "count": 820,
        "frac": 0.050048828125
      },
      {
        "q": 0.1,
        "share": 2.0223704073262088,
        "count": 1639,
        "frac": 0.10003662109375
      }
    ],
    "energy_feature_corr": {
      "corr_features": [
        -0.010431159310142065,
        0.010329610584282922,
        -0.01001115400615738,
        0.010349636908553157,
        0.010429754989375355,
        -0.047732038415537914,
        0.05605575328839089,
        -0.050188043431598904,
        0.06554293673762852,
        0.05964283877813008,
        -0.01038398304327281,
        -0.021856432491808495
      ],
      "corr_out_base": -0.03796714016600455,
      "corr_cusp": 0.0007994364693610285
    }
  },
  "backflow": {
    "bf_kind": "ctnn",
    "pca_dx": {
      "eff_rank": 3.623898318388478,
      "expvar_top8": [
        0.2,
        0.2,
        0.2,
        0.2
      ]
    },
    "pc_ablation_dx": {
      "kind": 1,
      "k": [
        1,
        2,
        3,
        4,
        6,
        8,
        12
      ],
      "rel_err_pc": [
        0.14808833466222002,
        0.14808833466222002,
        0.10471287414189093,
        2.1112518301189816e-19,
        2.1112518301189816e-19,
        2.1112518301189816e-19,
        2.1112518301189816e-19
      ],
      "rel_err_rand": [
        0.11555955559015274,
        0.11232450604438782,
        0.044716011732816696,
        3.69159027592167e-17,
        5.253821447890549e-17,
        5.1621337709449665e-17,
        5.678633948101447e-17
      ],
      "pca_eff_rank": 3.623898318388478
    },
    "near_field_dx2": {
      "kind": 1,
      "rows": [
        {
          "q": 0.01,
          "share": 1.000000000180884,
          "count": 164,
          "frac": 0.010009765625
        },
        {
          "q": 0.05,
          "share": 1.0000000000350138,
          "count": 820,
          "frac": 0.050048828125
        },
        {
          "q": 0.1,
          "share": 1.0000000000165956,
          "count": 1639,
          "frac": 0.10003662109375
        }
      ]
    },
    "probes_dx": {
      "kind": 1,
      "target_names": [
        "r_mean",
        "r_var",
        "Pr(r<0.25)",
        "shell_contrast"
      ],
      "R2": [
        2.220446049250313e-16,
        0.0,
        1.000088900582341e-12,
        2.291500322826323e-13
      ],
      "pc1_decomposition": {
        "per_particle_share": [
          0.0,
          0.9999999999989999
        ],
        "com_energy_frac": 0.49999999999949996,
        "rel_energy_frac": 0.5000000000005,
        "radial_frac_of_rel": 0.3930085381684016,
        "tangential_frac_of_rel": 0.6069914618315984
      }
    },
    "ctnn_internal": {
      "kind": 1,
      "note": "not_ctnn"
    },
    "ctnn_transport_ablations": {
      "kind": 1,
      "note": "not_ctnn"
    }
  },
  "winsor_pct": 0.0
}