{
  "system": {
    "N": 20,
    "d": 2,
    "omega": 0.5
  },
  "mcmc": {
    "method": "rw",
    "step_sigma": 0.282842712474619,
    "burn_in": 100,
    "mix_steps": 30,
    "target_accept": 0.6,
    "acc_noBF": {
      "burn": 0.6187408673763275,
      "mix": 0.6373479266961416
    },
    "acc_BF": {
      "burn": 0.6229379487037658,
      "mix": 0.6464416027069092
    }
  },
  "energy": {
    "noBF": {
      "mean": 94.0011040131146,
      "std": 2.041642474576524,
      "se": 0.06167006627864861,
      "nfinite": 1096,
      "ntotal": 1096
    },
    "withBF": {
      "mean": 93.90530446634021,
      "std": 0.8099405700365994,
      "se": 0.02446514963217736,
      "nfinite": 1096,
      "ntotal": 1096
    }
  },
  "pinn": {
    "feature_pca_eff_rank": 2.0636506988196555,
    "rho_in_pca_eff_rank": 2.0636506988196555,
    "rho_in_expvar_top8": [
      0.7791933812271173,
      0.15847049082548553,
      0.040963046235476454,
      0.010972822110479064,
      0.006566035198808467,
      0.002703686554050905,
      0.0006096339259259187,
      0.0003901602446327364
    ],
    "rho_weights": {
      "std": [
        0.3356799177513757,
        0.36969756179025953,
        0.2922271513801106,
        0.3705949102262548,
        0.24609840102243974,
        0.3790215718665821,
        0.2479178398191382,
        0.6147929937155501,
        0.17120230154204835,
        0.696545287177903,
        0.30698425433587867,
        0.1276159502611197
      ],
      "w_eff": [
        0.44664806655695516,
        0.1653555819021053,
        0.16454963082656418,
        0.24856515939407425,
        0.059968488946064394,
        1.6758403640510044,
        2.8600146396602777,
        4.049487184273812,
        1.94662031736311,
        2.6715430142970256,
        0.5545550058369234,
        1.2178641303689022
      ],
      "importance": [
        0.14993078624564968,
        0.0611315554576179,
        0.04808586987709568,
        0.09211698293102166,
        0.0147581492413583,
        0.6351796489800768,
        0.709048651315687,
        2.4895963490324506,
        0.33326587856107703,
        1.8608506961016422,
        0.17023965495507679,
        0.1554188882859596
      ]
    },
    "branch_ablation": {
      "phi": 0.5553090873725331,
      "psi": 223.48345582763392,
      "extras": 4.329762588501534
    },
    "pc_ablation": {
      "k": [
        1,
        2,
        3,
        4,
        6,
        8,
        12
      ],
      "mae_pc": [
        0.30024289893637485,
        0.2988465960070454,
        0.299219840831772,
        0.1196517759658361,
        0.043934896741533246,
        0.0033838145236095673,
        3.4749170288997597e-15
      ],
      "mae_rand": [
        4.2345967292785645,
        4.30031681060791,
        4.073652744293213,
        3.719101667404175,
        1.9636794328689575,
        1.2626335620880127,
        3.0816117412295514e-15
      ],
      "pca_eff_rank": 2.0636506988196555
    },
    "probes": {
      "names": [
        "r_mean",
        "r_var",
        "Pr(r<0.25)",
        "shell_contrast"
      ],
      "R2": [
        0.9883698266002319,
        0.7613364383905277,
        0.03120802597178729,
        0.032156666094618536
      ]
    },
    "pc1_block_power": {
      "phi": 0.11642564890362422,
      "psi": 0.8055156406146425,
      "extras": 0.07805871048073332
    },
    "near_field_grad_share": [
      {
        "q": 0.01,
        "share": 1.042385478735933,
        "count": 32,
        "frac": 0.029197080291970802
      },
      {
        "q": 0.05,
        "share": 1.0616677630606588,
        "count": 55,
        "frac": 0.05018248175182482
      },
      {
        "q": 0.1,
        "share": 1.05081094326397,
        "count": 110,
        "frac": 0.10036496350364964
      }
    ],
    "energy_feature_corr": {
      "corr_features": [
        0.13426938970568847,
        0.037531176251786084,
        0.0869428365478436,
        -0.10591769610477793,
        -0.021777255394599435,
        0.19646503777575866,
        0.27911680485141366,
        0.21764744035771896,
        -0.2707516292962981,
        -0.2073627250791094,
        0.11618039744779285,
        0.19786404893342815
      ],
      "corr_out_base": 0.22368436340363562,
      "corr_cusp": -0.10001275658942944
    }
  },
  "backflow": {
    "bf_kind": "ctnn",
    "pca_dx": {
      "eff_rank": 37.25431735738841,
      "expvar_top8": [
        0.03732161708247369,
        0.03559775599691922,
        0.034688381372924196,
        0.03362807034685277,
        0.03301202660400218,
        0.03209898389378314,
        0.031476759313287646,
        0.031192243862812753
      ]
    },
    "pc_ablation_dx": {
      "kind": 1,
      "k": [
        1,
        2,
        3,
        4,
        6,
        8,
        12
      ],
      "rel_err_pc": [
        0.9811617516581332,
        0.9628502619407717,
        0.9446651499584426,
        0.9266952979263046,
        0.8908721371219182,
        0.8549761175164046,
        0.7810103573551974
      ],
      "rel_err_rand": [
        0.9873676896095276,
        0.9747349619865417,
        0.961656391620636,
        0.9485855102539062,
        0.9226066470146179,
        0.8939641118049622,
        0.8356165289878845
      ],
      "pca_eff_rank": 37.25431735738841
    },
    "near_field_dx2": {
      "kind": 1,
      "rows": [
        {
          "q": 0.01,
          "share": 1.0812453294522326,
          "count": 11,
          "frac": 0.010036496350364963
        },
        {
          "q": 0.05,
          "share": 1.1141087436494341,
          "count": 55,
          "frac": 0.05018248175182482
        },
        {
          "q": 0.1,
          "share": 1.0330689120068366,
          "count": 110,
          "frac": 0.10036496350364964
        }
      ]
    },
    "probes_dx": {
      "kind": 1,
      "target_names": [
        "r_mean",
        "r_var",
        "Pr(r<0.25)",
        "shell_contrast"
      ],
      "R2": [
        0.004201629541272123,
        0.0041525470353596106,
        0.001008215827560277,
        0.0018151588583380507
      ],
      "pc1_decomposition": {
        "per_particle_share": [
          0.02761640450750356,
          0.007092402558223935,
          0.030423911793271165,
          0.056843790264217285,
          0.00536334884305371,
          0.09883200137065817,
          0.21215626428958226,
          0.0472943885424222,
          0.05578631556250997,
          0.0016591394731087135,
          0.004200417074785275,
          0.04547751080459145,
          0.012160555150188984,
          0.10628107630925182,
          0.016297276462604468,
          0.07861217919038535,
          0.0757897283879671,
          0.03899338282015269,
          0.049726710000713756,
          0.029393196593808086
        ],
        "com_energy_frac": 2.9745987991031105e-32,
        "rel_energy_frac": 1.0,
        "radial_frac_of_rel": 0.38486295000859094,
        "tangential_frac_of_rel": 0.6151370499914091
      }
    },
    "ctnn_internal": {
      "kind": 1,
      "note": "not_ctnn"
    },
    "ctnn_transport_ablations": {
      "kind": 1,
      "note": "not_ctnn"
    }
  },
  "winsor_pct": 0.0
}