{
  "system": {
    "N": 20,
    "d": 2,
    "omega": 0.01
  },
  "mcmc": {
    "method": "rw",
    "step_sigma": 2.0,
    "burn_in": 100,
    "mix_steps": 30,
    "target_accept": 0.6,
    "acc_noBF": {
      "burn": 0.5337773740291596,
      "mix": 0.5350060760974884
    },
    "acc_BF": {
      "burn": 0.5211496341228485,
      "mix": 0.5263686100641887
    }
  },
  "energy": {
    "noBF": {
      "mean": 6.128648674415898,
      "std": 0.1578270795950156,
      "se": 0.0047673412854564645,
      "nfinite": 1096,
      "ntotal": 1096
    },
    "withBF": {
      "mean": 5.904275315709655,
      "std": 7.712778263598689,
      "se": 0.23297298749983636,
      "nfinite": 1096,
      "ntotal": 1096
    }
  },
  "pinn": {
    "feature_pca_eff_rank": 1.8858401245051026,
    "rho_in_pca_eff_rank": 1.8858401245051026,
    "rho_in_expvar_top8": [
      0.8377184562264384,
      0.08947749961957448,
      0.04388854505291132,
      0.015649920508989702,
      0.00822317325161609,
      0.004674181840550938,
      0.00020318436219094542,
      0.00014673818143491835
    ],
    "rho_weights": {
      "std": [
        0.5550263649003163,
        0.5153643183385065,
        0.36739751686166233,
        0.9570556820541335,
        0.3526199488892577,
        0.44791114627227163,
        0.2202929179415747,
        0.39155952842984104,
        0.4076978761404594,
        0.5584691209800035,
        0.8793517909111281,
        0.07436578273183093
      ],
      "w_eff": [
        4.299777380627504,
        1.9340905415819196,
        2.1384238100922848,
        1.4476026747768,
        1.9799464259013448,
        7.436764254253695,
        7.3579106691143705,
        16.72186123869246,
        11.486000446642496,
        8.632979077194824,
        4.064724291494802,
        6.237839118363662
      ],
      "importance": [
        2.3864898094502873,
        0.9967612535673188,
        0.7856515978257604,
        1.3854363652518984,
        0.6981686075048007,
        3.3310096016794275,
        1.6208956112526491,
        6.547604101091657,
        4.682817987444514,
        4.821252236679754,
        3.57432258528592,
        0.4638817885923479
      ]
    },
    "branch_ablation": {
      "phi": 78.90285703173822,
      "psi": 1221.9855674546616,
      "extras": 18.423849975810413
    },
    "pc_ablation": {
      "k": [
        1,
        2,
        3,
        4,
        6,
        8,
        12
      ],
      "mae_pc": [
        3.399696222996752,
        3.3821530935807393,
        2.045213104925288,
        1.8827498011805868,
        0.15951107741367704,
        0.01697536375582737,
        1.8671195976177814e-14
      ],
      "mae_rand": [
        14.458793640136719,
        13.962916374206543,
        13.615296363830566,
        11.14652156829834,
        6.25372838973999,
        5.677013397216797,
        1.039017454024108e-14
      ],
      "pca_eff_rank": 1.8858401245051026
    },
    "probes": {
      "names": [
        "r_mean",
        "r_var",
        "Pr(r<0.25)",
        "shell_contrast"
      ],
      "R2": [
        0.9935387274122608,
        0.8346374759699662,
        0.009968492167581222,
        0.030383470791532696
      ]
    },
    "pc1_block_power": {
      "phi": 0.44408734024633084,
      "psi": 0.29435437483976296,
      "extras": 0.26155828491290606
    },
    "near_field_grad_share": [
      {
        "q": 0.01,
        "share": 1.0491139792958468,
        "count": 32,
        "frac": 0.029197080291970802
      },
      {
        "q": 0.05,
        "share": 1.0404811544400516,
        "count": 55,
        "frac": 0.05018248175182482
      },
      {
        "q": 0.1,
        "share": 1.0307382861530014,
        "count": 110,
        "frac": 0.10036496350364964
      }
    ],
    "energy_feature_corr": {
      "corr_features": [
        0.10224265642747,
        -0.08381642527029223,
        -0.024556539410944777,
        -0.10733450742721921,
        -0.08877006243170404,
        0.12378797576721366,
        0.12427422972531772,
        0.12450669120146297,
        -0.12438036000726621,
        -0.12278133075799325,
        0.11587145826190026,
        0.12928659622320565
      ],
      "corr_out_base": 0.12501124364155944,
      "corr_cusp": -0.15755176872806517
    }
  },
  "backflow": {
    "bf_kind": "ctnn",
    "pca_dx": {
      "eff_rank": 37.109524809901394,
      "expvar_top8": [
        0.0416195263679435,
        0.03834088806211258,
        0.03657515559869944,
        0.03438176497934241,
        0.03285350856907858,
        0.03250241373998263,
        0.03142384743286259,
        0.0308727906470833
      ]
    },
    "pc_ablation_dx": {
      "kind": 1,
      "k": [
        1,
        2,
        3,
        4,
        6,
        8,
        12
      ],
      "rel_err_pc": [
        0.9789690871685747,
        0.959186939845035,
        0.939927885515874,
        0.9214568166717318,
        0.8852834250574287,
        0.8493704166034975,
        0.7758487806285125
      ],
      "rel_err_rand": [
        0.9872910976409912,
        0.9745948910713196,
        0.9620634913444519,
        0.9490795731544495,
        0.9229524731636047,
        0.8946898579597473,
        0.836238443851471
      ],
      "pca_eff_rank": 37.109524809901394
    },
    "near_field_dx2": {
      "kind": 1,
      "rows": [
        {
          "q": 0.01,
          "share": 1.2803712767376019,
          "count": 11,
          "frac": 0.010036496350364963
        },
        {
          "q": 0.05,
          "share": 1.1128737928443202,
          "count": 55,
          "frac": 0.05018248175182482
        },
        {
          "q": 0.1,
          "share": 1.1052317969550791,
          "count": 110,
          "frac": 0.10036496350364964
        }
      ]
    },
    "probes_dx": {
      "kind": 1,
      "target_names": [
        "r_mean",
        "r_var",
        "Pr(r<0.25)",
        "shell_contrast"
      ],
      "R2": [
        0.0029149204802381146,
        0.0013553175910703263,
        0.00191055908472193,
        0.005536547604507169
      ],
      "pc1_decomposition": {
        "per_particle_share": [
          0.07179424651169258,
          0.02792895968216761,
          0.02448151027767772,
          0.05739285981624582,
          0.03814978828225373,
          0.016251123233493352,
          0.03943373892501374,
          0.07902907450894457,
          0.06171185739001568,
          0.11688645540477963,
          0.031025553186857884,
          0.03207225367308469,
          0.05778444527999004,
          0.05980698350739974,
          0.06886262755814028,
          0.03394105225472523,
          0.025710478099837446,
          0.048017317100699466,
          0.022250445194797436,
          0.0874692301111833
        ],
        "com_energy_frac": 2.053041320714742e-32,
        "rel_energy_frac": 1.0,
        "radial_frac_of_rel": 0.6149848660762303,
        "tangential_frac_of_rel": 0.38501513392376974
      }
    },
    "ctnn_internal": {
      "kind": 1,
      "note": "not_ctnn"
    },
    "ctnn_transport_ablations": {
      "kind": 1,
      "note": "not_ctnn"
    }
  },
  "winsor_pct": 0.0
}