{
  "system": {
    "N": 6,
    "d": 2,
    "omega": 0.001
  },
  "mcmc": {
    "method": "rw",
    "step_sigma": 6.32455532033676,
    "burn_in": 100,
    "mix_steps": 30,
    "target_accept": 0.6,
    "acc_noBF": {
      "burn": 0.6227372193336487,
      "mix": 0.6691909889380138
    },
    "acc_BF": {
      "burn": 0.6229014587402344,
      "mix": 0.6734184821446737
    }
  },
  "energy": {
    "noBF": {
      "mean": 0.14151381363542145,
      "std": 0.003334136002672915,
      "se": 0.00010071126106911349,
      "nfinite": 1096,
      "ntotal": 1096
    },
    "withBF": {
      "mean": 0.14153325011110138,
      "std": 0.0029735686940917587,
      "se": 8.981992720678969e-05,
      "nfinite": 1096,
      "ntotal": 1096
    }
  },
  "pinn": {
    "feature_pca_eff_rank": 1.4939788445788966,
    "rho_in_pca_eff_rank": 1.4939788445788966,
    "rho_in_expvar_top8": [
      0.9136841415787207,
      0.047297810288424086,
      0.017524696530639382,
      0.014284922728346418,
      0.004560411469772523,
      0.0015141890266723202,
      0.0006609374743115843,
      0.00041881380997056634
    ],
    "rho_weights": {
      "std": [
        0.13882706939636166,
        0.1513531800894221,
        0.2234628449523411,
        0.09715348076196485,
        0.11198543196918664,
        0.12435334576772666,
        0.1546315920795039,
        0.24486380718940395,
        0.15484737577830796,
        0.18288029805486042,
        1.0044181441037667,
        0.040296267231489775
      ],
      "w_eff": [
        5.067442240285354,
        3.4711743990546906,
        2.494861141864591,
        4.817814632628085,
        5.8095268081749625,
        8.97068818366987,
        11.085219256358881,
        7.719185088203999,
        3.9696902834395575,
        10.487260501333552,
        0.8572031279521296,
        0.84118453693859
      ],
      "importance": [
        0.7034981555541493,
        0.5253732839419162,
        0.5575087685221077,
        0.46806746122574544,
        0.6505823691500433,
        1.115535089478359,
        1.7141251021611479,
        1.8901490490973063,
        0.6146961230432629,
        1.9179133262628447,
        0.8609903748976218,
        0.0338965968914744
      ]
    },
    "branch_ablation": {
      "phi": 56.54062107635867,
      "psi": 125.41890395133547,
      "extras": 8.005113909222231
    },
    "pc_ablation": {
      "k": [
        1,
        2,
        3,
        4,
        6,
        8,
        12
      ],
      "mae_pc": [
        1.2897280500815065,
        1.2110269920857515,
        1.1805389482358914,
        1.1597543652095519,
        0.1588105556354079,
        0.025190658088422083,
        4.602968452460503e-15
      ],
      "mae_rand": [
        4.878316402435303,
        4.634256362915039,
        4.447812557220459,
        3.5673582553863525,
        3.5710737705230713,
        3.180530548095703,
        5.833668373670872e-15
      ],
      "pca_eff_rank": 1.4939788445788966
    },
    "probes": {
      "names": [
        "r_mean",
        "r_var",
        "Pr(r<0.25)",
        "shell_contrast"
      ],
      "R2": [
        0.9906734032488287,
        0.6792974990827746,
        0.0,
        0.03074940610539545
      ]
    },
    "pc1_block_power": {
      "phi": 0.00952090876306074,
      "psi": 0.12809619140341172,
      "extras": 0.8623828998325274
    },
    "near_field_grad_share": [
      {
        "q": 0.01,
        "share": 1.088038858805429,
        "count": 32,
        "frac": 0.029197080291970802
      },
      {
        "q": 0.05,
        "share": 1.1079195494091978,
        "count": 55,
        "frac": 0.05018248175182482
      },
      {
        "q": 0.1,
        "share": 1.1121999943876562,
        "count": 110,
        "frac": 0.10036496350364964
      }
    ],
    "energy_feature_corr": {
      "corr_features": [
        -0.14867243616679368,
        0.16680057342145968,
        0.0983823665123947,
        0.17992305134593276,
        0.03230956274856229,
        0.08732082160234046,
        0.08945664838976665,
        0.0675587856848008,
        0.07061192511708216,
        0.09561383985797425,
        -0.03273371248683164,
        -0.03767902593268612
      ],
      "corr_out_base": -0.08584371618865898,
      "corr_cusp": 0.16500656702123057
    }
  },
  "backflow": {
    "bf_kind": "ctnn",
    "pca_dx": {
      "eff_rank": 9.773882611378854,
      "expvar_top8": [
        0.15079152011799862,
        0.13268915773090037,
        0.10158789480447694,
        0.09647072041687442,
        0.0946599535214082,
        0.09137643197196457,
        0.08741799939895822,
        0.08444004161796785
      ]
    },
    "pc_ablation_dx": {
      "kind": 1,
      "k": [
        1,
        2,
        3,
        4,
        6,
        8,
        12
      ],
      "rel_err_pc": [
        0.9215250836963048,
        0.8464746435364864,
        0.7841756355215251,
        0.7200421563551606,
        0.5765625043609877,
        0.4007072253129177,
        9.272460313193215e-16
      ],
      "rel_err_rand": [
        0.9581907391548157,
        0.91450434923172,
        0.8711738586425781,
        0.8185648918151855,
        0.714893639087677,
        0.5720301270484924,
        5.783785544615882e-16
      ],
      "pca_eff_rank": 9.773882611378854
    },
    "near_field_dx2": {
      "kind": 1,
      "rows": [
        {
          "q": 0.01,
          "share": 1.1230669433237614,
          "count": 11,
          "frac": 0.010036496350364963
        },
        {
          "q": 0.05,
          "share": 1.1301342260303986,
          "count": 55,
          "frac": 0.05018248175182482
        },
        {
          "q": 0.1,
          "share": 1.1057150755868175,
          "count": 110,
          "frac": 0.10036496350364964
        }
      ]
    },
    "probes_dx": {
      "kind": 1,
      "target_names": [
        "r_mean",
        "r_var",
        "Pr(r<0.25)",
        "shell_contrast"
      ],
      "R2": [
        0.0016501991628858903,
        0.0025757261319684366,
        0.0,
        0.0007020271196683803
      ],
      "pc1_decomposition": {
        "per_particle_share": [
          0.18026389689041186,
          0.1573323692743807,
          0.16098833318440328,
          0.17151791060912847,
          0.14162665664121724,
          0.1882708333994583
        ],
        "com_energy_frac": 2.567906592513743e-32,
        "rel_energy_frac": 1.0,
        "radial_frac_of_rel": 0.20516084826083034,
        "tangential_frac_of_rel": 0.7948391517391696
      }
    },
    "ctnn_internal": {
      "kind": 1,
      "note": "not_ctnn"
    },
    "ctnn_transport_ablations": {
      "kind": 1,
      "note": "not_ctnn"
    }
  },
  "winsor_pct": 0.0
}