{
  "system": {
    "N": 12,
    "d": 2,
    "omega": 0.1
  },
  "mcmc": {
    "method": "rw",
    "step_sigma": 0.6324555320336759,
    "burn_in": 100,
    "mix_steps": 30,
    "target_accept": 0.6,
    "acc_noBF": {
      "burn": 0.6237591195106507,
      "mix": 0.6441605746746063
    },
    "acc_BF": {
      "burn": 0.6301459860801697,
      "mix": 0.6507603367169698
    }
  },
  "energy": {
    "noBF": {
      "mean": 12.333250733495595,
      "std": 0.28055112092994294,
      "se": 0.008474356523116238,
      "nfinite": 1096,
      "ntotal": 1096
    },
    "withBF": {
      "mean": 12.268823642822884,
      "std": 0.12009892821694604,
      "se": 0.003627720796056605,
      "nfinite": 1096,
      "ntotal": 1096
    }
  },
  "pinn": {
    "feature_pca_eff_rank": 2.510320400320832,
    "rho_in_pca_eff_rank": 2.510320400320832,
    "rho_in_expvar_top8": [
      0.7663492167914028,
      0.0948773686222519,
      0.04089831531823913,
      0.03367516510116681,
      0.03043061774560628,
      0.021478993134602543,
      0.01104412067688643,
      0.0006601604667668995
    ],
    "rho_weights": {
      "std": [
        0.16523322402957216,
        0.16745102042178778,
        0.2550085053639006,
        0.23967110844958983,
        0.28421916744382597,
        0.7055702851714819,
        0.08050200014109186,
        0.20151315015518576,
        0.05677337261719368,
        0.17803826435570208,
        0.37356499049433034,
        0.11806460908384271
      ],
      "w_eff": [
        0.18792393958253029,
        0.3736136887312377,
        0.14584704263354875,
        0.18840652460432564,
        0.1264828188419413,
        3.166880907564942,
        5.459957585548354,
        2.803946447545035,
        8.778135698838062,
        3.587362259317007,
        0.2583102347644573,
        5.27862901618363
      ],
      "importance": [
        0.03105127840956001,
        0.06256199342159394,
        0.03719223635372635,
        0.04515560059105365,
        0.03594884146720482,
        2.2344570650547175,
        0.4395375063221692,
        0.5650320815112423,
        0.49836436891442315,
        0.63868775026395,
        0.09649566039437273,
        0.6232192712943495
      ]
    },
    "branch_ablation": {
      "phi": 1.3000848109622225,
      "psi": 182.60931116565808,
      "extras": 11.752166789577013
    },
    "pc_ablation": {
      "k": [
        1,
        2,
        3,
        4,
        6,
        8,
        12
      ],
      "mae_pc": [
        0.33751977747751816,
        0.21779142321665929,
        0.18835102506048476,
        0.16846838361200284,
        0.15871323847140573,
        0.1489846111810979,
        4.4603412609758115e-15
      ],
      "mae_rand": [
        2.796895742416382,
        2.5045478343963623,
        2.004002809524536,
        2.526508092880249,
        2.3334338665008545,
        1.697074294090271,
        4.302587288323523e-15
      ],
      "pca_eff_rank": 2.510320400320832
    },
    "probes": {
      "names": [
        "r_mean",
        "r_var",
        "Pr(r<0.25)",
        "shell_contrast"
      ],
      "R2": [
        0.9681415019242173,
        0.6899134326134337,
        0.009269809028594422,
        0.025294817383805124
      ]
    },
    "pc1_block_power": {
      "phi": 0.0631147421571673,
      "psi": 0.748413488090826,
      "extras": 0.18847176975100674
    },
    "near_field_grad_share": [
      {
        "q": 0.01,
        "share": 1.0469707879443337,
        "count": 32,
        "frac": 0.029197080291970802
      },
      {
        "q": 0.05,
        "share": 1.0624954983854606,
        "count": 55,
        "frac": 0.05018248175182482
      },
      {
        "q": 0.1,
        "share": 1.0911347044357227,
        "count": 110,
        "frac": 0.10036496350364964
      }
    ],
    "energy_feature_corr": {
      "corr_features": [
        -0.01610519658431581,
        -0.09870871273305294,
        -0.0033802845484386668,
        -0.03717881598249273,
        -0.030811139291603014,
        0.07704726325200531,
        -0.025017942336095923,
        -0.09253386730659245,
        -0.027932851466164504,
        0.1535201439091898,
        -0.015755756922343878,
        0.022058490761640615
      ],
      "corr_out_base": 0.08066232621415306,
      "corr_cusp": 0.04231104047368986
    }
  },
  "backflow": {
    "bf_kind": "ctnn",
    "pca_dx": {
      "eff_rank": 21.712094095488688,
      "expvar_top8": [
        0.05981592643587639,
        0.056947637009132045,
        0.05597541286428547,
        0.05504609016811556,
        0.05231234845786305,
        0.05159561916926823,
        0.04947653581765223,
        0.04843548147348441
      ]
    },
    "pc_ablation_dx": {
      "kind": 1,
      "k": [
        1,
        2,
        3,
        4,
        6,
        8,
        12
      ],
      "rel_err_pc": [
        0.9696308955286799,
        0.9398065952919998,
        0.9095389071885788,
        0.878757607945122,
        0.8175004378554861,
        0.7552449593360315,
        0.6218102256503016
      ],
      "rel_err_rand": [
        0.9800455570220947,
        0.9566858410835266,
        0.9359272122383118,
        0.9130440354347229,
        0.8663850426673889,
        0.8143434524536133,
        0.7085956931114197
      ],
      "pca_eff_rank": 21.712094095488688
    },
    "near_field_dx2": {
      "kind": 1,
      "rows": [
        {
          "q": 0.01,
          "share": 0.9258025034543358,
          "count": 11,
          "frac": 0.010036496350364963
        },
        {
          "q": 0.05,
          "share": 1.0982674331696203,
          "count": 55,
          "frac": 0.05018248175182482
        },
        {
          "q": 0.1,
          "share": 1.162872135123355,
          "count": 110,
          "frac": 0.10036496350364964
        }
      ]
    },
    "probes_dx": {
      "kind": 1,
      "target_names": [
        "r_mean",
        "r_var",
        "Pr(r<0.25)",
        "shell_contrast"
      ],
      "R2": [
        0.002704321026508527,
        0.002352703349734475,
        0.0021221348621651703,
        0.001390245429037762
      ],
      "pc1_decomposition": {
        "per_particle_share": [
          0.1904682915514584,
          0.08720376546737973,
          0.17926915890538164,
          0.020688951744808712,
          0.05753447750435211,
          0.010653145912532498,
          0.09107892086417721,
          0.06754243996631921,
          0.06977230835726467,
          0.03541379525988721,
          0.09066493651416084,
          0.09970980795127769
        ],
        "com_energy_frac": 5.1358131850274954e-33,
        "rel_energy_frac": 1.0,
        "radial_frac_of_rel": 0.5952183399384521,
        "tangential_frac_of_rel": 0.4047816600615479
      }
    },
    "ctnn_internal": {
      "kind": 1,
      "note": "not_ctnn"
    },
    "ctnn_transport_ablations": {
      "kind": 1,
      "note": "not_ctnn"
    }
  },
  "winsor_pct": 0.0
}