{
  "system": {
    "N": 20,
    "d": 2,
    "omega": 0.001
  },
  "mcmc": {
    "method": "rw",
    "step_sigma": 6.32455532033676,
    "burn_in": 100,
    "mix_steps": 30,
    "target_accept": 0.6,
    "acc_noBF": {
      "burn": 0.5937773633003235,
      "mix": 0.5698905050754547
    },
    "acc_BF": {
      "burn": 0.590967149734497,
      "mix": 0.5685827175776164
    }
  },
  "energy": {
    "noBF": {
      "mean": 0.5977434962535421,
      "std": 0.3081174947250266,
      "se": 0.009307029295246641,
      "nfinite": 1096,
      "ntotal": 1096
    },
    "withBF": {
      "mean": 0.5850865341726523,
      "std": 0.3145540621160671,
      "se": 0.00950145292355345,
      "nfinite": 1096,
      "ntotal": 1096
    }
  },
  "pinn": {
    "feature_pca_eff_rank": 3.002590300805827,
    "rho_in_pca_eff_rank": 3.002590300805827,
    "rho_in_expvar_top8": [
      0.6330479221885851,
      0.19399248454182902,
      0.10363030536923666,
      0.03184672113459329,
      0.028623162103912855,
      0.00791815976082818,
      0.0006907461973035702,
      0.00023102875855618882
    ],
    "rho_weights": {
      "std": [
        0.6464768375834169,
        0.6526801496134769,
        0.4416771314174409,
        0.9605797682436644,
        0.45378659293654056,
        0.2132022580898394,
        0.2593627926701991,
        0.28073211590698216,
        0.3806646963169151,
        0.3461989297069175,
        0.8939855808744115,
        0.031250014042385435
      ],
      "w_eff": [
        23.984221588402395,
        4.46656744330355,
        2.341835375252727,
        10.113922534895066,
        10.287751240409927,
        55.07377997139122,
        19.408681636320875,
        5.898244562316368,
        25.18015648746192,
        45.86063315008335,
        14.022488360192845,
        8.396877291674919
      ],
      "importance": [
        15.505243724370297,
        2.915239907154046,
        1.0343351307935107,
        9.715229364603877,
        4.668443584364289,
        11.741854251443579,
        5.033889871242992,
        1.6558266761159257,
        9.585196622512091,
        15.876902112240437,
        12.535902401991676,
        0.2624025332770286
      ]
    },
    "branch_ablation": {
      "phi": 193.79120018114338,
      "psi": 1221.8935735373777,
      "extras": 136.7984486125882
    },
    "pc_ablation": {
      "k": [
        1,
        2,
        3,
        4,
        6,
        8,
        12
      ],
      "mae_pc": [
        12.189209551323678,
        11.756680613511117,
        8.358101482171536,
        7.304252961358683,
        0.4392856752288812,
        0.1829351768811695,
        3.568273008780649e-14
      ],
      "mae_rand": [
        56.36905288696289,
        54.77065658569336,
        49.81727600097656,
        41.36086654663086,
        20.29473876953125,
        22.517534255981445,
        3.545798163005938e-14
      ],
      "pca_eff_rank": 3.002590300805827
    },
    "probes": {
      "names": [
        "r_mean",
        "r_var",
        "Pr(r<0.25)",
        "shell_contrast"
      ],
      "R2": [
        0.968496179559553,
        0.724355588284084,
        0.01293690059215069,
        0.062020286715946615
      ]
    },
    "pc1_block_power": {
      "phi": 0.46713151546345333,
      "psi": 0.18573608657895782,
      "extras": 0.34713239795658873
    },
    "near_field_grad_share": [
      {
        "q": 0.01,
        "share": 1.0163744654889015,
        "count": 32,
        "frac": 0.029197080291970802
      },
      {
        "q": 0.05,
        "share": 1.0345081756070058,
        "count": 55,
        "frac": 0.05018248175182482
      },
      {
        "q": 0.1,
        "share": 1.0137704082777708,
        "count": 110,
        "frac": 0.10036496350364964
      }
    ],
    "energy_feature_corr": {
      "corr_features": [
        0.5489461621816089,
        0.13552738306007414,
        0.12604548492767884,
        -0.5472397775841535,
        -0.34863479539057,
        0.633844910227537,
        0.6230165763080071,
        0.6408973367782378,
        -0.6432965391369447,
        -0.6386207983617935,
        0.6681343152147894,
        0.6648431305379607
      ],
      "corr_out_base": 0.680859642017862,
      "corr_cusp": -0.6570051958479003
    }
  },
  "backflow": {
    "bf_kind": "ctnn",
    "pca_dx": {
      "eff_rank": 36.99561271112474,
      "expvar_top8": [
        0.03853756961473764,
        0.03745544681363266,
        0.03565165161448966,
        0.03515794097714091,
        0.03432472519441184,
        0.033391371414707056,
        0.0330616601002875,
        0.03257120358431516
      ]
    },
    "pc_ablation_dx": {
      "kind": 1,
      "k": [
        1,
        2,
        3,
        4,
        6,
        8,
        12
      ],
      "rel_err_pc": [
        0.980541906491104,
        0.9612528197990066,
        0.9425260378138217,
        0.923686846815441,
        0.8862738258409093,
        0.8484388196482023,
        0.7717141133687728
      ],
      "rel_err_rand": [
        0.9875576496124268,
        0.9743916392326355,
        0.961618185043335,
        0.9483329653739929,
        0.9223996996879578,
        0.8945214152336121,
        0.8357040286064148
      ],
      "pca_eff_rank": 36.99561271112474
    },
    "near_field_dx2": {
      "kind": 1,
      "rows": [
        {
          "q": 0.01,
          "share": 1.0334995061054415,
          "count": 11,
          "frac": 0.010036496350364963
        },
        {
          "q": 0.05,
          "share": 1.011231251998365,
          "count": 55,
          "frac": 0.05018248175182482
        },
        {
          "q": 0.1,
          "share": 1.0033656128102066,
          "count": 110,
          "frac": 0.10036496350364964
        }
      ]
    },
    "probes_dx": {
      "kind": 1,
      "target_names": [
        "r_mean",
        "r_var",
        "Pr(r<0.25)",
        "shell_contrast"
      ],
      "R2": [
        0.009458948437655823,
        0.006999379891676538,
        0.0036522887820255034,
        0.003952116764319391
      ],
      "pc1_decomposition": {
        "per_particle_share": [
          0.16633858206649066,
          0.01079928994409887,
          0.08415389426842648,
          0.002472961420195828,
          0.046756402311840514,
          0.046454487773007,
          0.006968412628744375,
          0.01989904551670812,
          0.0836044579911789,
          0.09956556330658595,
          0.007081183856098276,
          0.023866049912201585,
          0.023776797374954743,
          0.012875826317160314,
          0.12453639672166004,
          0.09495413005742642,
          0.040179166339509916,
          0.024772539046301764,
          0.029541715094570133,
          0.05140309805184013
        ],
        "com_energy_frac": 5.053640174067055e-32,
        "rel_energy_frac": 1.0,
        "radial_frac_of_rel": 0.32634879142541795,
        "tangential_frac_of_rel": 0.673651208574582
      }
    },
    "ctnn_internal": {
      "kind": 1,
      "note": "not_ctnn"
    },
    "ctnn_transport_ablations": {
      "kind": 1,
      "note": "not_ctnn"
    }
  },
  "winsor_pct": 0.0
}